ts_event,symbol,ofi_1,ofi_2,ofi_3,ofi_4,ofi_5,ofi_6,ofi_7,ofi_8,ofi_9,ofi_10,ofi_integrated
2024-10-21T11:54:29.221064336Z,AAPL,-2.0,-2.0,-2.0,-2.0,-2.0,-2.0,-2.0,-2.0,-2.0,-2.0,-2.0
2024-10-21T11:54:29.223769812Z,AAPL,0.011764705882352941,0.0,0.0,0.0,0.0,0.0,0.0,0.0,0.0,0.0,0.0004934925242310743
2024-10-21T11:54:29.225030400Z,AAPL,0.017578125,0.0,0.0,0.0,0.0,0.0,0.0,0.0,0.0,0.0,0.000737347228587445
2024-10-21T11:54:29.712434212Z,AAPL,0.0,0.0,1.550387596899225,0.0,0.0,0.0,0.0,0.0,0.0,0.0,0.14258382009594217
2024-10-21T11:54:29.764673165Z,AAPL,0.0,0.0,-1.6129032258064515,0.0,0.0,0.0,0.0,0.0,0.0,0.0,-0.14833316768045596
2024-10-21T11:54:29.764685027Z,AAPL,0.0,10.526315789473685,0.09538950715421304,0.0,0.0,0.0,0.0,0.0,0.0,0.0,0.945382782038529
2024-10-21T11:54:36.289427977Z,AAPL,0.0,0.0,0.0,0.0,0.0,0.0,-1.9047619047619047,-2.2690437601296596,-0.36798088410991636,-0.7380952380952381,-0.5600884542182589
2024-10-21T11:54:37.990793976Z,AAPL,-1.1661807580174928,0.0,0.0,0.0,0.0,0.0,0.0,0.0,0.0,0.0,-0.048917626308619615
2024-10-21T11:54:39.124291588Z,AAPL,0.006230529595015576,0.0864345738295318,1.8569463548830814,0.3524645509790682,1.1479591836734693,2.5899280575539567,1.9047619047619047,0.46643109540636046,1.345875542691751,1.9972260748959778,1.3539947239296182
2024-10-21T11:54:39.134140341Z,AAPL,-1.2372409526755335,-0.009675858732462506,-0.10869565217391305,-1.8083182640144664,-1.3302752293577982,-0.32786885245901637,-1.9047619047619047,-1.99203187250996,-0.3969327920613442,-0.8125819134993447,-0.959300215204857
2024-10-21T11:54:41.233181043Z,AAPL,-0.018466703973139337,0.0,0.0,0.0,0.0,0.0,0.0,0.0,0.0,0.0,-0.000774620330424266
2024-10-21T11:54:41.234620509Z,AAPL,0.006128702757916242,0.0,0.0,0.0,0.0,0.0,0.0,0.0,0.0,0.0,0.0002570798645126128
2024-10-21T11:54:41.235907431Z,AAPL,-0.00610758750293634,0.0,0.0,0.0,0.0,0.0,0.0,0.0,0.0,0.0,-0.0002561941457718286
2024-10-21T11:54:41.235977207Z,AAPL,-0.012184508268059183,0.0,0.0,0.0,0.0,0.0,0.0,0.0,0.0,0.0,-0.0005111019180461083
2024-10-21T11:54:41.238618235Z,AAPL,0.012505210504376823,1.0942009971136184,6.147540983606557,0.1185302252074279,1.2556053811659191,0.21377672209026127,1.0153846153846153,0.08675534991324466,1.1197828299966066,0.6109979633401222,1.1205434961556324
2024-10-21T11:54:41.239827037Z,AAPL,0.019188486907855285,0.0,0.0,0.0,0.0,0.0,0.0,0.0,0.0,0.0,0.0008048968614282563
2024-10-21T11:54:50.970297264Z,AAPL,0.0,0.0,0.0,0.0,1.0911424903722722,2.88135593220339,1.7571059431524547,0.4019344438473939,1.5656565656565657,2.4007060900264783,1.2379139161036932
2024-10-21T11:54:50.970336474Z,AAPL,0.0,0.0,0.0,-0.34342105263157896,0.0,0.0,0.0,0.0,0.0,0.0,-0.03577750871186775
2024-10-21T11:54:53.247532557Z,AAPL,-0.020302760463045414,0.0,0.0,0.0,0.0,0.0,0.0,0.0,0.0,0.0,-0.0008516371433302067
2024-10-21T11:54:53.248893986Z,AAPL,-0.9338259993281828,-3.3528918692372174,-0.1110494169905608,-0.3259604190919674,-0.6486486486486487,-1.4193548387096775,-0.0851063829787234,-1.104417670682731,-0.963623223319682,-0.3089887640449438,-0.8904585022082789
2024-10-21T11:54:53.251320969Z,AAPL,0.020144367970454925,0.0,0.0,0.0,0.0,0.0,0.0,0.0,0.0,0.0,0.0008449930748962494
2024-10-21T11:54:53.252546517Z,AAPL,0.013422818791946308,0.0,0.0,0.0,0.0,0.0,0.0,0.0,0.0,0.0,0.0005630451618743801
2024-10-21T11:54:55.503497741Z,AAPL,0.0,0.0,0.0,-0.17094017094017094,-4.365079365079366,-0.11347517730496454,-0.9166666666666666,-1.0065425264217414,-0.535801266439357,-0.005660911406736484,-0.6462218564729364
2024-10-21T11:54:55.503541005Z,AAPL,0.0,0.0,0.0,0.3052572074618428,0.597609561752988,1.1891891891891893,0.08333333333333333,1.1071967790639154,0.9741841207988309,0.31135012737050666,0.5049535612266838
2024-10-21T11:54:55.551806996Z,AAPL,0.0,2.380243975007438,0.0,0.0,0.0,0.0,0.0,0.0,0.0,0.0,0.21178926033589085
2024-10-21T11:54:58.132928650Z,AAPL,0.0,0.0,0.0,0.0,0.0,1.9753086419753085,0.3789836347975883,1.517747858017136,3.6773155596414617,0.005999700014999249,0.797637200915104
2024-10-21T11:54:58.133944065Z,AAPL,0.0,-1.1557353366079166,0.0,0.0,0.0,0.0,0.0,0.0,0.0,0.0,-0.10283497601689238
2024-10-21T11:55:09.125042325Z,AAPL,0.0,-0.059417706476530004,-0.43742405832320774,-0.16492578339747113,-4.062788550323177,-0.09302325581395349,-0.9927797833935018,-1.0037641154328734,-0.438421681944998,-0.006344171292624901,-0.6609172361831305
2024-10-21T11:55:09.125055670Z,AAPL,0.0,2.3104693140794224,0.17189514396218308,0.28518616318986006,0.554016620498615,1.0232558139534884,0.09354536950420954,1.07421875,0.7600228006840206,0.372502539790044,0.6851913376826689
2024-10-21T11:55:09.160009889Z,AAPL,0.0,0.0,0.0,0.30639197041732696,0.0,0.0,0.0,0.0,0.0,0.0,0.03191982933734752
2024-10-21T11:55:09.160051447Z,AAPL,0.0,0.0,-0.4587935429056924,0.0,0.0,0.0,0.0,0.0,0.0,0.0,-0.04219366570893514
2024-10-21T11:55:13.899151539Z,AAPL,0.0,2.12624584717608,0.0,0.0,0.0,0.0,0.0,0.0,0.0,0.0,0.1891890243159945
2024-10-21T11:55:22.016715475Z,AAPL,0.0,0.0,0.0,-0.15910898965791567,-3.78657487091222,-0.08163265306122448,-1.1727078891257996,-1.0240655401945724,-0.331225534477567,-0.007639419404125286,-0.5998878462163663
2024-10-21T11:55:22.060173668Z,AAPL,0.0,0.0,0.0,0.2864721485411141,0.5181347150259068,0.8669950738916257,0.11123470522803114,1.1396011396011396,0.5715918833952558,0.4329004329004329,0.43941968262593684
2024-10-21T11:55:22.132778490Z,AAPL,0.0,1.9079418077748629,0.0,0.0,0.0,0.0,0.0,0.0,0.0,0.0,0.16976477557570457
2024-10-21T11:55:26.447978801Z,AAPL,-1.2397334573066792,0.0,0.0,0.0,0.0,0.0,0.0,0.0,0.0,0.0,-0.05200293142369915
2024-10-21T11:55:30.365285173Z,AAPL,0.0,-0.04485310607759588,-0.7923697725605282,-0.15752165922814387,-3.6484245439469323,-0.07130124777183601,-1.5027322404371584,-0.9587727708533078,-0.27918781725888325,-0.009555661729574772,-0.6852939900533013
2024-10-21T11:55:30.365297270Z,AAPL,0.0,1.70593879944557,0.4,0.2844350803265736,0.5029337803855826,0.7712532865907099,0.14970059880239522,1.003878621948437,0.4929143561306223,0.5879208979155532,0.6210155383992764
2024-10-21T11:55:30.377046532Z,AAPL,0.0,0.0,0.0,-0.1590246488205672,-3.450980392156863,-0.07017543859649122,-1.7488076311605725,-0.8726003490401396,-0.26490066225165565,-0.012330456226880395,-0.6066903446361012
2024-10-21T11:55:30.377110788Z,AAPL,0.0,0.0,1.7291066282420748,0.0,0.0,0.0,0.0,0.0,0.0,0.0,0.1590199953231401
2024-10-21T11:55:30.509413271Z,AAPL,0.0,0.0,1.4917127071823204,0.0,0.0,0.0,0.0,0.0,0.0,0.0,0.13718769209783607
2024-10-21T11:55:30.509458075Z,AAPL,0.0,0.0,0.0,0.0,-0.6914212548015365,-0.19138755980861244,-3.1948881789137378,-0.3685092127303182,-0.7159353348729792,-7.005253940455341,-1.6153354958188881
2024-10-21T11:55:30.559949308Z,AAPL,0.0,1.5037593984962405,0.0,0.0,0.0,0.0,0.0,0.0,0.0,0.0,0.13380144811821978
2024-10-21T11:55:31.194923125Z,AAPL,0.0,0.0,1.3483146067415732,0.4441976679622432,0.3831417624521073,0.9025641025641026,0.1597444089456869,0.9212730318257956,0.4618937644341801,0.9632224168126094,0.631166178430312
2024-10-21T11:55:31.195023714Z,AAPL,0.0,0.0,0.0,-0.3374578177727784,0.0,0.0,0.0,0.0,0.0,0.0,-0.03515626058081467
2024-10-21T11:55:34.079261198Z,AAPL,-0.8248034416258715,0.0,0.0,0.0,0.0,0.0,0.0,0.0,0.0,0.0,-0.03459791825420646
2024-10-21T11:55:35.302921978Z,AAPL,-0.012121212121212121,0.0,0.0,0.0,0.0,0.0,0.0,0.0,0.0,0.0,-0.0005084468431471675
2024-10-21T11:55:35.303067914Z,AAPL,-2.3337222870478413,-0.09594030381096207,-0.47904191616766467,-0.17467248908296942,-2.795425667090216,-0.09580838323353294,-1.4804845222072678,-0.9002925950934053,-0.277602523659306,-0.011490950876185003,-0.6833126559406971
2024-10-21T11:55:35.304531207Z,AAPL,0.011915400655347037,1.421337834236475,1.2676056338028168,0.11802891708468576,0.3807106598984772,1.1,0.1278772378516624,1.0156971375807942,0.5208333333333334,0.5670103092783505,0.6930154723637071
2024-10-21T11:55:35.305736838Z,AAPL,-2.2955523672883786,-0.0992282249173098,-0.4694835680751174,-0.17767249037607344,-2.630005977286312,-0.10738255033557047,-1.3002364066193854,-0.949893137022085,-0.2976995940460081,-0.009467455621301775,-0.6573234446933741
2024-10-21T11:55:35.374212373Z,AAPL,-0.15759521377498906,-0.03811701924909472,-0.7228915662650602,-1.2716763005780347,-0.23952095808383234,-1.2394366197183098,-1.1019283746556474,-0.5438813349814586,-0.005676979846721544,-0.4329941545789132,-0.6369584854782326
2024-10-21T11:55:35.374226300Z,AAPL,0.0,0.0,8.056394763343404,0.1740139211136891,2.490096208262592,0.12213740458015267,1.1322696860524961,1.0193679918450562,0.3256364712847839,0.008058017727639002,1.2320446702455523
2024-10-21T11:55:38.243671650Z,AAPL,1.2145015105740182,0.033609914924902846,4.622496147919876,0.324812030075188,0.5659309564233164,2.4427480916030535,0.45290787442099845,1.580020387359837,2.3682652457075193,0.008058017727639002,1.3213162662693148
2024-10-21T11:55:38.243683612Z,AAPL,-1.1933174224343677,0.0,0.0,0.0,0.0,0.0,0.0,0.0,0.0,0.0,-0.050055924295514705
2024-10-21T11:55:38.298336797Z,AAPL,0.0,0.0,4.192872117400419,0.0,0.0,0.0,0.0,0.0,0.0,0.0,0.3856040417689002
2024-10-21T11:55:38.572413983Z,AAPL,-1.199220506670664,-1.009416195856874,-0.1545147271849348,-1.9717384160368057,-0.5258033106134372,-0.35714285714285715,-1.842468908337172,-0.4652392281258261,-0.972396486825596,-3.0763314747164006,-1.2592898349554824
2024-10-21T11:55:44.733510979Z,AAPL,0.1769371568029286,0.13530443497870207,0.1973359644795264,2.4783147459727384,0.3059663437021928,1.614678899082569,0.09095043201455207,1.1950027159152634,0.6476683937823834,0.38910505836575876,0.79660112964313
2024-10-21T11:55:44.791957886Z,AAPL,0.0,-0.052687038988408846,-3.65296803652968,-0.18656716417910446,-2.137998056365403,-0.16326530612244897,-0.9454232917920069,-1.1232799775344005,-0.37376826367652055,-0.006667777962993833,-0.8044023897720846
2024-10-21T11:55:51.293948230Z,AAPL,-0.6424670735624799,-1.1109568115539508,-3.1578947368421053,-0.1040988939492518,-2.748511223087494,-0.47430830039525695,-0.21574973031283712,-2.218524681087077,-0.3182640144665461,-1.0076385503006664,-1.1558875857837667
2024-10-21T11:55:51.294217665Z,AAPL,1.3091147111765669,1.1804434003817355,0.11944755505785742,1.951854261548471,0.494279176201373,0.4757373929590866,1.6697975370486329,0.5035765379113019,1.173131504257332,2.4420024420024418,1.1919658127563557
2024-10-21T11:55:51.365188500Z,AAPL,0.0,0.0,-0.2260738507912585,-1.3884506153360683,-0.19166267369429804,-2.1706956092747904,-0.8102086287218959,-0.6588799041629231,-0.008022462896109105,-0.2857142857142857,-0.6806110563645978
2024-10-21T11:55:51.401597368Z,AAPL,0.0,0.0,2.842928216062545,0.18933417481855477,2.1082894106372785,0.1973359644795264,0.8912294915940855,1.1979634621144055,0.4412354592860008,0.005714285714285714,0.7356057109060585
2024-10-21T11:55:53.213328704Z,AAPL,0.0,0.0,0.0,0.0,0.0,0.0,-0.21834977955070334,-2.2889842632331905,-0.36102564102564105,-0.9178386380458919,-0.42255141553223313
2024-10-21T11:55:53.213365167Z,AAPL,0.0,0.0,0.0,0.0,0.45871559633027525,0.5394190871369294,1.645075056549455,0.5050215208034433,1.2836438923395446,2.387703327861513,0.8226988694377788
2024-10-21T11:55:54.691386316Z,AAPL,0.0,0.0,2.272727272727273,0.0,0.0,0.0,0.0,0.0,0.0,0.0,0.20901491809518796
2024-10-21T11:55:54.691398035Z,AAPL,1.4457831325301205,0.0748013090229079,1.486988847583643,0.3301419610432486,0.4393747359526827,4.201680672268908,0.35867128591807623,1.7337807606263982,3.20962888665998,0.006457862447529868,1.3668024945220008
2024-10-21T11:55:54.691407713Z,AAPL,0.0,-2.0581425263699513,-0.07259528130671507,-1.977587343441002,-0.4065040650406504,-0.5761772853185596,-1.597763131615738,-0.4935501962983735,-1.2550607287449393,-2.6058631921824102,-1.2455012203173093
2024-10-21T11:55:54.745856609Z,AAPL,0.0,0.0,-1.7398869073510221,0.0,0.0,0.0,0.0,0.0,0.0,0.0,-0.16001142055134004
2024-10-21T11:55:54.745868744Z,AAPL,0.0,0.0,1.6767973171242925,0.0,0.0,0.0,0.0,0.0,0.0,0.0,0.15420928771642456
2024-10-21T11:55:54.762492206Z,AAPL,-0.08235536339304098,-2.191780821917808,-0.12562814070351758,-1.4039566049776644,-0.16333197223356472,-2.433628318584071,-0.7847753580537571,-0.6266021076616348,-0.008262755629002272,-0.32599837000814996,-0.9071085055673822
2024-10-21T11:55:54.762530320Z,AAPL,0.23050010290183168,0.10961907371882708,1.612578109252167,0.19743336623889438,1.7275225755791128,0.23405500292568754,0.8615625611905229,1.124859392575928,0.449438202247191,0.006572461386789352,0.6061029510738521
2024-10-21T11:55:55.306692496Z,AAPL,0.0,0.0,-0.12562814070351758,-1.4039566049776644,-0.16359918200409,-2.430939226519337,-0.7847753580537571,-0.6266021076616348,-0.008262755629002272,-0.32599837000814996,-0.7082749300312312
2024-10-21T11:55:55.306705027Z,AAPL,0.0,0.0,3.3098882912701697,0.184218606079214,1.7995910020449897,0.24449877750611249,0.8376166000380736,1.1764705882352942,0.4786771105308964,0.006121824303642486,0.7542672788543511
2024-10-21T11:55:55.361082355Z,AAPL,-1.645075056549455,0.08333333333333333,1.1918951132300357,0.30721966205837176,0.42518397383483236,4.88997555012225,0.33504664001522944,1.8235294117647058,3.4812880765883376,0.006121824303642486,1.3356618343826223
2024-10-21T11:55:55.706105479Z,AAPL,0.0,0.0,1.5891934843067144,0.0,0.0,0.0,0.0,0.0,0.0,0.0,0.14615266422230067
2024-10-21T11:55:58.151580102Z,AAPL,0.0,0.0,1.4880952380952381,0.0,0.0,0.0,0.0,0.0,0.0,0.0,0.13685500589565877
2024-10-21T11:56:07.493655598Z,AAPL,0.0,0.0,0.0,0.0,0.0,0.0,0.0,0.0221606648199446,0.0,0.0,0.0021566159488192733
2024-10-21T11:56:10.953492365Z,AAPL,1.5191796429927837,0.0,0.0,0.0,0.0,0.0,0.0,0.0,0.0,0.0,0.06372482272638255
2024-10-21T11:56:10.953504236Z,AAPL,0.0,-2.4600246002460024,0.0,0.0,0.0,0.0,0.0,0.0,0.0,0.0,-0.21888797785637432
2024-10-21T11:56:11.008155483Z,AAPL,0.0,0.0,-1.2230545788105793,0.0,0.0,0.0,0.0,0.0,0.0,0.0,-0.11248012715105665
2024-10-21T11:56:11.008167451Z,AAPL,0.0,0.0,2.2637238256932655,0.0,0.0,0.0,0.0,0.0,0.0,0.0,0.2081869020076575
2024-10-21T11:56:11.038752302Z,AAPL,-0.07479431563201197,-4.368004368004368,-0.08540925266903915,-1.8843683083511777,-0.16583747927031509,-1.5947807176513231,-0.9017132551848511,-0.5501375343835959,-0.006272541947624275,-0.508646998982706,-1.0608753485413944
2024-10-21T11:56:11.038803026Z,AAPL,0.1945379723157501,0.10899182561307902,2.1718474277182027,0.27149321266968324,1.8249688925756948,0.136332651670075,0.9878760664571172,1.0121457489878543,0.3267488489529185,0.010587612493382742,0.6493328640990819
2024-10-21T11:56:14.982879375Z,AAPL,0.0,2.300834052343975,0.0,0.0,0.0,0.0,0.0,0.0,0.0,0.0,0.20472352717541828
2024-10-21T11:56:14.982891924Z,AAPL,0.0,0.0,-0.9936653831822133,0.0,0.0,0.0,0.0,0.0,0.0,0.0,-0.0913839910191357
2024-10-21T11:56:15.036962807Z,AAPL,0.0,-2.2962112514351323,0.9936653831822133,0.0,0.0,0.0,0.0,0.0,0.0,0.0,-0.1129282087480656
2024-10-21T11:56:15.039085832Z,AAPL,0.0,0.0,0.0,0.0,3.0911901081916535,0.5333333333333333,1.4945054945054945,3.5366931918656057,0.005658508982883011,7.547169811320755,2.0312519959627098
2024-10-21T11:56:15.039203352Z,AAPL,0.0,0.0,0.0,0.0,-0.4322655345426476,-2.302820955670697,-0.44681391216044686,-1.320958342326786,-2.1875854525567404,-0.014383315354189139,-0.736029592005563
2024-10-21T11:56:17.922879284Z,AAPL,0.0,0.0,0.0,0.0,2.8922631959508314,0.5040091638029782,1.5724563206577595,3.2070555221487274,0.00558659217877095,8.050989600805098,2.0656237969360802
2024-10-21T11:56:17.922956219Z,AAPL,0.0,0.0,0.0,0.0,-0.4179728317659352,-2.243409983174425,-0.4698344901227976,-1.189966945362629,-2.1450596594717792,-0.015791551519936834,-0.7123033364453164
2024-10-21T11:56:23.203362495Z,AAPL,0.0,2.5526483726866624,0.0,0.0,0.0,0.0,0.0,0.0,0.0,0.0,0.22712945245339158
2024-10-21T11:56:23.203374367Z,AAPL,0.0,0.0,-0.7638689964671059,0.0,0.0,0.0,0.0,0.0,0.0,0.0,-0.07025040692209125
2024-10-21T11:56:23.230980890Z,AAPL,0.0,0.0,1.4794267221451687,0.0,0.0,0.0,0.0,0.0,0.0,0.0,0.13605779226908213
2024-10-21T11:56:23.259005865Z,AAPL,0.0,0.0,0.7397133610725843,0.0,0.0,0.0,0.0,0.0,0.0,0.0,0.06802889613454106
2024-10-21T11:56:23.260424017Z,AAPL,-0.08130081300813008,-2.7210884353741496,-0.055401662049861494,-4.444444444444445,-0.138217000691085,-1.076320939334638,-1.2202562538133008,-0.40248810830589093,-0.00488162069807176,-1.4970059880239521,-1.2765295615912926
2024-10-21T11:56:23.260520532Z,AAPL,0.22886204704386523,0.1360544217687075,0.7386888273314867,0.6060606060606061,1.518288474810214,0.09784735812133072,1.342281879194631,0.7320644216691069,0.2684891383939468,0.029940119760479042,0.5302196708535505
2024-10-21T11:56:24.985297090Z,AAPL,0.0,0.0,-0.05636449037106623,-4.055299539170507,-0.14275517487508924,-1.0506208213944603,-1.2239902080783354,-0.40597896290828567,-0.004914004914004914,-1.444043321299639,-0.9796003501551229
2024-10-21T11:56:24.985309618Z,AAPL,0.0,0.0,1.475334255417243,0.5529953917050692,1.5680684248039913,0.09551098376313276,1.346389228886169,0.7381435689241558,0.2702702702702703,0.02888086642599278,0.5756600643375038
2024-10-21T11:56:25.053201827Z,AAPL,0.0,-2.7210884353741496,0.7376671277086215,0.0,0.0,0.0,0.0,0.0,0.0,0.0,-0.1742761950356902
2024-10-21T11:56:29.970611371Z,AAPL,0.0,0.0,0.0,0.0,0.0,0.0,0.0,-0.007380073800738007,0.0,0.0,-0.0007182088169038355
2024-10-21T11:56:34.567796323Z,AAPL,0.0,2.9197080291970803,0.0,0.0,0.0,0.0,0.0,0.0,0.0,0.0,0.2597896729886603
2024-10-21T11:56:34.567809267Z,AAPL,0.0,0.0,-0.6878761822871883,0.0,0.0,0.0,0.0,0.0,0.0,0.0,-0.06326160891617039
2024-10-21T11:56:34.623413180Z,AAPL,0.0,-3.7209302325581395,0.6878761822871883,0.0,0.0,0.0,0.0,0.0,0.0,0.0,-0.26781918363681995
2024-10-21T11:56:42.272625996Z,AAPL,0.0,0.0,0.6999125109361329,0.0,0.0,0.0,0.0,0.0,0.0,0.0,0.0643685487047298
2024-10-21T11:56:43.878708550Z,AAPL,-0.9023234829686443,-3.1616201337003536,-0.7503607503607503,-5.381165919282512,-0.3414134516899966,-0.30627871362940273,-2.3296447291788005,-0.3283582089552239,-0.7750377453447409,-9.221902017291066,-2.8176662193029793
2024-10-21T11:56:43.878991240Z,AAPL,1.8132611637347769,3.271726307510814,0.5510653930933138,0.8968609865470852,0.40913740197749743,2.041858090862685,0.5125218404193361,1.14903935832867,2.0130850528434827,0.023054755043227664,1.1837484617849652
2024-10-21T11:56:47.448697059Z,AAPL,0.0,3.414425949637217,0.0,0.0,0.0,0.0,0.0,0.0,0.0,0.0,0.3038086658083351
2024-10-21T11:56:47.557683879Z,AAPL,0.0,-3.414425949637217,0.0,0.0,0.0,0.0,0.0,0.0,0.0,0.0,-0.3038086658083351
2024-10-21T11:56:51.014654312Z,AAPL,0.0,0.0,0.7627765064836003,0.0,0.0,0.0,0.0,0.0,0.0,0.0,0.07014993437214546
2024-10-21T11:56:51.014666179Z,AAPL,0.0,3.7330844610359306,0.0,0.0,0.0,0.0,0.0,0.0,0.0,0.0,0.332162251044764
2024-10-21T11:56:51.014676787Z,AAPL,0.0,0.0,0.0,-6.2015503875969,-0.3861003861003861,-0.2955665024630542,-2.372479240806643,-0.36959260814783707,-0.7247058823529412,-17.094017094017094,-3.7700555631936137
2024-10-21T11:56:55.866035650Z,AAPL,0.0,0.0,-0.7627765064836003,0.7751937984496124,0.46332046332046334,1.9704433497536946,0.5219454329774614,1.2933025404157044,1.8823529411764706,0.042735042735042736,0.6839104870230905
2024-10-21T11:57:04.890399029Z,AAPL,-0.9216589861751152,-3.441780821917808,-0.031539522964715155,-8.6687306501548,-0.38684719535783363,-0.30848329048843187,-2.2675736961451247,-0.37816931671680276,-0.7463048219045312,-11.985018726591761,-3.5585220228873573
2024-10-21T11:57:04.890725062Z,AAPL,1.852107809260539,0.136986301369863,1.3531799729364007,0.6191950464396285,0.46421663442940037,2.056555269922879,0.4988662131519274,1.3233082706766917,1.938454082868912,0.0299625468164794,0.9680879868697241
2024-10-21T11:57:06.458943234Z,AAPL,0.009233610341643583,0.49930651872399445,0.03868097862875931,8.398950131233596,0.23166023166023167,1.1311053984575836,0.11634671320535195,0.9339842920823603,0.4788698671136119,1.6417910447761195,1.5098427030786996
2024-10-21T11:57:06.459285665Z,AAPL,0.0,0.0,0.0,0.0,0.0,0.0,0.0,0.0,0.0,0.0,0.0
2024-10-21T11:57:07.554141976Z,AAPL,0.0,0.0,0.0,0.0,0.0,0.0,0.0,0.0,0.0,0.0,0.0
2024-10-21T11:57:08.621131954Z,AAPL,0.0,0.0,0.0,0.0,0.0,0.0,0.0,0.0,0.0,0.0,0.0
2024-10-21T11:57:10.160087903Z,AAPL,0.0,0.0,0.0,0.0,0.0,0.0,0.0,0.0,0.0,0.0,0.0
2024-10-21T11:57:14.110885099Z,AAPL,0.0,0.0,0.0,0.0,0.0,0.0,0.0,0.0,0.0,0.0,0.0
2024-10-21T11:57:14.837669309Z,AAPL,0.0,-0.21645021645021645,-1.670843776106934,-0.1606425702811245,-1.9864559819413092,-0.09324009324009325,-1.4925373134328357,-0.8316008316008316,-0.2548656163113994,-0.025624599615631006,-0.6292706299756657
2024-10-21T11:57:14.894521785Z,AAPL,0.0,0.6213176218532406,0.043544524276072284,3.883495145631068,0.2830188679245283,1.0022779043280183,0.14044943820224717,0.9128630705394191,0.46098882102109023,1.3622291021671826,0.9908251578182119
2024-10-21T11:57:15.098765695Z,AAPL,0.0,0.0,0.9095043201455206,0.0,0.0,0.0,0.0,0.0,0.0,0.0,0.08364398723227166
2024-10-21T11:57:15.098777532Z,AAPL,0.0,0.0,0.0,-1.5717092337917484,0.0,0.0,0.0,0.0,0.0,0.0,-0.1637402260974158
2024-10-21T11:57:15.158138746Z,AAPL,0.0,0.0,0.0,-1.4953271028037383,0.0,0.0,0.0,0.0,0.0,0.0,-0.15578275716557877
2024-10-21T11:57:15.158151037Z,AAPL,0.0,0.0,0.0,2.695871946082561,0.0,0.0,0.0,0.0,0.0,0.0,0.2808551814105632
2024-10-21T11:57:15.238560230Z,AAPL,0.0,0.0,0.0,-1.2317167051578137,-0.60790273556231,-0.24539877300613497,-3.4071550255536627,-0.3613963039014374,-0.6919793304875309,-8.488063660477454,-1.9976544868827248
2024-10-21T11:57:15.426680348Z,AAPL,0.0,0.0,-1.0015022533800702,0.14534883720930233,0.7741935483870968,1.6032064128256514,0.7829181494661921,1.2622950819672132,1.7883089303677209,0.020629190304280558,0.581771216694903
2024-10-21T11:57:15.993250474Z,AAPL,0.0,0.0,0.0,0.0,0.0,0.0,0.0,0.0,0.0,0.0,0.0
2024-10-21T11:57:17.249143876Z,AAPL,0.0,0.0,1.0799136069114472,0.0,0.0,0.0,0.0,0.0,0.0,0.0,0.09931594380332906
2024-10-21T11:57:17.249155657Z,AAPL,0.0,0.0,0.0,-0.9925558312655087,0.0,0.0,0.0,0.0,0.0,0.0,-0.10340418744861618
2024-10-21T11:57:17.304858834Z,AAPL,0.0,0.0,-1.2070006035003018,0.9473060982830077,0.0,0.0,0.0,0.0,0.0,0.0,-0.012313615215582621
2024-10-21T11:57:17.495155713Z,AAPL,0.0,0.0,0.0,0.0,0.0,0.0,0.0,0.0,0.0,0.0,0.0
2024-10-21T11:57:20.112111433Z,AAPL,-0.20730759264058046,-8.913525498891353,-0.05471956224350206,-1.519262072707542,-1.015228426395939,-0.20833333333333334,-5.361930294906166,-0.3485148514851485,-0.6509563563352003,-8.583690987124463,-3.0683407103677203
2024-10-21T11:57:22.737207625Z,AAPL,0.0,0.0,0.0,0.0,0.0,0.0,0.0,0.0,0.0,0.0,0.0
2024-10-21T11:57:23.434433631Z,AAPL,0.0,0.0,0.0,0.0,0.0,0.0,0.0,0.0,0.0,0.0,0.0
2024-10-21T11:57:23.522180556Z,AAPL,0.0,-0.2724795640326975,-3.069838833461243,-0.06119326874043855,-4.131455399061033,-0.07766990291262135,-2.1359223300970873,-0.8492569002123143,-0.2534562211981567,-0.013302294645826405,-0.9977445815662274
2024-10-21T11:57:23.522320812Z,AAPL,0.0,0.0,0.0,0.11068976119708926,0.5660377358490566,0.8835341365461847,0.18050541516245489,0.9565217391304348,0.4742708086317287,0.6459189665296535,0.4416601790025124
2024-10-21T11:57:23.575986228Z,AAPL,0.0,0.0,-1.4524328249818448,0.8413082343043433,0.0,0.0,0.0,0.0,0.0,0.0,-0.045928000979244654
2024-10-21T11:57:23.893151634Z,AAPL,0.0,0.0,0.0,0.0,0.0,0.0,0.0,0.0,0.0,0.0,0.0
2024-10-21T11:57:23.893151634Z,AAPL,-0.15378700499807765,-6.203955021326096,-0.206067544361763,-0.06392499467291711,-4.2105263157894735,-0.0894854586129754,-1.639344262295082,-0.936768149882904,-0.28586278586278585,-0.008689984792526613,-1.238753478808313
2024-10-21T11:57:23.893200066Z,AAPL,-0.37828947368421056,-0.2700877785280216,-1.5736934820904287,-0.9059233449477352,-4.761904761904762,-0.23837902264600716,-0.4332129963898917,-1.8578727357176033,-0.24126113776559288,-1.3100808166737559,-1.1745025139523848
2024-10-21T11:57:23.964289822Z,AAPL,0.0,-0.3633916554508749,-0.11616650532429816,-0.4847416547317395,-0.2909090909090909,-1.0945273631840795,-1.4054813773717496,-0.5119851058878288,-0.005847953216374269,-0.41237113402061853,-0.5291095038376019
2024-10-21T11:57:23.964302478Z,AAPL,0.0,2.535657686212361,0.2063825721383528,0.069164265129683,2.7672955974842766,0.1068090787716956,1.5006821282401093,0.9231479344564967,0.3416679608634881,0.00808244089715094,0.775037648837578
2024-10-21T11:57:23.993763323Z,AAPL,0.41623309053069724,2.2847399829497017,1.567445365486059,0.7130124777183601,0.5952380952380952,0.34532374100719426,2.509410288582183,0.4177545691906005,1.0019518542615486,3.022289384208538,1.3986616910552785
2024-10-21T11:57:25.745564633Z,AAPL,0.0,-0.29110512129380056,-0.11171104077452988,-0.546583850931677,-0.23952095808383234,-1.3313161875945536,-1.1648223645894002,-0.5434782608695652,-0.006892986386351887,-0.3516174402250352,-0.5275537471020197
2024-10-21T11:57:25.813792371Z,AAPL,0.0,0.0,1.5284677111196026,0.0,0.0,0.0,0.0,0.0,0.0,0.0,0.14056792351835337
2024-10-21T11:57:25.852973172Z,AAPL,0.0,0.0,0.0,-1.0329244673983216,0.0,0.0,0.0,0.0,0.0,0.0,-0.10760978061147146
2024-10-21T11:57:25.862973670Z,AAPL,0.0,3.4364261168384878,0.23622047244094488,0.07807417046193885,2.5214899713467047,0.13961605584642234,1.0928961748633879,1.0787486515641855,0.4340962904498816,0.006228589224540641,0.8251363105440099
2024-10-21T11:57:25.868673528Z,AAPL,6.3897763578274756,0.08281573498964803,0.0,0.0,0.0,0.0,0.0,0.0,0.0,0.0,0.2753998588517994
2024-10-21T11:57:26.000349886Z,AAPL,5.442176870748299,0.0,0.0,0.0,0.0,0.0,0.0,0.0,0.0,0.0,0.22828225610689154
2024-10-21T11:57:28.039292565Z,AAPL,-5.376344086021505,0.0,0.0,0.0,0.0,0.0,0.0,0.0,0.0,0.0,-0.22552077720237268
2024-10-21T11:57:28.039302990Z,AAPL,-0.303951367781155,-0.20115477742596388,-0.16393442622950818,-0.5994550408719346,-0.19950124688279303,-2.3342175066313,-0.7936507936507936,-0.6911718504555451,-0.01038961038961039,-0.25474461851993374,-0.6440311637556078
2024-10-21T11:57:28.039347712Z,AAPL,0.0,0.0,0.0,0.0,0.0,0.0,0.0,0.0,0.0,0.0,0.0
2024-10-21T11:57:28.153707091Z,AAPL,0.0,2.7884280237016386,0.2933188484519283,0.0900225056264066,2.100238663484487,0.22408963585434175,0.8413001912045889,1.2828736369467606,0.5936319481921208,0.00513347022587269,0.7589282399750394
2024-10-21T11:57:28.163711748Z,AAPL,5.218525766470972,0.06994229760447632,0.0,0.0,0.0,0.0,0.0,0.0,0.0,0.0,0.22512411669544555
2024-10-21T11:57:28.163725884Z,AAPL,0.0,0.0,-2.2688598979013044,1.3157894736842106,0.0,0.0,0.0,0.0,0.0,0.0,-0.07158067148078465
2024-10-21T11:57:29.331953680Z,AAPL,0.0,0.0,2.537266095781795,0.0,0.0,0.0,0.0,0.0,0.0,0.0,0.23334364468603286
2024-10-21T11:57:29.331966683Z,AAPL,0.0,0.0,0.0,-1.321003963011889,0.0,0.0,0.0,0.0,0.0,0.0,-0.13762182147223356
2024-10-21T11:57:30.995192991Z,AAPL,3.163305654408857,0.0,0.0,0.0,0.0,0.0,0.0,0.0,0.0,0.0,0.13269075384623588
2024-10-21T11:57:31.496234971Z,AAPL,0.0,-3.553660270078181,-4.02,-0.05244182235332678,-5.0,-0.7246376811594203,-0.21978021978021978,-2.473716759431045,-0.5152224824355972,-0.8403819918144612,-1.665186142752638
2024-10-21T11:57:36.264542456Z,AAPL,5.2826201796090855,1.4836685735375532,0.17708909795240732,2.2421524663677133,0.37383177570093457,0.8664259927797834,1.4209591474245116,0.571799870045484,1.7470221213840045,2.1119324181626187,1.4475227548728467
2024-10-21T11:57:36.267934826Z,AAPL,-1.7965416573096789,0.0,0.0,0.0,0.0,0.0,0.0,0.0,0.0,0.0,-0.07535928957492265
2024-10-21T11:57:37.887981490Z,AAPL,0.00812842918106076,1.3879250520471895,0.2824858757062147,0.16757176105508145,0.24691358024691357,3.154121863799283,0.06802721088435375,1.5597305919886564,1.0403120936280885,0.27251331599157685,0.9316078374222752
2024-10-21T11:57:38.016963535Z,AAPL,0.0,1.341381623071764,0.0,0.0,0.0,0.0,0.0,0.0,0.0,0.0,0.11935340442470309
2024-10-21T11:57:40.885440558Z,AAPL,0.0,0.0,0.0,-0.08873114463176575,-1.8069815195071868,-0.2867383512544803,-0.7599309153713298,-1.3908205841446453,-0.5578093306288032,-0.0049517207229512255,-0.466636407673769
2024-10-21T11:57:40.885481569Z,AAPL,0.0,0.0,0.0,0.1512067461471358,0.2459016393442623,3.154121863799283,0.07017543859649122,1.501194131695667,0.9893643334157803,0.27217617221328716,0.7698790694599117
2024-10-21T11:57:41.319151873Z,AAPL,0.0,0.0,0.0,1.213224143160449,0.0,0.0,0.0,0.0,0.0,0.0,0.12639335014192393
2024-10-21T11:57:41.319163898Z,AAPL,0.0,0.0,0.0,0.0,-3.1683168316831685,-0.6711409395973155,-0.2247191011235955,-2.5380710659898478,-0.43168996811380916,-0.7801418439716312,-0.7988569201533235
2024-10-21T11:57:41.375697228Z,AAPL,0.0,-1.099958751546817,0.0,0.0,0.0,0.0,0.0,0.0,0.0,0.0,-0.0978720890951367
2024-10-21T11:57:41.375709324Z,AAPL,0.0,2.0879551089651573,0.0,0.0,0.0,0.0,0.0,0.0,0.0,0.0,0.18578199242827334
2024-10-21T11:57:41.965660865Z,AAPL,0.0,-0.052198877724128935,-1.1158798283261802,-0.10296893770379269,-1.5384615384615385,-0.23880597014925373,-0.9503239740820735,-1.098901098901099,-0.5733646077664842,-0.005505092210294522,-0.537535812242336
2024-10-21T11:57:42.074173420Z,AAPL,0.0,0.0,7.162041181736795,0.18762403030849722,0.19736842105263158,2.6347305389221556,0.09153318077803203,1.1425603739288497,1.0454783063251436,0.31316725978647686,1.3332199592249867
2024-10-21T11:57:42.169221771Z,AAPL,0.0,0.0,6.144393241167435,0.0,0.0,0.0,0.0,0.0,0.0,0.0,0.5650787340207847
2024-10-21T11:57:42.207878969Z,AAPL,0.0,0.0,-0.7993850883935435,-0.1186005139355604,-1.2960235640648012,-0.24096385542168675,-1.116751269035533,-0.948316737790422,-0.5937921727395412,-0.00611807892321811,-0.4887315794414361
2024-10-21T11:57:42.313260974Z,AAPL,0.0,0.0,5.4274084124830395,0.2135523613963039,0.17266187050359713,2.507122507122507,0.10899182561307902,1.0036496350364965,1.098901098901099,0.34667507091080996,1.1544983109742109
2024-10-21T11:57:42.380159117Z,AAPL,0.0,0.0,4.857316332726169,0.0,0.0,0.0,0.0,0.0,0.0,0.0,0.44671069319675877
2024-10-21T11:57:42.412324426Z,AAPL,0.0,0.0,-4.395604395604396,0.0,0.0,0.0,0.0,0.0,0.0,0.0,-0.4042486327994844
2024-10-21T11:57:42.412336614Z,AAPL,0.0,0.0,4.014049172102358,0.0,0.0,0.0,0.0,0.0,0.0,0.0,0.3691583099322938
2024-10-21T11:57:48.072962640Z,AAPL,0.0,0.0,3.3812341504649197,0.0,0.0,0.0,0.0,0.0,0.0,0.0,0.31096048676883414
2024-10-21T11:57:48.072974095Z,AAPL,0.0,0.0,0.0,0.0,0.2962962962962963,0.5357142857142857,3.007518796992481,0.3590371277029784,1.7425742574257426,2.7220142905750255,1.0236063538407294
2024-10-21T11:57:48.072984615Z,AAPL,0.0,0.0,0.0,0.0,-2.2988505747126435,0.0,0.0,0.0,0.0,0.0,-0.19709950722595054
2024-10-21T11:57:48.076659157Z,AAPL,0.0,0.0,0.0,0.0,0.0,3.0651340996168583,0.7638888888888888,1.2241653418124006,4.133298889175923,0.007159477358152855,1.0032008139232123
2024-10-21T11:57:48.076742621Z,AAPL,0.0,0.0,0.0,0.0,0.0,-0.42944785276073616,-3.4722222222222223,-0.3497615262321145,-1.5913200723327305,-2.863790943261142,-1.037217149895195
2024-10-21T11:57:48.136477014Z,AAPL,0.0,0.0,-2.066115702479339,0.0,0.0,0.0,0.0,0.0,0.0,0.0,-0.19001356190471635
2024-10-21T11:57:48.136488492Z,AAPL,0.0,0.0,1.9694731659281144,0.0,0.0,0.0,0.0,0.0,0.0,0.0,0.18112567988553954
2024-10-21T11:57:48.194611663Z,AAPL,0.0,0.0,0.0,-0.1720676799541153,-1.0034207525655645,-0.153727901614143,-1.909722222222222,-0.794912559618442,-0.5683285972616895,-0.007159477358152855,-0.4449583200751251
2024-10-21T11:57:48.194659897Z,AAPL,0.0,0.0,0.0,0.332378223495702,0.13086150490730644,1.6923076923076923,0.1736111111111111,0.8744038155802862,1.0333247222939808,0.39377125469840696,0.5438886949537612
2024-10-21T11:57:51.070607242Z,AAPL,0.0,0.0,0.0,0.0,0.0,0.0,0.0,0.0,0.0,0.0,0.0
2024-10-21T11:57:51.271195500Z,AAPL,0.0,0.0,0.0,0.0,-1.735357917570499,-0.384172109104879,-0.45307443365695793,-1.6406890894175552,-0.4420999748806832,-1.0560603463055032,-0.615308350364133
2024-10-21T11:57:51.287108312Z,AAPL,0.0,0.0,0.0,0.0,0.0,0.0,3.028009084027252,0.3728813559322034,1.50574431679296,2.6320118440532982,0.8899383937449613
2024-10-21T11:57:51.287157718Z,AAPL,0.0,0.0,0.0,0.0,0.0,0.0,-0.45651318378591105,-1.6913319238900635,-0.425531914893617,-1.0044024131746292,-0.4075668299181784
2024-10-21T11:57:51.322699915Z,AAPL,0.0,0.0,0.0,0.0,0.0,0.0,0.0,0.0,0.0,0.0,0.0
2024-10-21T11:57:52.317929239Z,AAPL,0.0,0.0,0.0,0.0,0.2304147465437788,0.4285186553380126,2.952029520295203,0.38478355924792307,1.4507772020725387,2.508230130114438,0.9395567005479358
2024-10-21T11:57:52.317942384Z,AAPL,0.0,0.0,0.0,0.0,-1.873536299765808,0.0,0.0,0.0,0.0,0.0,-0.16063379043239062
2024-10-21T11:57:58.266584280Z,AAPL,0.0,0.0,0.0,0.0,-1.873536299765808,-0.3557452863749555,-0.41741633681180285,-1.8066847335140017,-0.39990911156555325,-0.9222937565503818,-0.6107137994580536
2024-10-21T11:58:06.284720780Z,AAPL,0.0,0.0,-0.23251152535578273,-0.1702127659574468,-1.0080183276059564,-0.14754703061600885,-1.5288394718554552,-0.9053870529651425,-0.505050505050505,-0.0060377358490566035,-0.4327418389483081
2024-10-21T11:58:06.284733562Z,AAPL,0.0,0.0,1.5942606616181745,0.0,0.0,0.0,0.0,0.0,0.0,0.0,0.14661867510862128
2024-10-21T11:58:06.339571308Z,AAPL,0.0,0.0,0.0,-2.160410477990818,0.228310502283105,0.46123260437375746,2.4638127502309826,0.4148986327204149,1.4076782449725775,2.3658139878752036,0.6469504657876637
2024-10-21T11:58:06.359829740Z,AAPL,0.0,0.0,1.5760441292356184,0.0,0.0,0.0,0.0,0.0,0.0,0.0,0.14494336321809723
2024-10-21T11:58:06.360206541Z,AAPL,0.0,0.0,0.0,0.0,0.0,-0.5004314063848144,-0.3366221706326175,-1.8948365703458077,-0.4106392907139524,-0.9256198347107438,-0.4726732275052968
2024-10-21T11:58:06.360243785Z,AAPL,0.0,0.0,0.0,0.0,0.0,0.0,2.2560631697687534,0.4178537511870845,1.4524876208441404,2.423875170428723,0.7798842084175228
2024-10-21T11:58:06.414660818Z,AAPL,0.0,0.0,-1.611928269192021,0.0,0.0,0.0,0.0,0.0,0.0,0.0,-0.14824350427061486
2024-10-21T11:58:06.414672832Z,AAPL,0.0,0.0,1.679613688851564,0.24882024882024883,0.15056461731493098,2.2598870056497176,0.10520778537611783,1.075268817204301,1.0126582278481013,0.3167290526921969,0.7705895801211412
2024-10-21T11:58:14.036350634Z,AAPL,0.0,0.0,0.0,0.0,0.0,0.0,0.0,0.0,0.0,0.0,0.0
2024-10-21T11:58:14.036377136Z,AAPL,0.0,0.0,0.0,1.6433853738701725,0.0,0.0,0.0,0.0,0.0,0.0,0.1712074262193604
2024-10-21T11:58:14.144708873Z,AAPL,0.0,0.0,0.0,-1.5741833923652107,0.0,0.0,0.0,0.0,0.0,0.0,-0.1639979832420005
2024-10-21T11:58:18.578706483Z,AAPL,0.0,0.0,0.0,1.5741833923652107,0.0,0.0,0.0,0.0,0.0,0.0,0.1639979832420005
2024-10-21T11:58:18.578717695Z,AAPL,0.0,0.0,0.0,0.0,-2.6101141924959217,-0.48828125,-0.32851883319173036,-1.8788163457022076,-0.45302445302445304,-0.9120521172638437,-0.69403369376952
2024-10-21T11:58:18.649580622Z,AAPL,0.0,0.0,0.0,0.0,0.3460207612456747,0.5653021442495128,2.160410477990818,0.42905899561189664,1.541927409261577,2.2857142857142856,0.8675267941292959
2024-10-21T11:58:18.666193529Z,AAPL,0.0,0.0,0.0,0.0,0.0,0.0,0.0,0.0,0.0,0.0,0.0
2024-10-21T11:58:18.666193529Z,AAPL,0.26117528879959817,0.0,0.0,0.0,0.0,0.0,0.0,0.0,0.0,0.0,0.01095548446560195
2024-10-21T11:58:18.721960191Z,AAPL,0.0,0.0,0.0,0.0,0.0,-6.570841889117043,-0.2994321115126484,-2.027369488089204,-0.4287454323995128,-0.8501242064587359,-1.3332862441953799
2024-10-21T11:58:18.722551669Z,AAPL,0.0,0.0,0.0,0.0,0.0,0.0,0.0,-0.2748791040977348,-1.927246446639364,-0.25544267053701014,-0.24073103695645828
2024-10-21T11:58:18.722579315Z,AAPL,0.0,0.0,0.0,0.0,0.0,0.0,0.3059490084985836,1.9583843329253365,0.4355357584756248,0.9271523178807948,0.40725587976295785
2024-10-21T11:58:18.733836431Z,AAPL,0.0,0.0,0.0,0.0,0.0,0.3397294746775716,2.1615779519048903,0.447951132603716,1.4839797639123102,2.3222060957910013,0.808366513573482
2024-10-21T11:58:18.771745684Z,AAPL,0.0,0.0,0.0,0.0,0.0,-2.3161551823972206,-0.30008335648791334,-2.030972328002031,-0.41944709246901807,-0.8870967741935484,-0.7347356998971979
2024-10-21T11:58:19.574896952Z,AAPL,0.0,0.0,0.0,0.0,0.0,0.30371203599550056,2.1798365122615806,0.4640126548905879,1.4157664904619627,2.2087244616234125,0.782483671980135
2024-10-21T11:58:19.574907103Z,AAPL,0.0,0.0,0.0,0.0,0.0,-2.090410243010191,-0.3179275831616132,-2.020712301086133,-0.4106392907139524,-0.8735110606920022,-0.7005131499032938
2024-10-21T11:58:19.604471701Z,AAPL,0.0,0.0,1.7215407789972026,0.0,0.0,0.0,0.0,0.0,0.0,0.0,0.15832419016463561
2024-10-21T11:58:19.632503658Z,AAPL,0.0,0.0,0.0,0.0,0.0,-1.8310826276035708,0.0,0.0,0.0,0.0,-0.2599404806807332
2024-10-21T11:58:21.722356897Z,AAPL,0.0,0.0,0.0,0.0,0.0,-1.6528925619834711,0.0,0.0,0.0,0.0,-0.23464461985415774
2024-10-21T11:58:21.794663862Z,AAPL,0.0,1.8140589569160999,0.10075566750629723,0.0,0.0,0.0,0.0,0.0,0.0,0.0,0.17067742328602903
2024-10-21T11:58:32.993346096Z,AAPL,0.0,1.7391304347826086,0.0,0.0,0.0,0.0,0.0,0.0,0.0,0.0,0.15474428347585417
2024-10-21T11:58:37.947553299Z,AAPL,0.0,0.0,0.0,0.0,0.0,1.366820433965488,0.0,0.0,0.0,0.0,0.19403382198771973
2024-10-21T11:58:37.947562931Z,AAPL,0.0,0.0,0.0,0.0,0.0,0.1845838318236199,3.755868544600939,0.3682778824021762,1.5730337078651684,2.649884067572044,0.9968233826990704
2024-10-21T11:58:37.947573917Z,AAPL,0.0,0.0,0.0,0.0,0.0,-2.5715204114432657,-0.5518650996423097,-1.6210739614994933,-0.4624277456647399,-1.0635359116022098,-0.7879490689737126
2024-10-21T11:58:40.491423845Z,AAPL,0.0,0.0,0.0,-0.16825574873808188,-4.11214953271028,-0.06160480517480364,-2.335456475583864,-0.7872466049990159,-0.6025746370857299,-0.007283321194464675,-0.7426289823486012
2024-10-21T11:58:40.491466764Z,AAPL,0.0,0.0,0.0,0.2918888577041819,0.6703910614525139,0.6406523005241701,0.21253985122210417,0.8659712654989175,1.0955902492467817,0.4005826656955571,0.44636337037896523
2024-10-21T11:58:50.556727313Z,AAPL,0.0,0.0,0.0,0.0,0.0,-2.210250034535157,0.0,0.0,0.0,0.0,-0.31376708387736524
2024-10-21T11:58:53.131341094Z,AAPL,0.0,1.3050570962479608,0.0,0.0,0.0,0.0,0.0,0.0,0.0,0.0,0.11612132202103251
2024-10-21T11:58:53.954307531Z,AAPL,0.0,0.0,0.0,0.0,0.0,0.0,0.0,0.0,0.0,0.0,0.0
2024-10-21T11:58:53.954307531Z,AAPL,0.18433179723502305,0.0,0.0,0.0,0.0,0.0,0.0,0.0,0.0,0.0,0.007732140932652778
2024-10-21T11:58:53.954317948Z,AAPL,0.4577182744021055,0.005796261411389654,7.048458149779735,0.11325028312570781,1.1479028697571745,0.0760841998478316,3.015764222069911,0.0711490572749911,1.3858267716535433,0.8148299042574862,1.3491956648561936
2024-10-21T11:58:53.954477659Z,AAPL,0.0,0.0,0.0,0.0,0.0,0.0,0.0,0.0,0.0,0.0,0.0
2024-10-21T11:58:53.954477659Z,AAPL,0.9280849590211244,0.04783258594917788,2.1337126600284497,0.2968239833778569,12.279355333844972,0.14033264033264034,4.822182037371911,0.32460346735521944,1.9280125195618154,3.200640128025605,2.5346047182422202
2024-10-21T11:58:53.954501480Z,AAPL,0.46904315196998125,0.6072567177774404,0.014519056261343012,4.426002766251729,0.2390914524805738,0.13980373706143298,0.326619488296135,0.8355488036460311,0.12441679626749612,0.8301886792452831,0.8331388676816945
2024-10-21T11:58:53.954502815Z,AAPL,0.0,0.6169031462060457,1.4301036825169826,0.011554015020219527,6.576243321002877,0.054503338329472684,0.5612520237452779,0.11603171533552503,1.3643410852713178,0.07611798287345385,0.9610503724482893
2024-10-21T11:58:53.954507571Z,AAPL,0.0,0.6171887054466904,0.0,0.0,0.0,0.0,0.0,0.0,0.0,0.0,0.05491619379639942
2024-10-21T11:58:53.954515456Z,AAPL,0.0,0.6080875646093038,0.0,0.0,0.0,0.0,0.0,0.0,0.0,0.0,0.054106392823725244
2024-10-21T11:58:53.954518683Z,AAPL,0.0,0.5904059040590406,0.0,0.0,0.0,0.0,0.0,0.0,0.0,0.0,0.05253311468552983
2024-10-21T11:58:53.954521070Z,AAPL,0.20271126314455848,0.0,0.0,0.0,0.0,0.0,0.0,0.0,0.0,0.0,0.008503101899838605
2024-10-21T11:58:53.954534910Z,AAPL,0.0,0.0,0.0,0.0,0.18430034129692832,1.3920306246737426,0.6661619984859954,1.530054644808743,3.9302382706951606,0.00682477392936359,0.7832295414923663
2024-10-21T11:58:53.954535707Z,AAPL,0.0,0.0,0.4749183734045711,1.5134317063942488,0.006839945280437757,2.741134144252184,0.15043249341857842,0.26694045174537984,0.1381851681252879,0.7634912372028458,0.7655490155993687
2024-10-21T11:58:53.954546864Z,AAPL,0.0,-0.5802988539097635,0.0,0.0,0.0,0.0,0.0,0.0,0.0,0.0,-0.0516338099513223
2024-10-21T11:58:53.954549208Z,AAPL,-0.5395926075812761,0.0,0.0,0.0,0.0,0.0,0.0,0.0,0.0,0.0,-0.02263421802759548
2024-10-21T11:58:53.954555754Z,AAPL,0.0,0.0,0.0,0.0,0.0,0.0,0.0,0.0,0.0,0.0,0.0
2024-10-21T11:58:53.954564591Z,AAPL,0.0,-0.6140620202640467,0.0,0.0,0.0,0.0,0.0,0.0,0.0,0.0,-0.05463798771790983
2024-10-21T11:58:53.954570870Z,AAPL,0.0,-0.6429834431763382,0.0,0.0,0.0,0.0,0.0,0.0,0.0,0.0,-0.05721135701566703
2024-10-21T11:58:53.954666995Z,AAPL,0.0,0.0,0.0,-0.017857142857142856,-2.6315789473684212,-0.06006006006006006,-0.41533546325878595,-0.18343014368694588,-0.7335778592864288,-0.08191685439279131,-0.3741039594207374
2024-10-21T11:58:53.954950395Z,AAPL,0.0,-0.29767441860465116,-0.00882223202470225,-6.428284451586983,-0.06582195162086556,-0.1631116687578419,-0.23752969121140144,-1.3643410852713178,-0.06385696040868455,-0.9195402298850575,-1.0337897921314232
2024-10-21T11:58:54.013566047Z,AAPL,0.0,0.0,0.0,0.0,-1.2806146950536257,-0.1824632539280284,-2.958579881656805,-0.5734767025089607,-0.98026734563972,-3.1458906802988595,-1.0725128995638837
2024-10-21T11:58:54.013589130Z,AAPL,0.0,0.0,0.0,0.0,0.1729660474055093,1.419698314108252,0.6456346294937637,2.0377108832285806,2.4427480916030535,0.00801924619085806,0.6998689473931557
2024-10-21T11:58:54.021444014Z,AAPL,0.0,0.0,0.0,0.0,-1.2494143370295174,-0.20481699222454014,-2.8530670470756063,-0.5931917762049208,-0.9390243902439024,-3.051106025934401,-1.04570690189393
2024-10-21T11:58:54.043347922Z,AAPL,0.0,0.0,0.0,0.0,-1.1830819284235432,0.0,0.0,0.0,0.0,0.0,-0.10143541631859034
2024-10-21T11:58:54.063766628Z,AAPL,0.0,-0.01009845998485231,-3.7330844610359306,-0.11373329542223486,-0.15380065069506063,-0.12217470983506414,-1.5267175572519085,-0.13740982480247338,-0.669710806697108,-0.7272727272727273,-0.7271588010395333
2024-10-21T11:58:54.213766156Z,AAPL,-0.007378712414683637,-3.7549870922318704,-0.09313154831199069,-0.3308940502704422,-0.08866558297620807,-0.8808808808808809,-0.13903371567605144,-1.511508072827207,-0.6006006006006006,-0.40404040404040403,-0.7891659738587852
2024-10-21T11:58:58.704657287Z,AAPL,0.0,0.0,0.24638711205875383,0.12690355329949238,0.16267792898482716,0.12,1.4859844647078688,0.13764624913971094,0.6606606606606606,0.7226738934056007,0.401861348814728
2024-10-21T11:58:58.704745556Z,AAPL,0.0,0.0,0.0,0.0,-0.09986684420772304,-0.8627450980392157,-0.13582342954159593,-1.4661779406864377,-0.6015037593984962,-0.3942652329749104,-0.403894005284425
2024-10-21T11:58:58.758409305Z,AAPL,0.0,-1.716369877708646,0.0,0.0,0.0,0.0,0.0,0.0,0.0,0.0,-0.15271909547069923
2024-10-21T11:58:58.758422757Z,AAPL,0.0,1.7933198834342075,0.0,0.0,0.0,0.0,0.0,0.0,0.0,0.0,0.15956595023289155
2024-10-21T11:58:58.912375357Z,AAPL,0.802407221664995,0.009847365829640572,1.9516955354964627,0.32459425717852686,0.08250825082508251,0.11310084825636192,1.4681348014681348,0.12554927809165095,0.6636500754147813,0.6944444444444444,0.5988108972781745
2024-10-21T11:58:58.912551174Z,AAPL,0.0,0.0,0.0,0.0,0.0,0.0,0.0,0.0,0.0,0.0,0.0
2024-10-21T11:58:58.912551174Z,AAPL,0.008156606851549756,0.0,0.0,0.0,0.0,0.0,0.0,0.0,0.0,0.0,0.00034214408286820005
2024-10-21T11:58:58.912551174Z,AAPL,0.06850781417255405,1.931123270035404,0.2275830678197542,4.62962962962963,0.2068173113749521,1.9074868860276586,0.48984135819649316,2.103106862410379,2.5284450063211126,0.0060350030175015095,1.4482623723839876
2024-10-21T11:58:58.912577219Z,AAPL,0.881445570736007,2.5404890441409975,0.924000924000924,0.010718113612004287,1.4757424829367274,0.27225130890052357,0.11132758140829391,0.205620287868403,0.6850381441693913,0.06127450980392157,0.6167259279625732
2024-10-21T11:58:58.912588388Z,AAPL,0.0,2.359186080802123,0.0,0.0,0.0,0.0,0.0,0.0,0.0,0.0,0.20991557180446158
2024-10-21T11:58:58.912594900Z,AAPL,0.0,0.45090477603085133,3.5563458546343636,0.9126169290440338,0.0071174377224199285,2.4645717806531113,0.2881684677195899,0.13836042891732964,0.09205277692543726,0.6845052893590542,0.9717006147443635
2024-10-21T11:58:58.912609151Z,AAPL,0.0,0.0,0.0,0.32367972742759793,0.6994229760447631,0.014049877063575694,2.10581732034746,0.359737115185057,0.06141563027790573,0.09474182851729039,0.36024686630075353
2024-10-21T11:58:58.912613899Z,AAPL,0.0,0.0,-0.8215239268843706,0.0,0.0,0.0,0.0,0.0,0.0,0.0,-0.07555273276802851
2024-10-21T11:58:58.912617614Z,AAPL,0.0,0.0,0.0,1.625685836212152,0.0,0.0,0.0,0.0,0.0,0.0,0.1693634933622935
2024-10-21T11:58:58.912620981Z,AAPL,-0.4132680804785209,-2.9462312791554135,-0.3067608476286579,-0.8340283569641367,-0.00750891683874601,-2.5316455696202533,-0.2591577373536008,-0.14144271570014144,-0.09003601440576231,-0.7529089664613279,-0.9216725156628209
2024-10-21T11:58:58.912628049Z,AAPL,0.0,0.0,0.0,0.24010671409515338,1.45692952103442,0.553807426054122,1.490082244799226,5.379959650302623,0.006379585326953748,3.724972838739718,1.491602979173658
2024-10-21T11:58:58.912639087Z,AAPL,0.0,-0.8373456144023446,0.0,0.0,0.0,0.0,0.0,0.0,0.0,0.0,-0.07450530709534532
2024-10-21T11:58:58.912642543Z,AAPL,0.0,-0.8033741715203857,0.0,0.0,0.0,0.0,0.0,0.0,0.0,0.0,-0.07148259730758479
2024-10-21T11:58:58.912684059Z,AAPL,0.0,0.0,0.0,-0.010269576379974325,-1.5246807699637888,-0.2898550724637681,-0.10209290454313424,-0.1559656875487393,-0.7558838687510737,-0.05752912411908529,-0.27540850920350407
2024-10-21T11:58:58.912954809Z,AAPL,0.0,-0.304,-0.009828009828009828,-1.9651191353475803,-0.2056148675365757,-0.11412268188302425,-0.15475883415011607,-1.046871282417321,-0.07171029042667623,-0.6104328523862376,-0.4870563768068485
2024-10-21T11:58:58.926466671Z,AAPL,0.0,0.0,0.0,-1.8034265103697023,-0.2305229455709712,-2.1780560849441875,-0.48538334252619963,-1.3958758214366644,-2.795248078266946,-0.00586596275113653,-0.953357581897696
2024-10-21T11:58:58.945466491Z,AAPL,0.0,0.0,0.0,-1.5996800639872024,0.0,0.0,0.0,0.0,0.0,0.0,-0.1666542193233046
2024-10-21T11:58:58.980196081Z,AAPL,0.0,0.0,0.0,1.4908684308609765,0.0,0.0,0.0,0.0,0.0,0.0,0.15531825397611748
2024-10-21T11:58:58.980205607Z,AAPL,0.0,0.0,0.0,0.19431450161928754,2.1208907741251326,0.4710920770877944,1.8763326226012793,3.2070555221487274,0.006904885206283446,3.758221108675227,1.3642126654889237
2024-10-21T11:58:58.983388525Z,AAPL,0.0,0.0,0.0,-0.18705035971223022,-0.11198208286674133,-0.15987210231814547,-1.3592832869941305,-0.07483629560336763,-0.7801418439716312,-0.6073489219556635,-0.360549376368787
2024-10-21T11:58:58.983400771Z,AAPL,0.0,0.0,0.0,2.6954177897574123,0.3069657615112161,0.10624169986719788,0.19379844961240308,0.7584899155318048,0.07425283088917764,0.6474396703943496,0.5246670755250955
2024-10-21T11:58:59.013763041Z,AAPL,0.0,-0.00796812749003984,-5.522954780807733,-0.1751431458403503,-0.12547051442910914,-0.15864621893178213,-1.4426229508196722,-0.06496670456391099,-0.8406572411157814,-0.5717552887364208,-0.8760369779605877
2024-10-21T11:58:59.013823110Z,AAPL,0.0,0.0,0.0,-1.3942140118508193,-0.33877038895859474,-2.1152829190904283,-0.5770491803278689,-1.0004872502842292,-3.056935422239205,-0.005717552887364208,-0.9052430375680838
2024-10-21T11:58:59.163763153Z,AAPL,-0.03352891869237217,-3.0651340996168583,-0.34402911015547466,-0.07211105101856859,-0.19980019980019978,-1.1381272633212622,-0.13114754098360656,-0.7037747920665387,-0.7656967840735069,-0.31245561709984376,-0.6919804583402375
2024-10-21T11:59:00.168228588Z,AAPL,0.0,0.0,-0.13637913399249915,-0.1119194180190263,-1.5104703055269482,-0.1038961038961039,-1.3968253968253967,-0.6312135079690705,-0.42561423873089577,-0.005688282138794084,-0.40772214242242166
2024-10-21T11:59:00.168269867Z,AAPL,0.0,0.0,0.46820132657042524,0.07887990534411359,0.20498804236419543,1.1702127659574468,0.12763241863433314,0.6835482367562529,0.7613247049866768,0.3153217715350437,0.43271318572052525
2024-10-21T11:59:00.853830846Z,AAPL,0.0,0.0,0.0,-1.651868676440223,0.0,0.0,0.0,0.0,0.0,0.0,-0.17209121429606575
2024-10-21T11:59:01.071525039Z,AAPL,0.0,-0.20215633423180593,-0.21019442984760903,-0.12987012987012986,-1.5427769985974755,-0.10314595152140278,-1.5416958654519972,-0.6065200909780136,-0.40823900538133234,-0.00571183778380694,-0.4474464947210219
2024-10-21T11:59:01.071537379Z,AAPL,0.0,0.0,7.988017973040439,0.08710801393728224,0.2168413444163354,1.1035866566340606,0.15015015015015015,0.6587812546788442,0.7300602299689725,0.3123668891097544,1.1132420713735303
2024-10-21T11:59:01.127333717Z,AAPL,0.0,0.0,0.0,-1.7769880053309641,0.0,0.0,0.0,0.0,0.0,0.0,-0.18512611080316446
2024-10-21T11:59:01.141872098Z,AAPL,0.0,0.0,0.0,0.24478694469628287,2.862254025044723,0.4623062779091148,2.3404255319148937,2.325919465038523,0.007080899274207825,3.461704889658157,1.3450651662506927
2024-10-21T11:59:01.141884696Z,AAPL,0.0,0.0,0.0,-3.407880724174654,-0.40971168437025796,-2.0655822359927702,-0.7023144453312051,-0.9148967770681717,-2.6088374368172187,-0.006370441153049849,-1.0779311561957214
2024-10-21T11:59:01.197001468Z,AAPL,0.0,2.8839221341023795,-0.1306762495916367,-0.12040939193257073,-1.7107309486780715,-0.10419380046887211,-1.7741935483870968,-0.6081800212863007,-0.33475349969567864,-0.007180039490217196,-0.19595926570968597
2024-10-21T11:59:01.197013688Z,AAPL,0.0,0.0,0.0,-1.5473887814313345,0.0,0.0,0.0,0.0,0.0,0.0,-0.16120652820809406
2024-10-21T11:59:01.308608556Z,AAPL,0.0,0.0,0.0,-1.550988755331524,0.0,0.0,0.0,0.0,0.0,0.0,-0.16158157247689928
2024-10-21T11:59:01.341702894Z,AAPL,0.0,-0.18094089264173702,0.0,0.0,0.0,0.0,0.0,0.0,0.0,0.0,-0.016099752050413054
2024-10-21T11:59:01.341757997Z,AAPL,0.0,0.0,0.34985422740524785,0.0,0.0,0.0,0.0,0.0,0.0,0.0,0.03217489118199978
2024-10-21T11:59:01.498729008Z,AAPL,0.0,1.1179429849077698,0.0,0.0,0.0,0.0,0.0,0.0,0.0,0.0,0.09947228954568604
2024-10-21T11:59:01.983695936Z,AAPL,0.0,1.0641127959563714,0.0,0.0,0.0,0.0,0.0,0.0,0.0,0.0,0.09468258898496
2024-10-21T11:59:02.037392833Z,AAPL,0.0,-1.0416666666666667,0.0,0.0,0.0,0.0,0.0,0.0,0.0,0.0,-0.0926853781235585
2024-10-21T11:59:02.037405330Z,AAPL,0.0,1.02014792144861,0.0,0.0,0.0,0.0,0.0,0.0,0.0,0.0,0.0907706840077696
2024-10-21T11:59:02.587275146Z,AAPL,0.0,0.9949011317000372,0.0,0.0,0.0,0.0,0.0,0.0,0.0,0.0,0.08852427608368725
2024-10-21T11:59:05.075636621Z,AAPL,0.0,0.0,0.0,0.2500578837693911,3.304419661296985,0.3836094158674804,2.3692307692307693,2.8358738036157387,0.004641986770337704,14.851485148514852,3.231808381116979
2024-10-21T11:59:05.075648273Z,AAPL,0.0,0.0,0.0,-1.8501387604070305,-0.4292527821939587,-1.7825311942959001,-0.6518518518518519,-1.09375,-1.8665422305179653,-0.025608194622279132,-0.8257834385310006
2024-10-21T11:59:05.129969945Z,AAPL,0.0,1.0204081632653061,0.0,0.0,0.0,0.0,0.0,0.0,0.0,0.0,0.09079383979450628
2024-10-21T11:59:05.149534519Z,AAPL,0.0,0.0,-0.4280618311533888,0.0,0.0,0.0,0.0,0.0,0.0,0.0,-0.03936737577440876
2024-10-21T11:59:05.149624943Z,AAPL,0.0,0.0,0.42857142857142855,0.0924000924000924,0.22979701263883567,1.0027347310847767,0.14285714285714285,0.7826396300249021,0.4690981587897267,1.4588859416445623,0.5751297673581662
2024-10-21T11:59:22.128191719Z,AAPL,0.0,-0.14521984671238403,-0.15873015873015872,-0.13860013860013862,-1.685178092684795,-0.09115770282588878,-1.5714285714285714,-0.711490572749911,-0.2580039873343497,-0.02652519893899204,-0.45201201147901665
2024-10-21T11:59:22.128203635Z,AAPL,0.0,1.0516629420270802,0.5030274802049371,0.0924000924000924,0.22979701263883567,1.0027347310847767,0.14285714285714285,0.7826396300249021,0.4690981587897267,1.4588859416445623,0.6755520609357699
2024-10-21T11:59:22.227115805Z,AAPL,0.0,1.0286742960010287,0.0,0.0,0.0,0.0,0.0,0.0,0.0,0.0,0.09152934344720705
2024-10-21T11:59:22.702793943Z,AAPL,0.0,-0.1389246205299717,-0.2890173410404624,-0.13312624805857556,-1.7370706671930516,-0.09000900090009001,-1.5770609318996416,-0.7454342154304883,-0.24771985136808916,-0.04678362573099415,-0.4733008734653913
2024-10-21T11:59:22.702805375Z,AAPL,0.0,1.0070493454179255,1.0682492581602374,0.09287206872533085,0.2368732727990525,0.9900990099009902,0.14336917562724014,0.8199776369735371,0.4503997297601621,2.573099415204678,0.9012171973617442
2024-10-21T11:59:22.748399070Z,AAPL,0.0,0.0,0.0,-1.9502681618722575,0.0,0.0,0.0,0.0,0.0,0.0,-0.20317838879469682
2024-10-21T11:59:24.992210687Z,AAPL,0.0,0.0,0.0,-1.8617640214102862,0.0,0.0,0.0,0.0,0.0,0.0,-0.19395805232391117
2024-10-21T11:59:29.283276904Z,AAPL,0.0,0.0,0.0,1.8639328984156571,0.0,0.0,0.0,0.0,0.0,0.0,0.19418400532056068
2024-10-21T11:59:29.283287223Z,AAPL,0.0,0.0,0.0,0.262518230432669,3.4393809114359417,0.37542662116040953,2.464,2.830856334041047,0.004617871161394596,14.37125748502994,3.176234750537505
2024-10-21T11:59:29.283298495Z,AAPL,0.0,0.0,0.0,-3.713158505453702,-0.48408785298072615,-1.670843776106934,-0.7333333333333333,-1.0879547862945955,-1.8376019294820258,-0.02320185614849188,-1.013255033179034
2024-10-21T11:59:29.341806485Z,AAPL,0.0,0.0,0.0,-3.552397868561279,0.0,0.0,0.0,0.0,0.0,0.0,-0.37008781120597084
2024-10-21T11:59:29.368105783Z,AAPL,0.0,0.0,0.0,-3.4049797829325392,0.0,0.0,0.0,0.0,0.0,0.0,-0.354729836491103
2024-10-21T11:59:29.441553398Z,AAPL,0.0,0.0,0.0,0.0,-0.5752439650744736,-0.21973550356052898,-3.546099290780142,-0.31529917592260837,-0.7166123778501629,-7.00218818380744,-1.638651761916882
2024-10-21T11:59:29.441648558Z,AAPL,0.0,0.0,0.0,0.0,0.0,1.5952143569292123,0.8163265306122449,1.1015736766809727,1.851637541951163,0.017101325352714834,0.5840354091990444
2024-10-21T11:59:29.504292026Z,AAPL,0.0,1.1672016340822877,0.0,0.0,0.0,0.0,0.0,0.0,0.0,0.0,0.10385522380929811
2024-10-21T11:59:29.550327634Z,AAPL,0.0,-1.1672016340822877,0.0,0.0,0.0,0.0,0.0,0.0,0.0,0.0,-0.10385522380929811
2024-10-21T11:59:29.550340581Z,AAPL,0.0,1.1672016340822877,0.0,0.0,0.0,0.0,0.0,0.0,0.0,0.0,0.10385522380929811
2024-10-21T11:59:30.102712999Z,AAPL,0.0,0.0,0.0,0.0,0.0,0.0,0.0,0.0,0.0,0.0,0.0
2024-10-21T11:59:30.102712999Z,AAPL,18.633540372670804,0.1486104919007282,11.58580738595221,0.19096334185848252,5.788712011577425,0.31912964641885766,3.7198067632850242,2.8358738036157387,0.004511617414843221,9.198926791874282,4.526996911687581
2024-10-21T11:59:30.102735583Z,AAPL,7.104795737122558,0.00624512099921936,4.147226542249871,0.18914185639229422,0.25806451612903225,0.11398176291793313,2.3579849946409435,0.0691085003455425,0.5190515512563406,1.2296341838303104,1.22056251098093
2024-10-21T11:59:30.102746947Z,AAPL,4.424778761061947,0.0,0.0,0.0,0.0,0.0,0.0,0.0,0.0,0.0,0.185605595396643
2024-10-21T11:59:30.102753002Z,AAPL,0.8614232209737828,1.3052700277369882,0.014069644741470277,1.4367816091954024,0.5973451327433628,0.08235536339304098,0.28694404591104733,0.7108239095315024,0.052328623757195186,0.9554831704668838,0.6201256815765335
2024-10-21T11:59:30.102766235Z,AAPL,0.0,0.0,0.2862476664592408,0.007425283088917764,3.6934441366574333,0.23386747509744477,0.18173557473875512,0.09462229932187352,0.6064782908339077,0.07753440589261486,0.4710978207904184
2024-10-21T11:59:30.102781049Z,AAPL,0.0,-0.6720430107526881,0.0,0.0,0.0,0.0,0.0,0.0,0.0,0.0,-0.05979701814423129
2024-10-21T11:59:30.102784354Z,AAPL,0.0,-0.16283185840707964,-0.010124019235636546,-1.532860701283771,-0.41315990818668713,-0.09471939379587971,-0.2579535683576956,-0.6520450503852994,-0.06228589224540641,-0.6852515184550693,-0.427371689716172
2024-10-21T11:59:30.166940785Z,AAPL,0.0,0.0,1.951219512195122,0.0,0.0,0.0,0.0,0.0,0.0,0.0,0.17944695407196623
2024-10-21T11:59:30.203764599Z,AAPL,0.0,-0.007961783439490446,-1.7985611510791366,-0.2212208111429742,-0.13481631277384565,-0.16146393972012915,-1.6597510373443982,-0.056022408963585436,-0.7936507936507937,-0.5182018396165307,-0.5474695010028519
2024-10-21T11:59:30.353763576Z,AAPL,-0.019704433497536946,-1.6329863237395388,-0.2336145360155743,-0.08492569002123142,-0.1910828025477707,-1.2359550561797752,-0.14487504527345163,-0.595721635526672,-0.7774538386783285,-0.2644866554460207,-0.5525857419770074
2024-10-21T11:59:33.214948750Z,AAPL,0.0,1.6083634901487738,0.0,0.0,0.0,0.0,0.0,0.0,0.0,0.0,0.14310890711478275
2024-10-21T11:59:33.268596579Z,AAPL,0.0,-1.6498247061249742,0.0,0.0,0.0,0.0,0.0,0.0,0.0,0.0,-0.14679804165579072
2024-10-21T11:59:40.586082406Z,AAPL,0.016286644951140065,0.008839779005524863,1.5034767900770531,0.27108433734939763,0.11490950876185003,0.19029495718363462,1.4281077572216812,0.05142710208279764,1.0098691760385587,0.41836627967785794,0.5088554333157271
2024-10-21T11:59:40.711462280Z,AAPL,0.0,0.0,0.0,0.0,0.0,0.0,0.0,0.0,0.0,0.0,0.0
2024-10-21T11:59:40.711462280Z,AAPL,-0.014598540145985401,-1.9627085377821392,-0.18480492813141686,-0.12281240405280934,-0.15702695629416383,-1.5073655361425147,-0.12326656394453005,-0.5314009661835749,-1.0484927916120577,-0.21143680922633348,-0.6243491261479005
2024-10-21T11:59:44.915756078Z,AAPL,0.0,2.0248038471273095,0.0,0.0,0.0,0.0,0.0,0.0,0.0,0.0,0.1801629217891494
2024-10-21T11:59:56.140334654Z,AAPL,0.0,-0.31277150304083406,-0.06475635421725756,-0.2382843526608419,-1.0328638497652582,-0.15955325089748704,-1.2342215988779803,-0.4565167769915544,-0.7402422611036339,-0.0034635033336219583,-0.4039058579716785
2024-10-21T11:59:56.140348516Z,AAPL,0.0,2.4038461538461537,0.17002518891687657,0.1863932898415657,0.13537906137184116,1.8715440238196512,0.10884353741496598,0.48845470692717585,1.5546055188495917,0.18109976950938428,0.7532208458014541
2024-10-21T11:59:56.303825659Z,AAPL,0.0,0.0,0.17623918174665618,4.110996916752312,0.39568345323741005,2.6724511930585684,3.969238402381543,0.004517221908526256,8.654886404615938,0.016458196181698484,2.033712701720231
2024-10-21T11:59:56.303838548Z,AAPL,0.0,0.0,-1.225114854517611,-0.7115628970775095,-1.7316017316017316,-0.8189855746859004,-1.48756339048539,-1.7580485660916383,-0.016849199663016005,-1.8822053172300213,-1.070413615586379
2024-10-21T11:59:56.366678187Z,AAPL,0.0,0.0,-1.263823064770932,0.0,0.0,0.0,0.0,0.0,0.0,0.0,-0.11622946472275855
2024-10-21T11:59:56.374323675Z,AAPL,0.0,0.0,0.0,4.626951995373048,0.39382412172745584,2.616822429906542,3.732213669232564,0.0045444217223358325,8.09989875126561,0.01651391297167864,1.9897394170979457
2024-10-21T11:59:56.374379339Z,AAPL,0.0,0.0,0.0,-0.6312098188194039,-1.788109074653554,-0.7186606778276847,-1.4712204442321473,-1.797348910357223,-0.013545546901456146,-1.9890601690701146,-0.9588352627918977
2024-10-21T11:59:57.076259289Z,AAPL,0.0,0.0,0.0,4.725339633786178,0.40873200185787273,2.316660398646108,3.6133694670280034,0.0047042220392802545,6.589785831960461,0.017519271198318153,1.8111282291652375
2024-10-21T11:59:57.076314960Z,AAPL,0.0,0.0,0.0,-0.611764705882353,-1.941276389225916,-0.6418672501823487,-1.3911472448057813,-1.860897883228658,-0.011013215859030838,-2.094058110112556,-0.9737094470208953
2024-10-21T11:59:57.121796841Z,AAPL,0.0,2.237136465324385,0.0,0.0,0.0,0.0,0.0,0.0,0.0,0.0,0.19905584563448805
2024-10-21T11:59:58.069271668Z,AAPL,0.0,-0.3016759776536313,-0.08286720530350114,-0.39473684210526316,-1.0947997014182633,-0.1415929203539823,-0.9728056599602034,-0.4606702752504895,-0.5999454595036815,-0.003509695533912433,-0.385484265957866
2024-10-21T11:59:58.069284093Z,AAPL,0.0,2.1293585307426137,0.22254275705749021,0.3012048192771084,0.14973795857249814,1.5042735042735043,0.08853474988933156,0.5067373027755384,1.0646792653713069,0.1939693175806736,0.6523945560280036
2024-10-21T12:00:01.682008523Z,AAPL,0.0,0.0,0.0,5.394470667565745,0.45643153526970953,1.9680511182108626,3.430531732418525,0.004770992366412214,5.522319374137138,0.018688095683049896,1.7214142832215782
2024-10-21T12:00:01.682052966Z,AAPL,0.0,0.0,0.0,-0.7022282241728562,-2.0746887966804977,-0.5623003194888179,-1.3207547169811322,-1.9083969465648856,-0.009203865623561895,-2.2425714819659874,-1.004314800313962
2024-10-21T12:00:01.884638806Z,AAPL,0.0,2.1299254526091587,0.0,0.0,0.0,0.0,0.0,0.0,0.0,0.0,0.18951642811206848
2024-10-21T12:00:02.064285089Z,AAPL,0.0,-0.3014233882221602,-0.08578168561012224,-0.40485829959514175,-1.1136421159200203,-0.132013201320132,-0.9235936188077246,-0.47766897540004777,-0.5115089514066495,-0.003756574004507889,-0.3758899659342603
2024-10-21T12:00:02.160356498Z,AAPL,0.0,-0.111358574610245,-0.13398838767306834,-2.815099168266155,-0.10124019235636547,-1.408,-0.8413967185527976,-0.26131369521320824,-0.009541984732824428,-0.1887148518588413,-0.6638049867042559
2024-10-21T12:00:02.160444679Z,AAPL,0.0,0.0,0.241635687732342,0.38734667527437056,1.086151567514194,0.1282051282051282,0.9255363904080774,0.47009049241979084,0.531786318588349,0.0038098866558719875,0.3599700377003145
2024-10-21T12:00:02.178747608Z,AAPL,0.0,0.0,0.0,8.260196179659268,0.14811157738829916,1.4102564102564104,0.08413967185527976,0.5170995416617699,0.9668842156151801,0.2095437660729593,1.2523833910130748
2024-10-21T12:00:02.219875510Z,AAPL,0.0,2.3453532688361185,0.09332711152589827,0.5330599692465402,0.0,0.0,0.0,0.0,0.0,0.0,0.2728017678733906
2024-10-21T12:00:02.605471012Z,AAPL,0.0,0.0,-1.7833259028087383,0.0,0.0,0.0,0.0,0.0,0.0,0.0,-0.16400635570554203
2024-10-21T12:00:02.834037742Z,AAPL,0.0,2.1141649048625792,0.0,0.0,0.0,0.0,0.0,0.0,0.0,0.0,0.1881140866778354
2024-10-21T12:00:03.047639596Z,AAPL,0.0,-2.1141649048625792,0.0,0.0,0.0,0.0,0.0,0.0,0.0,0.0,-0.1881140866778354
2024-10-21T12:00:03.047650452Z,AAPL,0.0,-0.11129660545353368,-0.1991192801072181,-0.32985156679494226,-1.0458759210839077,-0.132890365448505,-0.9760425909494232,-0.449034575662326,-0.6218202374222724,-0.0036055525509284293,-0.3682190316023291
2024-10-21T12:00:03.057465668Z,AAPL,0.0,2.2259321090706736,0.07399186089530152,0.5673758865248226,0.14261944378416924,1.4617940199335548,0.08873114463176575,0.4939380332285586,1.1305822498586773,0.19830539030106362,0.6738077632866972
2024-10-21T12:00:03.060752951Z,AAPL,0.0,-0.11750881316098709,-0.1855486173059768,-0.3605769230769231,-0.9869896814715119,-0.14285714285714285,-1.0087116001834022,-0.4302463160159191,-0.7601935038009676,-0.0034379028792436614,-0.38093148741397564
2024-10-21T12:00:03.162897564Z,AAPL,0.0,4.439511653718092,0.0691085003455425,0.6194163192376414,0.13458950201884254,1.5714285714285714,0.09170105456212747,0.473270947617511,1.3821700069108502,0.18908465835840138,0.9100783430885294
2024-10-21T12:00:03.902053598Z,AAPL,0.0,4.206098843322819,0.0,0.0,0.0,0.0,0.0,0.0,0.0,0.0,0.3742501072497
2024-10-21T12:00:04.046818528Z,AAPL,0.0,-0.11068068622025458,-0.1685575364667747,-0.3931847968545216,-0.9343809726056488,-0.15444015444015444,-1.0436432637571158,-0.41296716911005577,-0.9777777777777777,-0.00328515111695138,-0.40063555444245597
2024-10-21T12:00:04.147280360Z,AAPL,0.0,4.195070791819612,0.06296237997796317,0.6744487678339819,0.12741558717349757,1.6988416988416988,0.09487666034155597,0.4542638860210613,1.7777777777777777,0.1806833114323259,0.943705708488846
2024-10-21T12:00:06.012108650Z,AAPL,0.0,-0.10534632604687912,-0.15831937890089817,-0.38910505836575876,-0.9343809726056488,-0.15444015444015444,-1.0436432637571158,-0.41296716911005577,-0.9777777777777777,-0.00328515111695138,-0.398794319758935
2024-10-21T12:00:06.012122140Z,AAPL,0.0,0.0,1.152405646787669,0.6675224646983311,0.12741558717349757,1.6988416988416988,0.09487666034155597,0.4542638860210613,1.7777777777777777,0.1806833114323259,0.6699076283642695
2024-10-21T12:00:06.101295300Z,AAPL,0.0,0.0,-0.14563786584511973,-0.4319654427645788,-0.8870967741935484,-0.16806722689075632,-1.0810810810810811,-0.3970223325062035,-1.3698630136986303,-0.0031453959267122747,-0.428029105094203
2024-10-21T12:00:06.101307454Z,AAPL,0.0,0.0,2.0741508944775733,0.7402135231316725,0.12096774193548387,1.8487394957983194,0.09828009828009827,0.43672456575682383,2.4906600249066004,0.17299677596917512,0.8445468919392225
2024-10-21T12:00:07.067376608Z,AAPL,0.0,0.0,0.0,0.0,0.0,0.0,0.0,0.0,0.0,0.0,0.0
2024-10-21T12:00:07.067376608Z,AAPL,-0.13205678441729946,-4.69208211143695,-0.12230977302128661,-0.422237860661506,-0.8870967741935484,-0.16806722689075632,-1.0810810810810811,-0.3970223325062035,-1.3698630136986303,-0.0031453959267122747,-0.8479015603328193
2024-10-21T12:00:07.067419673Z,AAPL,-0.26143790849673204,-1.5286624203821657,-0.11991845545029381,-9.411764705882353,-0.21285304952926729,-3.284072249589491,-0.4433249370277078,-0.6238606441158598,-7.770762506070908,-0.0033142762449250144,-2.4275808509835506
2024-10-21T12:00:07.067421371Z,AAPL,0.0,-1.8867924528301887,0.0,0.0,0.0,0.0,0.0,0.0,0.0,0.0,-0.16788294905399276
2024-10-21T12:00:07.067467022Z,AAPL,0.0,-0.17179023508137434,-0.7394626571358147,-0.5924170616113744,-3.195526263231476,-0.42037186742118027,-1.9970044932601096,-0.19002375296912113,-2.4006235385814496,-1.4265335235378032,-1.1377512453574652
2024-10-21T12:00:07.086677914Z,AAPL,0.0,1.7323516673884798,0.0,0.0,0.0,0.0,0.0,0.0,0.0,0.0,0.15414112256148316
2024-10-21T12:00:07.088999005Z,AAPL,0.0,-1.7346053772766696,0.0,0.0,0.0,0.0,0.0,0.0,0.0,0.0,-0.15434165307652412
2024-10-21T12:00:07.089009480Z,AAPL,0.0,-0.2457466918714556,-0.07893698197605578,-2.5186033199771036,-0.06906077348066297,-1.981981981981982,-0.9021199819576005,-0.2709693311984235,-0.014104372355430182,-0.19042178425211845,-0.7261819931829335
2024-10-21T12:00:07.149589050Z,AAPL,0.0,-0.14847809948032664,-0.5905247617769427,-0.23121387283236994,-0.7228519796287168,-1.8248175182481752,-0.4861878453038674,-0.0052260256075254774,-0.6805035726437564,-0.19421246844047388,-0.553455773483829
2024-10-21T12:00:07.149680427Z,AAPL,0.0,0.0,0.16102165463631316,2.4122807017543857,0.06465168902537578,1.9349164467897977,0.8770006577504933,0.3033227629946229,0.013166556945358789,0.19710259189908347,0.6953600474267252
2024-10-21T12:00:07.173766393Z,AAPL,0.0,1.5075376884422111,0.14602803738317757,7.011393514460999,0.17310252996005326,3.292181069958848,0.38757982823166703,0.8860759493670886,4.793289394847214,0.004191554018652416,1.916964331921786
2024-10-21T12:00:07.190951663Z,AAPL,0.0,0.0,1.203550473897999,0.4344569288389513,0.7541995200548509,0.15467904098994584,0.9930038366057323,0.5964807634953773,0.5887075194005887,0.004472271914132379,0.4528630407616693
2024-10-21T12:00:07.323764357Z,AAPL,3.3003300330033003,0.2684563758389262,2.340207693432792,0.3890759446315002,1.349300050598752,0.7079646017699115,1.3595232840432574,2.389486260454002,0.010834236186348862,2.699662542182227,1.4310598801634606
2024-10-21T12:00:07.337509459Z,AAPL,0.0,0.0,1.1069600110696,0.0,0.0,0.0,0.0,0.0,0.0,0.0,0.10180330866127875
2024-10-21T12:00:07.338114020Z,AAPL,0.0,0.0,-1.0809350087825969,0.0,0.0,0.0,0.0,0.0,0.0,0.0,-0.09940987862384293
2024-10-21T12:00:07.646720038Z,AAPL,0.0,0.0,0.0,0.0,0.0,0.0,0.0,0.0,0.0,0.0,0.0
2024-10-21T12:00:07.956169614Z,AAPL,0.0,0.0,1.0043942247332078,0.0,0.0,0.0,0.0,0.0,0.0,0.0,0.09237068571187214
2024-10-21T12:00:07.965852395Z,AAPL,0.0,0.0,1.0043942247332078,0.0,0.0,0.0,0.0,0.0,0.0,0.0,0.09237068571187214
2024-10-21T12:00:07.965864571Z,AAPL,0.0,0.0,-1.918695287204701,0.0,0.0,0.0,0.0,0.0,0.0,0.0,-0.17645581285407402
2024-10-21T12:00:08.010134216Z,AAPL,0.0,0.0,-0.9829217348568621,0.0,0.0,0.0,0.0,0.0,0.0,0.0,-0.09039593459823832
2024-10-21T12:00:08.010145977Z,AAPL,0.0,2.511773940345369,-0.14933058702368693,-1.5652792600498042,-0.06345177664974619,-2.109300095877277,-0.7966540529774945,-0.3332828359339494,-0.011719894520949311,-0.23070711731456917,-0.40734781940384335
2024-10-21T12:00:08.944714285Z,AAPL,0.0,0.0,0.0,2.5974025974025974,0.29100529100529104,2.682926829268293,3.0435609663306065,0.006496670456391099,6.06366851945427,0.024621445278837868,1.5287414831698156
2024-10-21T12:00:08.944755705Z,AAPL,0.0,0.0,0.0,-0.3854389721627409,-1.306762495916367,-0.7857142857142857,-1.1498973305954825,-2.516514627241271,-0.011412268188302425,-2.736290046744955,-1.0579461325164132
2024-10-21T12:00:11.760000282Z,AAPL,0.0,3.1189083820662766,0.07048044167743452,0.4748260335652886,0.698856416772554,0.19193857965451055,0.8048289738430583,0.6056935190793459,0.7083065035415325,0.004268943436499467,0.6238748971518411
2024-10-21T12:00:14.055732875Z,AAPL,0.0,-0.2514668901927913,-0.13232945471138488,-1.7322834645669292,-0.066711140760507,-1.9981834695731155,-0.7392348918868971,-0.31814895155459144,-0.013797861331493619,-0.20792182139515542,-0.6429558800220153
2024-10-21T12:00:14.158979266Z,AAPL,0.0,3.6248300860897147,0.0,0.0,0.0,0.0,0.0,0.0,0.0,0.0,0.3225299972763612
2024-10-21T12:00:14.450532708Z,AAPL,0.0,0.0,0.0,0.0,0.0,0.0,0.0,0.0,0.0,0.0,0.0
2024-10-21T12:00:15.203702787Z,AAPL,0.0,0.0,0.0,0.0,0.0,0.0,0.0,0.0,0.0,0.0,0.0
2024-10-21T12:00:15.819869942Z,AAPL,0.0,-3.2935364347468092,0.0,0.0,0.0,0.0,0.0,0.0,0.0,0.0,-0.29305216302549575
2024-10-21T12:00:15.819882720Z,AAPL,0.0,0.0,0.7877892663712457,0.0,0.0,0.0,0.0,0.0,0.0,0.0,0.07245027195421581
2024-10-21T12:00:15.838554673Z,AAPL,0.0,0.0,-1.4911463187325256,0.0,0.0,0.0,0.0,0.0,0.0,0.0,-0.13713560329824073
2024-10-21T12:00:15.866578232Z,AAPL,0.0,0.0,-0.1044574515983791,0.0,0.0,0.0,0.0,0.0,0.0,0.0,-0.009606592903717598
2024-10-21T12:00:15.866633819Z,AAPL,0.0,0.0,0.0,0.4786010124252186,0.8899676375404532,0.17467248908296942,0.8124076809453471,0.4392708104546453,1.9555555555555555,0.0033433634236041455,0.4508672202279127
2024-10-21T12:00:15.951171652Z,AAPL,0.0,0.0,0.0,3.41296928327645,0.36758563074352546,2.566666666666667,2.82585658777817,0.004594004823705065,13.921113689095128,0.01759169671914856,2.2880230430995128
2024-10-21T12:00:15.951251227Z,AAPL,0.0,0.0,0.0,-0.46114432109308284,-1.670843776106934,-0.7333333333333333,-1.0879547862945955,-1.8376019294820258,-0.02320185614849188,-2.1110036062978272,-0.9192436255328232
2024-10-21T12:00:16.054719712Z,AAPL,0.0,0.0,-0.09691547852017521,-1.8151815181518152,-0.08532423208191126,-1.76,-0.7077140835102618,-0.25398291387670285,-0.023952095808383235,-0.17516202487300753,-0.5800867400814002
2024-10-21T12:00:16.157998016Z,AAPL,0.0,0.0,0.7596619504320578,0.42939719240297275,0.9385665529010239,0.16,0.778485491861288,0.46178711613945966,1.3173652694610778,0.0035032404974601507,0.45910205336921384
2024-10-21T12:00:16.338916301Z,AAPL,0.0,0.0,0.7455036809244246,0.0,0.0,0.0,0.0,0.0,0.0,0.0,0.0685614119555551
2024-10-21T12:00:16.393554950Z,AAPL,0.0,0.0,-0.7596619504320578,0.0,0.0,0.0,0.0,0.0,0.0,0.0,-0.0698634993538184
2024-10-21T12:00:16.393566799Z,AAPL,0.0,0.0,0.7596619504320578,0.0,0.0,0.0,0.0,0.0,0.0,0.0,0.0698634993538184
2024-10-21T12:00:30.257881806Z,AAPL,0.0,3.6613272311212817,-0.09878419452887538,-1.8204385601985933,-0.08532423208191126,-1.76,-0.7077140835102618,-0.25398291387670285,-0.023952095808383235,-0.17516202487300753,-0.2550288377376452
2024-10-21T12:00:31.949871042Z,AAPL,0.0,-4.030226700251889,0.0,0.0,0.0,0.0,0.0,0.0,0.0,0.0,-0.3586013622110475
2024-10-21T12:00:31.949883226Z,AAPL,0.0,0.0,0.7479431563201198,0.48148148148148145,0.8899676375404532,0.17467248908296942,0.8124076809453471,0.4392708104546453,1.9555555555555555,0.0033433634236041455,0.51995306880993
2024-10-21T12:00:34.385769828Z,AAPL,0.0,4.444444444444445,-0.09713271691416829,-1.9634091923248551,-0.08257638315441784,-1.8410041841004183,-0.7399186089530151,-0.2427988080785785,-0.03734827264239029,-0.1664863065012903,-0.21329205731491363
2024-10-21T12:00:34.427987983Z,AAPL,0.0,0.0,-0.40786058583611423,-0.18682858477347034,-0.8899676375404532,-1.680672268907563,-0.4103711994030964,-0.004440990340846008,-1.7857142857142858,-0.1664863065012903,-0.600154359649486
2024-10-21T12:00:34.428063663Z,AAPL,0.0,0.0,0.10382868267358858,2.055114432508174,0.08090614886731393,1.8487394957983194,0.7461294534601753,0.24425446874653045,0.03571428571428571,0.1664863065012903,0.6204852141475661
2024-10-21T12:00:35.519789038Z,AAPL,0.0,-4.444444444444445,0.0,0.0,0.0,0.0,0.0,0.0,0.0,0.0,-0.39545761332718293
2024-10-21T12:00:35.519800735Z,AAPL,0.0,0.0,0.7301268595418454,0.5439533754249636,0.8723235527359239,0.17543859649122806,0.8192142990132191,0.4418912947414936,1.8739352640545144,0.0033433634236041455,0.5170036690619253
2024-10-21T12:00:40.233143021Z,AAPL,0.0,0.0,-1.4378145219266716,0.0,0.0,0.0,0.0,0.0,0.0,0.0,-0.13223086119609304
2024-10-21T12:00:40.246039339Z,AAPL,0.0,0.0,-0.10249839846252402,-2.225594334850784,-0.07776049766718507,-2.018348623853211,-0.7433562534844824,-0.24183796856106407,-0.03257328990228013,-0.1678556441460344,-0.6613556136726587
2024-10-21T12:00:40.246051577Z,AAPL,0.0,0.0,0.7321984257733847,0.0,0.0,0.0,0.0,0.0,0.0,0.0,0.0673377733566778
2024-10-21T12:00:40.301104866Z,AAPL,0.0,-8.0,0.10206974766090163,3.7209302325581395,0.3528468323977546,2.6899563318777293,2.843433445885907,0.004598758335249483,13.136288998357964,0.0176678445229682,1.5650317745269122
2024-10-21T12:00:40.317525489Z,AAPL,0.0,0.0,-0.109717868338558,0.0,0.0,0.0,0.0,0.0,0.0,0.0,-0.010090375356319419
2024-10-21T12:00:40.317579213Z,AAPL,0.0,0.0,0.0,0.4603174603174603,0.0,0.0,0.0,0.0,0.0,0.0,0.04795574359968163
2024-10-21T12:00:40.436754233Z,AAPL,0.0,0.0,0.8303061754021795,0.6641509433962264,1.3731609451627285,5.2356020942408374,0.007029876977152899,2.8694404591104736,0.08818342151675485,0.24383164005805516,1.3330984366704541
2024-10-21T12:00:40.436793684Z,AAPL,0.0,0.0,-0.12713211145248438,-2.805049088359046,-0.4064665127020785,-1.9456727732154135,-2.6954177897574123,-0.005021971123666039,-8.371119637251482,-0.02053388090349076,-1.6396287029455232
2024-10-21T12:00:51.186556234Z,AAPL,5.420054200542006,0.10012515644555695,0.0675371454299865,2.500781494216943,1.32286462050916,0.1221001221001221,0.7117437722419928,0.5286809410520751,0.634737449509521,0.004373974849644614,0.8136663687977772
2024-10-21T12:00:51.249667336Z,AAPL,-0.009923096005953857,-1.4580801944106927,-1.994368840919756,-0.3554502369668246,-1.890359168241966,-0.5372405372405372,-0.9964412811387899,-2.1147237642083003,-0.011540680900173109,-2.6243849097867686,-1.3110782722003138
2024-10-21T12:00:51.987589245Z,AAPL,0.0,0.0,0.0,2.1316280309086064,0.0,0.0,0.0,0.0,0.0,0.0,0.2220724089623891
2024-10-21T12:00:51.987648731Z,AAPL,0.0,0.0,0.9995002498750625,0.0,0.0,0.0,0.0,0.0,0.0,0.0,0.09192060366005267
2024-10-21T12:00:51.988166858Z,AAPL,0.0,0.0,0.0,0.0,-0.2642369020501139,0.0,0.0,0.0,0.0,0.0,-0.022655218985470307
2024-10-21T12:00:51.988248573Z,AAPL,0.0,0.0,0.1358056933925307,0.0,0.0,0.0,0.0,0.0,0.0,0.0,0.012489582987772006
2024-10-21T12:00:52.042752970Z,AAPL,0.0,0.0,0.0,-1.6349887594522787,0.0,0.0,0.0,0.0,0.0,0.0,-0.17033266928997473
2024-10-21T12:00:52.042765437Z,AAPL,0.0,0.0,1.0924484500887615,0.3397555417443547,0.0,0.0,0.0,0.0,0.0,0.0,0.1358643670783264
2024-10-21T12:00:53.989325211Z,AAPL,0.0,0.0,-0.23167113999152422,-0.8924949290060852,-0.08908685968819599,-1.4735432016075016,-0.639284001917852,-0.28368794326241137,-0.011176306230790724,-0.22227161591464772,-0.458436021803763
2024-10-21T12:00:53.989336874Z,AAPL,0.0,0.0,2.1990104452996153,0.337171052631579,0.9586056644880174,0.1386001386001386,0.7020903143449816,0.5128205128205128,0.6055601431323975,0.00446977315901218,0.5140222138912605
2024-10-21T12:00:53.998541135Z,AAPL,0.0,0.0,0.0,-0.2179379715004191,0.0,0.0,0.0,0.0,0.0,0.0,-0.02270471659862951
2024-10-21T12:00:53.998594585Z,AAPL,0.0,0.0,0.0,0.0,0.0,0.38393174546747244,0.0,0.0,0.0,0.0,0.05450294867142078
2024-10-21T12:00:57.883000000Z,AAPL,0.0,0.0,0.0,0.0,0.0,-0.38393174546747244,0.0,0.0,0.0,0.0,-0.05450294867142078
2024-10-21T12:00:57.883056751Z,AAPL,0.0,0.0,0.0,0.0,0.2242059373053768,0.0,0.0,0.0,0.0,0.0,0.019223032695609626
2024-10-21T12:00:58.996621223Z,AAPL,0.0,0.0,-0.0818330605564648,-1.1684434968017057,-0.08303923603902845,-1.6218208625138222,-0.6362334976936536,-0.2788339670468948,-0.010692328254477412,-0.2259631680036154,-0.4937021991534639
2024-10-21T12:00:58.996633732Z,AAPL,0.0,0.0,2.073344563949721,0.0,0.0,0.0,0.0,0.0,0.0,0.0,0.19067837545550384
2024-10-21T12:01:00.317542037Z,AAPL,0.0,0.0,-1.008827238335435,0.0,0.0,0.0,0.0,0.0,0.0,0.0,-0.09277837474086527
2024-10-21T12:01:01.594618675Z,AAPL,0.0,0.0,0.9588876902792761,0.0,0.0,0.0,0.0,0.0,0.0,0.0,0.08818560610033102
2024-10-21T12:01:02.481414409Z,AAPL,0.0,0.0,-0.9543122986997495,0.0,0.0,0.0,0.0,0.0,0.0,0.0,-0.08776482305798182
2024-10-21T12:01:02.481427194Z,AAPL,0.0,0.0,1.822738664843928,0.1529831718510964,0.9761311008193801,0.22014309301045681,0.8049762166117819,0.4286785982209838,1.5770609318996416,0.003413260517108968,0.5625966033349722
2024-10-21T12:01:02.481437815Z,AAPL,0.0,0.0,0.8735531775496834,0.0,0.0,0.0,0.0,0.0,0.0,0.0,0.08033768417722884
2024-10-21T12:01:02.481449719Z,AAPL,0.0,0.0,0.0,-2.2522522522522523,-0.21443888491779842,-4.294149221685453,-0.34442270058708413,-0.649514972585407,-13.389121338912133,-0.0034144259496372174,-2.1655620273276734
2024-10-21T12:01:02.537411197Z,AAPL,0.0,0.0,0.0,-2.39736290080911,0.0,0.0,0.0,0.0,0.0,0.0,-0.24975659299845562
2024-10-21T12:01:02.855205010Z,AAPL,0.0,0.0,1.718028562224847,0.0,0.0,0.0,0.0,0.0,0.0,0.0,0.15800118365619276
2024-10-21T12:01:04.580232646Z,AAPL,0.0,0.0,-0.06584000877866784,-1.8091779465170024,-0.08028904054596547,-1.8099547511312217,-0.8385744234800838,-0.2528445006321112,-0.01710863986313088,-0.20066218521119694,-0.5995700858788618
2024-10-21T12:01:04.580244325Z,AAPL,0.0,0.0,1.725625539257981,0.21321961620469085,1.1324653854102087,0.15461925009663705,0.944206008583691,0.47309284447072736,0.803799780781878,0.004269854824935952,0.5127265718766265
2024-10-21T12:01:04.634702173Z,AAPL,0.0,0.0,-0.8328128253175099,-0.38109756097560976,0.0,0.0,0.0,0.0,0.0,0.0,-0.11629357072640639
2024-10-21T12:01:04.658981181Z,AAPL,0.0,0.0,0.0,0.0,1.693838661867457,0.6416332482683194,1.353846153846154,1.9490802777439395,0.012755102040816325,2.7369141293191928,0.9957646883039095
2024-10-21T12:01:04.659042935Z,AAPL,0.0,0.0,0.0,0.0,-0.2564102564102564,-2.85816362986781,-0.3955056179775281,-0.7692307692307693,-4.458066313736417,-0.0049255017854943975,-0.9438438397349314
2024-10-21T12:01:04.741629959Z,AAPL,0.0,0.0,-0.061823802163833076,-2.1207430340557276,-0.09070294784580499,-1.4402618657937807,-0.9237875288683602,-0.2850848775430867,-0.010167768174885614,-0.2641658961828028,-0.6011167487395719
2024-10-21T12:01:04.741641481Z,AAPL,0.0,0.0,1.6503352243424445,0.0,0.0,0.0,0.0,0.0,0.0,0.0,0.15177565996803746
2024-10-21T12:01:04.804426665Z,AAPL,0.0,-2.3529411764705883,0.10515247108307045,0.4250797024442083,1.9801980198019802,0.5200945626477542,1.4666666666666666,2.167727950142257,0.009467455621301775,3.3946251768033946,0.9841951033544019
2024-10-21T12:01:04.818909404Z,AAPL,0.0,0.0,0.0,-0.3701165181631254,0.0,0.0,0.0,0.0,0.0,0.0,-0.03855863480563374
2024-10-21T12:01:04.818994775Z,AAPL,0.0,0.0,0.0,0.0,0.0,0.3198172472872644,1.0501193317422435,0.5452562704471101,0.5274514504914888,0.0056187666807135835,0.2510467189705581
2024-10-21T12:01:04.857007035Z,AAPL,0.0,0.0,1.7158176943699732,0.20754064337599445,1.1244569384104268,0.11757789535567313,0.2719766877124818,0.5953186307671492,0.936768149882904,0.308815272318922,0.510754456375787
2024-10-21T12:01:05.922932529Z,AAPL,0.0,0.0,0.0,2.7220142905750255,0.4563131967850661,1.8053927315357563,3.7278657968313142,0.005676174258549737,4.830917874396135,0.030609121518212427,1.3891610544374096
2024-10-21T12:01:05.922966254Z,AAPL,0.0,0.0,0.0,0.0,0.0,0.0,-0.9674582233948988,-0.5976393246675632,-0.3913894324853229,-0.006791171477079796,-0.19047997656322863
2024-10-21T12:01:05.923028260Z,AAPL,0.0,0.0,0.0,-0.4050279329608939,-2.0507562163547806,-0.5298013245033113,-1.3514699429574375,-2.3745918670228554,-0.007048458149779736,-4.108885464817668,-1.311033785018152
2024-10-21T12:01:05.923061114Z,AAPL,0.0,0.0,0.0,0.0,0.306044376434583,1.3245033112582782,0.08952551477170993,0.6477255998822318,0.6927606511950122,0.37632569278138894,0.4082446153477337
2024-10-21T12:01:06.781424093Z,AAPL,0.0,0.0,-0.07246376811594203,-0.4355716878402904,-1.1299435028248588,-0.12040939193257075,-0.9847806624888092,-0.5888414544383925,-0.3810183581572567,-0.006842285323297981,-0.35643242895368304
2024-10-21T12:01:06.781437182Z,AAPL,0.0,0.0,0.9900990099009901,0.2178649237472767,0.31687351465540003,1.2857977790765636,0.09157509157509157,0.6467734822872263,0.6874033339061695,0.3728813559322034,0.5165136596313941
2024-10-21T12:01:07.185212354Z,AAPL,0.0,0.0,-0.07797270955165692,-0.4618937644341801,-1.1195928753180662,-0.12247397428046539,-0.9825815096025011,-0.5674563767910342,-0.4059040590405904,-0.006154793045083859,-0.3589181433098874
2024-10-21T12:01:07.185224829Z,AAPL,0.0,0.0,2.0752269779507135,0.0,0.0,0.0,0.0,0.0,0.0,0.0,0.19085149460312884
2024-10-21T12:01:07.565767784Z,AAPL,0.0,0.0,2.0752269779507135,0.26420079260237783,0.2901353965183752,1.440733464309103,0.0869943453675511,0.5827042775791286,0.8570816370259268,0.28383434395561863,0.6352909206335017
2024-10-21T12:01:07.595799579Z,AAPL,0.0,0.0,0.0,0.0,-0.9986382206082615,-0.14295925661186562,-0.9325985587113184,-0.510073960724305,-0.5090236001850995,-0.00481869654258523,-0.2946886441175541
2024-10-21T12:01:07.595852119Z,AAPL,0.0,0.0,0.0,0.0,0.25962399283795884,1.6046681254558717,0.08460236886632826,0.5433440355643369,1.0080645161290323,0.2457002457002457,0.4410410518010348
2024-10-21T12:01:09.437841151Z,AAPL,0.004201239365612856,2.9027576197387517,0.05312084993359894,7.285974499089253,0.1328609388839681,0.44529750479846447,0.9094667217858619,0.0484613520717228,1.2141280353200883,0.41442188147534187,1.3670028439543254
2024-10-21T12:01:11.781701764Z,AAPL,0.0,0.0,0.0,-0.2727272727272727,-0.2631578947368421,-1.6266173752310535,-0.08442380751371886,-0.5324298160697,-1.0902153175252114,-0.2266639192252215,-0.4761657796178937
2024-10-21T12:01:11.781713240Z,AAPL,0.0,0.0,0.0,6.144393241167435,0.0,0.0,0.0,0.0,0.0,0.0,0.6401211603961955
2024-10-21T12:01:13.838979517Z,AAPL,0.0,0.0,0.0,0.0,-0.9282700421940928,-0.1671541997492687,-0.9038619556285948,-0.4539779820678697,-0.7407407407407407,-0.003666697222476854,-0.30445049042169986
2024-10-21T12:01:13.839070933Z,AAPL,0.0,0.0,0.0,0.0,0.22727272727272727,1.9669199821189094,0.0818330605564648,0.4828797190517998,1.4981273408239701,0.19108833492573613,0.518973494243181
2024-10-21T12:01:33.939295458Z,AAPL,0.0,0.0,0.0,4.664723032069971,0.12162983985404419,0.5197215777262181,0.898325847284606,0.04411602514613433,1.583303346527528,0.34593098676813977,0.8610103983938447
2024-10-21T12:01:35.962900590Z,AAPL,0.0,-0.7386888273314867,0.0,0.0,0.0,0.0,0.0,0.0,0.0,0.0,-0.06572702714579218
2024-10-21T12:01:35.963468384Z,AAPL,0.0,0.0,-0.25151583202335503,0.0,0.0,0.0,0.0,0.0,0.0,0.0,-0.023131046853202025
2024-10-21T12:01:35.963501831Z,AAPL,0.0,0.0,0.0,1.7532325224632916,0.3751065643648764,2.798727850976829,3.0557677616501144,0.004743270484999408,6.756756756756757,0.017917935853789643,1.5268003000147292
2024-10-21T12:01:36.017994443Z,AAPL,0.0,0.6299212598425197,0.0,0.0,0.0,0.0,0.0,0.0,0.0,0.0,0.05604911055030939
2024-10-21T12:01:36.018008103Z,AAPL,-1.6909744240118367,0.6158583525789069,0.0,0.0,0.0,0.0,0.0,0.0,0.0,0.0,-0.016133253429687335
2024-10-21T12:01:37.328372588Z,AAPL,0.0,0.0,-0.37583892617449666,-0.3692093347265761,-1.8152938506920808,-0.7804878048780488,-1.158330199323054,-1.9624678032626028,-0.010893246187363835,-2.104340201665936,-0.9802805483046421
2024-10-21T12:01:37.328448858Z,AAPL,-1.936108422071636,-0.00298040384472096,-2.2099447513812156,-0.18282729350310153,-0.4994110718492344,-3.4349506225848003,-0.3315749811605125,-0.7890354809786089,-3.9206076941926,-0.00368629619389918,-1.2973408963201603
2024-10-21T12:01:37.328482738Z,AAPL,0.0,0.0,0.0,0.0,0.28176100628930817,0.0,0.0,0.0,0.0,0.0,0.024157705640373107
2024-10-21T12:01:37.359224760Z,AAPL,0.0,0.0,0.0,0.0,0.0,-1.6547574276043626,-0.07861635220125786,-0.6089965397923875,-0.8107012565869477,-0.22559474979491384,-0.41073447533491003
2024-10-21T12:01:37.359337685Z,AAPL,0.0,0.0,0.0,0.0,0.0,0.40931545518701484,0.8838891120932101,0.05806357961968356,0.8166295471417967,0.4323389537397319,0.29357415055771596
2024-10-21T12:01:37.396952090Z,AAPL,0.0,0.0,0.0,1.0786032088445463,0.0,0.0,0.0,0.0,0.0,0.0,0.11236857905296567
2024-10-21T12:01:37.923006207Z,AAPL,0.0,0.0,0.0,0.13161358252171626,2.476780185758514,0.6010928961748634,1.2399355877616747,2.4794669146133583,0.00683526999316473,2.7282027964078663,1.1092446544918548
2024-10-21T12:01:37.923035401Z,AAPL,0.0,0.0,0.0,0.0,0.0,-1.453104359313078,-0.08216926869350863,-0.6807983908401671,-0.6783110055960657,-0.24855948480397694,-0.38117676457759064
2024-10-21T12:01:37.923099010Z,AAPL,0.0,0.0,0.0,0.0,0.34471752314075965,0.20456870098874871,0.8856682769726247,0.06286342920006287,0.74487895716946,0.44964028776978415,0.29099516225853517
2024-10-21T12:01:37.923141688Z,AAPL,0.0,0.0,-0.5691056910569106,0.0,0.0,0.0,0.0,0.0,0.0,0.0,-0.05233869493765682
2024-10-21T12:01:42.535186906Z,AAPL,0.017929179740026894,0.5127097285230792,0.5081300813008129,0.9861932938856015,0.589219953130231,2.099522835719155,3.0109145652992098,0.0068212824010914054,3.6832412523020257,0.023963575365444523,1.1791887496002185
2024-10-21T12:01:42.535199542Z,AAPL,0.0,-0.5823687850331222,-3.356907119283357,-0.12669453946534906,-2.680067001675042,-0.6199365973934484,-1.1377909124492058,-2.775850104094379,-0.006129328838492185,-2.8602073650339648,-1.5289648892188692
2024-10-21T12:01:42.538298989Z,AAPL,0.0,0.0,0.4986642920747997,0.0,0.0,0.0,0.0,0.0,0.0,0.0,0.045860441512604024
2024-10-21T12:01:42.538396440Z,AAPL,0.0,0.0,0.0,0.0,-0.4104067423964823,-2.7538726333907055,-0.32568467801628426,-1.1561561561561562,-2.2889842632331905,-0.005040322580645161,-0.7777703063102877
2024-10-21T12:01:44.767942496Z,AAPL,0.0,0.0,0.0,1.1032960970900565,0.0,0.0,0.0,0.0,0.0,0.0,0.11494107720808804
2024-10-21T12:01:44.773272494Z,AAPL,0.0,0.0,0.0,0.0,-0.2503128911138924,-1.3390139987827145,-0.07867820613690009,-0.8914100486223663,-0.5142710208279764,-0.32870162856715973,-0.40454411422720316
2024-10-21T12:01:44.773315201Z,AAPL,0.0,0.0,0.0,0.0,0.46511627906976744,0.17497812773403326,0.8845999195818255,0.08528784648187633,0.5380946557417146,0.6563833278634723,0.31338657240359213
2024-10-21T12:01:46.087712989Z,AAPL,1.7167381974248928,0.0034077355597205657,6.05143721633888,0.06371455877668047,3.3264033264033266,0.29945292254534983,0.13265531726730045,0.8901476835929597,0.0507807540941983,0.7213114754098361,1.1820044361850015
2024-10-21T12:01:46.088087887Z,AAPL,-0.017167381974248927,-1.7259233690024163,-0.11757789535567313,-1.355243096730476,-0.43333333333333335,-0.17113519680547631,-1.0559155267578595,-0.07849293563579278,-0.5731405496938908,-0.6561679790026247,-0.6358685520131595
2024-10-21T12:01:48.662449384Z,AAPL,0.0,0.0,0.0,-0.1942472917444901,-0.25167785234899326,-1.2107870115575126,-0.10778765831312315,-0.8225836604972893,-0.5356903709655818,-0.36381676864560936,-0.41038504457994995
2024-10-21T12:01:48.662461832Z,AAPL,0.0,0.0,0.0,3.004130679684566,0.4678362573099415,0.15885623510722796,1.2218828103304638,0.07838526357044875,0.5593694380879736,0.7342143906020558,0.671367097680529
2024-10-21T12:01:48.663006081Z,AAPL,0.0,0.0,0.0,0.0,-0.272975432211101,-1.1401917595231925,-0.11425307055127105,-0.8456659619450317,-0.5091649694501018,-0.4071811956320563,-0.3893339822495139
2024-10-21T12:01:48.663060459Z,AAPL,0.0,0.0,0.0,0.0,0.0,0.3108003108003108,1.2567837760639817,0.07687872381318471,0.560081466395112,0.7403294466037387,0.3442076506812153
2024-10-21T12:01:50.803408210Z,AAPL,0.0,0.0,0.0,0.0,0.0,-1.1396011396011396,-0.11425307055127105,-0.8456659619450317,-0.5091649694501018,-0.4071811956320563,-0.3658456922678099
2024-10-21T12:01:50.803449763Z,AAPL,0.0,0.0,0.0,0.0,0.0,0.29015544041450775,1.2567837760639817,0.07687872381318471,0.560081466395112,0.7403294466037387,0.34127690498422814
2024-10-21T12:01:59.276468415Z,AAPL,-13.94700139470014,-0.032805708193225626,-3.989030167040638,-0.11705033164260631,-0.5038236617183985,-1.1164679015478305,-0.11761246692149367,-0.8297190269658684,-0.5098139179199592,-0.4106009705113849,-1.3721448160904748
2024-10-21T12:01:59.277562747Z,AAPL,0.032388663967611336,1.6139444803098772,0.09972575417601595,3.004130679684566,0.29254022428083865,0.2734375,1.3369796414463688,0.07909827961241843,0.5336567616737417,0.8405127127547805,0.8527833707639905
2024-10-21T12:02:01.448038651Z,AAPL,6.477732793522267,0.4784307471493502,0.2573340195573855,0.2025682763610056,3.900536323744515,0.43846537120079726,1.8165732822176348,3.2277587250353035,0.004845548152634767,4.995836802664447,2.0432490927028053
2024-10-21T12:02:05.406537956Z,AAPL,5.063291139240507,0.07958615200955034,0.2975557917109458,1.3550135501355014,0.9346787041954328,1.4890016920473774,4.399230134726423,0.00877577885037297,2.710639259091936,0.04751722499406035,1.3684748924568066
2024-10-21T12:02:05.406550192Z,AAPL,0.0,-0.6267627702914447,-0.27693159789531985,-0.1833961028328148,-4.275788348476751,-0.42409638554216866,-1.693703601869673,-3.5103115401491882,-0.00451773209848656,-5.702066999287242,-1.9419945766134274
2024-10-21T12:02:05.521390954Z,AAPL,-5.390835579514825,0.07929585282689716,0.3099059214167128,1.2684319010623115,0.9467455621301775,1.4797021378813355,4.399230134726423,0.00877577885037297,2.710639259091936,0.04751722499406035,0.9217613988504407
2024-10-21T12:02:07.782798949Z,AAPL,-4.7534165181224,-0.4776689754000478,-0.28893383415197915,-0.17204301075268819,-4.331348132106118,-0.421455938697318,-1.693703601869673,-3.5103115401491882,-0.00451773209848656,-5.702066999287242,-2.1324292385950168
2024-10-21T12:02:17.703470063Z,AAPL,3.275109170305677,0.08073631519457453,0.33542976939203356,1.1619462599854757,1.0482430017867779,1.4328913700860666,4.120525366984291,0.00961769656167348,2.538876547127896,0.05534034311012729,1.2369136188445533
2024-10-21T12:02:17.703482613Z,AAPL,0.0,-0.6458905215565962,-0.3111387678904792,-0.1580135440180587,-4.3501903208265364,-0.42348411934552455,-1.5426997245179064,-3.6322360953461974,-0.004417936823503424,-5.696653216235462,-1.9465010099835127
2024-10-21T12:02:17.758071973Z,AAPL,0.0,0.0,0.0,2.194486353037992,0.0,0.0,0.0,0.0,0.0,0.0,0.2286209712894929
2024-10-21T12:02:17.837786779Z,AAPL,0.0,-0.6356268870173208,0.0,0.0,0.0,0.0,0.0,0.0,0.0,0.0,-0.05655678563395274
2024-10-21T12:02:18.878119302Z,AAPL,0.0,0.0,0.0,0.0,0.0,-1.1847065158858374,-0.09252833680314596,-0.8555317907835894,-0.5091001654575538,-0.36605657237936773,-0.36452187981864753
2024-10-21T12:02:18.878154633Z,AAPL,0.0,0.0,0.0,0.0,-0.5400372439478585,-2.10637177461822,-0.4075961093098657,-1.1977445070970252,-2.0133383666792497,-0.006717044500419815,-0.6846003122762301
2024-10-21T12:02:18.939543004Z,AAPL,0.0,0.0,0.0,0.13986013986013987,3.4647033347769596,0.47096601552047096,1.423290203327172,2.9149207505920933,0.005306447333510215,3.6872023352281458,1.3889328866209214
2024-10-21T12:02:30.307162147Z,AAPL,0.0,0.0,0.0,0.0,0.0,0.3314285714285714,0.9695901278096077,0.0709849157054126,0.6154706952021262,0.5592059275828324,0.294305949487196
2024-10-21T12:02:44.176288366Z,AAPL,1.322314049586777,0.0,0.0,0.0,0.0,0.0,0.0,0.0,0.0,0.0,0.055466928343327365
2024-10-21T12:02:44.176621537Z,AAPL,-1.2602394454946442,0.0,0.0,0.0,0.0,0.0,0.0,0.0,0.0,0.0,-0.05286309333288132
2024-10-21T12:02:48.812722097Z,AAPL,-5.2328623757195185,-0.0285816362986781,-8.044243338360985,-0.07229786721291723,-0.38666666666666666,-1.444991789819376,-0.08216926869350863,-0.6904126784873686,-0.6720430107526881,-0.24581005586592178,-1.3824912160318226
2024-10-21T12:02:48.883865862Z,AAPL,0.0,0.0,-0.32102728731942215,-0.14624306606152293,-1.3468013468013469,-0.14342058085335246,-0.866482867270579,-0.6052352852171282,-0.3994190268700073,-0.00421274354923644,-0.3621030131585674
2024-10-21T12:02:48.883880917Z,AAPL,0.0,0.0,4.1365046535677354,0.07945967421533572,0.33593976252534025,1.6206261510128914,0.07861635220125786,0.6326383896477354,0.7844675426554226,0.2189272564434272,0.8222721454023951
2024-10-21T12:02:49.759332649Z,AAPL,0.0,0.0,4.9720323182100685,0.0,0.0,0.0,0.0,0.0,0.0,0.0,0.4572607282132142
2024-10-21T12:02:54.518612296Z,AAPL,0.0,0.6095238095238096,0.0,0.0,0.0,0.0,0.0,0.0,0.0,0.0,0.05423418697058509
2024-10-21T12:02:54.518624596Z,AAPL,-2.365464222353637,0.07993605115907274,0.620985010706638,1.1492601637695734,0.47956403269754766,2.30108330220396,2.9884198729921554,0.005518763796909493,4.918032786885246,0.01893580761219466,1.1952573664046895
2024-10-21T12:02:54.523940080Z,AAPL,0.0,0.0,-0.5058365758754864,-0.18110850897736144,-2.0833333333333335,-0.6644016610041525,-1.230031948881789,-2.065315606041048,-0.009365488176071177,-2.159827213822894,-1.0049328861604077
2024-10-21T12:02:54.524017462Z,AAPL,0.0,0.0,0.0,1.2919896640826873,0.4759329367225527,2.1682506159802886,3.104384943733023,0.0053705692803437165,4.938271604938271,0.019098548510313215,1.2393020752563602
2024-10-21T12:02:56.706628033Z,AAPL,0.0,0.0,-0.26666666666666666,-0.19927847448891942,-1.1600316372264698,-0.14169323414806942,-0.8537058595265813,-0.5306447333510215,-0.4578563995837669,-0.0038561650438638777,-0.34304603281290424
2024-10-21T12:02:56.706639645Z,AAPL,0.0,0.0,3.2773453502662844,0.10699001426533525,0.31772117228156666,1.4593698175787728,0.07547169811320754,0.6078187594971681,0.7415647015202077,0.22603513818966403,0.7162114455463491
2024-10-21T12:02:56.761416724Z,AAPL,-0.7505394502298527,-0.6069802731411229,-0.380517503805175,-0.2059813824519707,-2.093692750588851,-0.589219953130231,-1.2434396447315301,-2.067717756526234,-0.008359456635318705,-2.333949236604104,-1.1008064367929085
2024-10-21T12:02:56.763029737Z,AAPL,0.0,0.0,2.6507620941020544,0.0,0.0,0.0,0.0,0.0,0.0,0.0,0.2437814816749707
2024-10-21T12:02:56.828592562Z,AAPL,0.0,0.0,0.0,-0.2711547452080411,-0.2829931972789116,-2.419110976716057,-0.3789836347975883,-0.8008320332813312,-3.098373353989156,-0.004169272461955389,-0.7909886490553097
2024-10-21T12:02:56.828630121Z,AAPL,0.0,0.0,0.0,0.0,2.168609379235565,0.5193272351726174,1.3556338028169015,2.0533880903490758,0.007760962359332557,2.5133521834747095,0.9935150312744079
2024-10-21T12:02:58.875085988Z,AAPL,0.0,0.0,-2.0060180541624875,0.0,0.0,0.0,0.0,0.0,0.0,0.0,-0.18448658768682588
2024-10-21T12:02:58.875097976Z,AAPL,0.0,0.0,3.6546368204659663,0.0,0.0,0.0,0.0,0.0,0.0,0.0,0.3361043909068349
2024-10-21T12:02:59.629692844Z,AAPL,0.0,0.0,-0.13689253935660506,-0.42105263157894735,-1.1046949535525985,-0.12767315671879986,-0.9255363904080774,-0.4982561036372696,-0.46709129511677283,-0.003962750148603131,-0.3523057806965064
2024-10-21T12:02:59.629704420Z,AAPL,0.0,0.0,3.3521893987010265,0.25316455696202533,0.2902176632474356,1.3690105787181084,0.08594757198109154,0.5413385826771654,0.851063829787234,0.2189272564434272,0.7264345558733947
2024-10-21T12:03:04.465116162Z,AAPL,0.0,0.0,3.098973465039706,0.0,0.0,0.0,0.0,0.0,0.0,0.0,0.28500194138875135
2024-10-21T12:03:23.013257512Z,AAPL,0.0,0.0,-0.11609907120743035,-0.7187112763320942,-1.071602532878714,-0.1221001221001221,-0.9661835748792271,-0.480884828083674,-0.4746494066882416,-0.004038364462392731,-0.3808108339069585
2024-10-21T12:03:23.013270046Z,AAPL,0.0,0.0,3.0959752321981426,0.37174721189591076,0.28251339503166095,1.343101343101343,0.0878348704435661,0.5289733108920414,0.8629989212513485,0.2221100454316002,0.7114498054969264
2024-10-21T12:03:36.462240600Z,AAPL,-0.5128205128205128,0.0,0.0,0.0,0.0,0.0,0.0,0.0,0.0,0.0,-0.021511212594687853
2024-10-21T12:03:36.477257436Z,AAPL,0.0,0.0,0.0,0.0,0.0,0.3290246768507638,0.0,0.0,0.0,0.0,0.04670834148448216
2024-10-21T12:03:36.477483536Z,AAPL,0.0,0.0,0.0,0.0,-1.3352685050798259,-0.12106537530266345,-0.9661835748792271,-0.480884828083674,-0.4746494066882416,-0.004038364462392731,-0.31771783833181116
2024-10-21T12:03:36.477526397Z,AAPL,0.0,0.0,0.0,4.517221908526256,0.4306337166625887,1.858780929390465,3.2653061224489797,0.00505752939688962,4.625168625939487,0.021607605877268798,1.5156493046922375
2024-10-21T12:03:36.477570977Z,AAPL,0.0,0.0,0.0,-0.6758448060075093,-1.8382352941176472,-0.5670103092783506,-1.2957509465713084,-1.928175463967221,-0.0088008800880088,-2.4497295090333773,-1.0142379328354898
2024-10-21T12:03:37.922916443Z,AAPL,0.0,0.0,0.0,4.522328999434709,0.4088269454123113,1.9781631342324986,3.1372549019607843,0.005070351121815186,4.706805255932536,0.021862702229995628,1.5259394338412864
2024-10-21T12:03:37.922990125Z,AAPL,0.0,0.0,0.0,-0.6766917293233083,-1.75054704595186,-0.6060606060606061,-1.2434396447315301,-1.9328340178787147,-0.008978675645342313,-2.477035813809475,-1.011961757520702
2024-10-21T12:03:38.391113474Z,AAPL,0.002887878131542849,5.610098176718092,0.05933837709538644,8.918617614269788,0.1295616497516735,1.88911704312115,0.08680555555555555,0.5065039714515943,1.0253781081773903,0.21280711936544788,1.8971351803085952
2024-10-21T12:03:38.520085682Z,AAPL,0.0,0.0,0.0,0.0,0.0,0.39574935873946504,1.2293986636971046,0.04451368795904741,1.3285024154589373,0.36436509382401167,0.35990315436189424
2024-10-21T12:03:38.520115737Z,AAPL,0.0,0.0,0.0,0.0,0.0,0.0,-0.2440087145969499,0.0,0.0,0.0,-0.02421709427733631
2024-10-21T12:03:55.424131689Z,AAPL,0.0,0.0,0.0,0.0,0.0,-1.6628873771730912,-0.08714596949891068,-0.49516092730137296,-1.2040939193257074,-0.19958269073754878,-0.43293460770086856
2024-10-21T12:03:55.424188038Z,AAPL,0.0,0.0,0.0,0.0,0.0,0.4979253112033195,0.9166666666666666,0.044286979627989366,1.5001704739174906,0.3428473472186509,0.3553840962375604
2024-10-21T12:03:55.618218602Z,AAPL,0.547645125958379,0.1662510390689942,0.20801232665639444,2.152273338714017,0.3717001055966209,2.5245901639344264,3.1092110376991835,0.004687683112621587,6.775832862789385,0.017990465053521632,1.593085468652366
2024-10-21T12:03:55.618231402Z,AAPL,-0.7542189120392193,0.0,0.0,0.0,0.0,0.0,0.0,0.0,0.0,0.0,-0.031637118551629165
2024-10-21T12:03:55.674377683Z,AAPL,0.0,0.0,0.0,3.3133153862083247,0.0,0.0,0.0,0.0,0.0,0.0,0.3451802654114087
2024-10-21T12:03:55.688445687Z,AAPL,0.0,0.0,1.6715419974926868,0.3374880153403643,1.4480488951574988,5.563282336578581,0.007036059806508356,3.1393067364290386,0.04150238638721727,0.2630754776072659,1.4544860028717455
2024-10-21T12:03:55.688489469Z,AAPL,0.0,0.0,-0.24556616643929058,-1.386241552590539,-0.4309500489715965,-2.1197522367515482,-2.652959708174432,-0.005597537083683179,-4.421518054532056,-0.022150847269908073,-1.170160104979645
2024-10-21T12:03:55.728447009Z,AAPL,-0.8829047566493764,-0.7532956685499058,-0.249500998003992,-0.17549561260968477,-1.9656019656019657,-0.6227883934890304,-1.0047300603490459,-2.2707919386886175,-0.00735564545788893,-2.6449195503636767,-1.1432575640794485
2024-10-21T12:03:56.332225034Z,AAPL,0.0,0.0,0.0,0.0,0.0,-1.5037593984962405,-0.0663239927043608,-0.6235827664399093,-0.7295276308590188,-0.24101665205959685,-0.3846397278969212
2024-10-21T12:03:56.332253646Z,AAPL,0.0,0.0,0.0,1.1301031219098743,0.46254927726675427,2.0289855072463765,2.5489883702405605,0.006008712633318311,3.946070371588293,0.023438415563107936,1.0578515273720537
2024-10-21T12:03:56.332311467Z,AAPL,0.0,0.0,0.0,-0.14473331546502277,-2.110261144816671,-0.5797101449275361,-0.9813605225426159,-2.4034850533273246,-0.006576783952647155,-2.8126098675729523,-1.056463548080014
2024-10-21T12:03:56.332342495Z,AAPL,0.0,0.0,0.0,0.0,0.31645569620253167,0.20597322348094746,0.6899796142386702,0.06100350770169284,0.7222586999343401,0.4663091629750525,0.2697779546933087
2024-10-21T12:03:56.388992803Z,AAPL,0.0,0.0,3.0383592859855675,0.05103342689461598,0.0,0.0,0.0,0.0,0.0,0.0,0.28474411167983377
2024-10-21T12:03:56.896105724Z,AAPL,0.0,0.0,0.0,0.0,-0.16142050040355124,-1.513067400275103,-0.0663239927043608,-0.6399069226294357,-0.7151796888968354,-0.23589963542783615,-0.3992864277756497
2024-10-21T12:03:56.896208906Z,AAPL,0.0,0.0,0.0,0.0,0.31050734682561687,0.20597322348094746,0.7295639197479687,0.05894488653109343,0.7790368271954675,0.4244031830238727,0.27145708119162604
2024-10-21T12:04:00.333416396Z,AAPL,0.0,0.6619776582540339,-0.21703743895822028,-0.1494329553035357,-0.16483516483516483,-1.515673441267654,-0.07036059806508356,-0.6115357887421821,-0.7852375343541421,-0.21838395870557872,-0.37774137439027194
2024-10-21T12:04:00.453606564Z,AAPL,0.0,0.0,0.7297297297297297,0.0,0.0,0.0,0.0,0.0,0.0,0.0,0.06711073586407656
2024-10-21T12:04:00.453632315Z,AAPL,0.0,0.0,0.0,-0.08423417099536712,-1.2181616832779625,-0.1391304347826087,-0.7739665787159191,-0.5559416261292565,-0.4318806438947782,-0.0039706174310105225,-0.30338481162841174
2024-10-21T12:04:01.301464181Z,AAPL,0.0,0.05763227407348115,12.744651797906236,0.21893491124260356,0.16611295681063123,1.4874915483434752,0.07198128486593484,0.6031528444139822,0.7867820613690009,0.21936384484993518,1.596881520575374
2024-10-21T12:04:01.372206492Z,AAPL,0.0,0.0,-2.97729810197246,0.0,0.0,0.0,0.0,0.0,0.0,0.0,-0.2738118763286422
2024-10-21T12:04:01.372219216Z,AAPL,0.0,0.0,0.0,2.501172424574019,0.4072647220693451,0.20366598778004072,0.7917941335252834,0.05483207676490747,0.8654602675059009,0.3988433542726094,0.5494952019067151
2024-10-21T12:04:01.372796891Z,AAPL,0.0,0.0,0.0,0.0,-0.29760264535684766,0.0,0.0,0.0,0.0,0.0,-0.025515940615803687
2024-10-21T12:04:01.644457609Z,AAPL,0.0,0.0,1.8369690011481057,-0.06856359273225918,-0.15852047556142668,-1.5167183729748361,-0.07676069852235655,-0.5645368231973313,-0.8938547486033519,-0.20795916438226675,-0.24310759554714273
2024-10-21T12:04:05.632550110Z,AAPL,0.0,0.0,0.0,0.19633754955635263,0.0,0.0,0.0,0.0,0.0,0.0,0.020454390713358507
2024-10-21T12:04:12.155049282Z,AAPL,1.405152224824356,0.10151253679829458,0.18838304552590268,1.6217311980539226,0.4465871606191322,2.087427990511691,3.3578174186778593,0.0047658763255093535,6.224066390041493,0.018044027426921686,1.4856102068219075
2024-10-21T12:04:12.156256239Z,AAPL,0.0,0.0,0.0,0.0,0.0,0.0,0.0,0.0,0.0,0.0,0.0
2024-10-21T12:04:12.260774944Z,AAPL,0.0,0.0,-1.124701251230142,-0.25787965616045844,-2.0065211938801104,-0.6388384754990926,-1.3056379821958457,-1.9063505302037413,-0.010438413361169102,-2.0813459370392855,-1.0393087877314198
2024-10-21T12:04:16.430845992Z,AAPL,0.0,0.0,-0.9782342871117633,0.0,0.0,0.0,0.0,0.0,0.0,0.0,-0.0899648461353707
2024-10-21T12:04:16.499853888Z,AAPL,0.0,0.0,-0.884662169633971,0.0,0.0,0.0,0.0,0.0,0.0,0.0,-0.08135934000830052
2024-10-21T12:04:16.509417925Z,AAPL,0.0,0.0,0.0,2.5915127955944284,0.345821325648415,0.22813688212927757,0.9838998211091234,0.04549590536851683,1.3609650479430868,0.3298697014679202,0.6089209937838742
2024-10-21T12:04:19.069602567Z,AAPL,0.0,0.0,0.0,-0.528828497980169,-0.1440922190201729,-1.673003802281369,-0.08944543828264759,-0.5004549590536851,-1.2372409526755335,-0.1814283358073561,-0.5026642649449262
2024-10-21T12:04:19.069614798Z,AAPL,0.0,0.0,0.0,5.875872199779654,0.34532374100719426,0.22813688212927757,0.9838998211091234,0.04549590536851683,1.3609650479430868,0.3298697014679202,0.9510419710748603
2024-10-21T12:04:19.070597243Z,AAPL,0.0,0.0,0.0,0.0,-0.25060240963855424,0.0,0.0,0.0,0.0,0.0,-0.021486220980486755
2024-10-21T12:04:19.070641181Z,AAPL,0.0,0.0,0.0,0.0,0.0,0.43956043956043955,0.13401831583649765,0.5004549590536851,0.12726694241170855,0.3612182907807241,0.193171326853045
2024-10-21T12:04:19.474987580Z,AAPL,0.0,0.0,0.0,2.166260492824262,0.0,0.0,0.0,0.0,0.0,0.0,0.22568040910800063
2024-10-21T12:04:19.884911653Z,AAPL,0.0,0.0,0.0,0.0,0.0,-0.24330900243309003,-0.9817045961624276,-0.04549590536851683,-1.4412053717654765,-0.32690421706440015,-0.31797477224933934
2024-10-21T12:04:19.885049397Z,AAPL,0.0,0.0,0.0,0.0,0.0,0.4863731656184486,0.1337196344996657,0.5004549590536851,0.13499831252109348,0.3579855178585957,0.19997009671924298
2024-10-21T12:04:26.481060587Z,AAPL,0.0,0.0,0.0,-0.09920634920634921,-0.2874132804757185,-0.2510460251046025,-0.9806106529975485,-0.04596644449551827,-1.4579191517561298,-0.3228410008071025,-0.35484747401901123
2024-10-21T12:04:26.481072450Z,AAPL,0.0,0.0,0.0,1.9070321811680573,0.09923096005953858,0.5023819835426592,0.13357079252003562,0.505630889450701,0.13661202185792348,0.353555644837284,0.4093559676874876
2024-10-21T12:04:26.535918353Z,AAPL,0.0,0.0,0.4832668841367645,0.0,0.0,0.0,0.0,0.0,0.0,0.0,0.04444439481062351
2024-10-21T12:04:26.535930308Z,AAPL,0.0,0.0,-0.945123752141296,0.0,0.0,0.0,0.0,0.0,0.0,0.0,-0.08691978400319707
2024-10-21T12:04:26.555072803Z,AAPL,0.0,0.0,0.0,1.9365770999757927,0.45797553994275303,2.603550295857988,3.514166483637162,0.0047042220392802545,7.414272474513439,0.016771488469601678,1.6297833452193875
2024-10-21T12:04:26.555132343Z,AAPL,0.0,0.0,0.0,-0.2775208140610546,-2.084418968212611,-0.7702407002188184,-1.3514699429574375,-1.8816888157121017,-0.01271051795360661,-2.003338898163606,-0.9532287355450011
2024-10-21T12:04:26.566152901Z,AAPL,0.0,0.0,0.0,1.7053933063312725,0.0,0.0,0.0,0.0,0.0,0.0,0.1776673951899054
2024-10-21T12:04:26.621148067Z,AAPL,0.0,0.0,0.0,-1.7075773745997866,0.0,0.0,0.0,0.0,0.0,0.0,-0.17789493080807822
2024-10-21T12:04:26.621160396Z,AAPL,0.0,0.0,0.8695652173913043,-0.08910670527957229,-0.27924891670678864,-0.331858407079646,-1.053639846743295,-0.043473535485273336,-2.4732996065205173,-0.300187617260788,-0.37939058872478665
2024-10-21T12:04:27.723319849Z,AAPL,0.0,0.0,0.8743169398907104,4.035512510088781,0.09640877319836105,0.6716850028951941,0.1435063381966037,0.47820889033800673,0.23682652457075193,0.32884902840059793,0.7387171552564222
2024-10-21T12:04:27.735053874Z,AAPL,0.0,0.0,-1.1049723756906078,-0.08108655990269613,-0.2786452077828489,-0.36764705882352944,-1.0277972436346647,-0.04395121415229095,-2.5897586815773983,-0.297951582867784,-0.5727833793362477
2024-10-21T12:04:27.735066380Z,AAPL,0.0,0.0,0.0,1.5686274509803921,0.0962000962000962,0.7479045776918117,0.1399906672888474,0.4834633556752005,0.24860161591050342,0.3264094955489614,0.4129471792050996
2024-10-21T12:04:40.612532228Z,AAPL,0.0,0.0,0.0,0.0,0.0,0.0,0.0,0.0,-1.2836970474967906,-0.0031029400356838107,-0.11602367156958061
2024-10-21T12:04:47.058697813Z,AAPL,-0.041768186564566656,-6.091370558375634,-0.056417489421720736,-2.8368794326241136,-0.3032600454890068,-4.878048780487805,-0.43073910915320607,-0.6878838637632607,-8.56989823245849,-0.16134236850596967,-2.4695461867762614
2024-10-21T12:04:51.210492220Z,AAPL,0.0,0.0,0.0,0.22046665441851923,2.035105571101501,1.064087061668682,1.54347281383112,1.76697956929873,1.1013215859030838,0.0033878207842805113,0.7733101643948859
2024-10-21T12:04:51.210504256Z,AAPL,0.0,0.0,0.0,-2.8338646829613885,0.0,0.0,0.0,0.0,0.0,0.0,-0.2952312259425598
2024-10-21T12:04:51.271373633Z,AAPL,0.0,0.0,0.0,0.0,0.0,-0.36253776435045315,-1.1024805813079428,-0.04417448923246825,-2.2988505747126435,-0.3770383636535017,-0.4319003217804571
2024-10-21T12:04:51.271438407Z,AAPL,0.0,0.0,0.0,0.0,0.27286508337544213,0.0,0.0,0.0,0.0,0.0,0.023394984460523387
2024-10-21T12:04:51.271510236Z,AAPL,0.0,0.0,0.0,-1.245136186770428,-0.3145478374836173,-4.4493882091212456,-0.44265593561368205,-0.707314272591572,-6.498781478472787,-0.21164021164021163,-1.5195516620883356
2024-10-21T12:04:51.316443773Z,AAPL,0.0,0.0,0.0,-1.1768167107972933,0.0,0.0,0.0,0.0,0.0,0.0,-0.12260043407411686
2024-10-21T12:04:54.735741554Z,AAPL,0.0,0.0,0.013240648791790799,0.0,0.0,0.0,0.0,0.0,0.0,0.0,0.0012176969740070533
2024-10-21T12:05:01.936493423Z,AAPL,0.0,0.0,0.0,1.0618529333687285,0.0,0.0,0.0,0.0,0.0,0.0,0.11062354006315987
2024-10-21T12:05:01.936505877Z,AAPL,0.0,-3.7037037037037037,-0.4084411164057182,-0.1327668613913967,0.0,0.0,0.0,0.0,0.0,0.0,-0.3809425514555226
2024-10-21T12:05:05.090737406Z,AAPL,0.0,0.0,0.0,0.0,0.0,0.0,0.0,0.0,0.0,0.00605052185751021,0.0009600215525116235
2024-10-21T12:05:15.858212657Z,AAPL,0.0,2.4390243902439024,0.07104795737122557,0.16304347826086957,2.450980392156863,0.7339449541284403,1.6853625170998632,2.168609379235565,0.009178522257916474,0.30093289196509176,0.9817574115228682
2024-10-21T12:05:15.858226719Z,AAPL,0.0,0.0,0.0,-1.0624169986719787,-0.3844921499519385,-3.1496062992125986,-0.4835164835164835,-0.8759954493742889,-3.294214535721639,-0.006625807520291535,-1.0215301075102015
2024-10-21T12:05:18.858600266Z,AAPL,0.0,0.0,0.0,-1.0389610389610389,0.0,0.0,0.0,0.0,0.0,0.0,-0.1082386689397203
2024-10-21T12:05:27.769244591Z,AAPL,0.0,0.0,0.0,0.0,0.0,0.0,0.0,0.0,0.0,0.0,0.0
2024-10-21T12:05:27.769244591Z,AAPL,7.361963190184049,0.3527336860670194,1.2728719172633254,0.14527845036319612,2.8139289482940555,0.623229461756374,1.706371191135734,2.5236593059936907,0.006831767719897523,0.46849379245725,1.2920258851059774
2024-10-21T12:05:27.769266569Z,AAPL,4.3763676148796495,0.014194464158977998,0.059074499507712507,2.444041137326074,2.6376524892845365,0.5225988700564972,0.16620498614958448,0.694006309148265,0.06831767719897523,1.1831137402527563,1.023130652759375
2024-10-21T12:05:27.769279547Z,AAPL,3.5938903863432166,0.0,0.0,0.0,0.0,0.0,0.0,0.0,0.0,0.0,0.15075243327813592
2024-10-21T12:05:27.769282701Z,AAPL,0.0,0.1859799713876967,0.003569197822789328,0.08393564933550944,5.460935387942688,2.644628099173554,0.418433700876449,0.09456264775413711,0.7514944491887275,0.15816528272044286,1.0127235739640432
2024-10-21T12:05:27.769319506Z,AAPL,-2.834868887313962,0.0,0.0,0.0,0.0,0.0,0.0,0.0,0.0,0.0,-0.11891386126049985
2024-10-21T12:05:27.769383987Z,AAPL,-0.33121019108280253,-0.015100037750094376,-0.06791812093198756,-2.4246789100948263,-1.756697408871322,-0.48556430446194226,-0.1635322976287817,-0.6773399014778325,-0.0726348284002179,-1.7756255044390636,-0.8640504697270102
2024-10-21T12:05:27.870580890Z,AAPL,-0.023296447291788005,-0.28526148969889065,-1.8395410254075222,-0.9602688752850798,-0.3230735647238594,-0.1977587343441002,-1.1689691817215728,-0.06253908692933083,-0.791651673263764,-1.5891934843067144,-0.7968534885564823
2024-10-21T12:05:30.107740673Z,AAPL,15.670910871694417,0.016792611251049538,0.06621298510207835,2.4526469159786304,1.6767973171242925,0.48652202498356345,0.15940488841657813,0.6879299562226391,0.07260845888546016,1.7147310989867497,1.494652385986122
2024-10-21T12:05:35.113109625Z,AAPL,0.0,0.0,0.0,0.0,-0.30846185910796164,-0.19723865877712032,-1.1689691817215728,-0.06253908692933083,-0.8058608058608059,-1.5296367112810707,-0.4917799464919184
2024-10-21T12:05:35.113122799Z,AAPL,0.0,0.0,0.0,0.0,0.0,4.668806536329151,0.1635322976287817,0.6773399014778325,0.07531538316701186,1.6454749439042635,1.0127925037235583
2024-10-21T12:05:40.025196163Z,AAPL,0.0,0.0,0.7727228822563509,0.0,0.0,0.0,0.0,0.0,0.0,0.0,0.07106466837583905
2024-10-21T12:05:40.028003470Z,AAPL,0.0,0.0,0.0,0.0,0.0,0.0,0.0,0.0,0.0,0.0,0.0
2024-10-21T12:05:40.028003470Z,AAPL,0.20527558246946526,0.0,0.0,0.0,0.0,0.0,0.0,0.0,0.0,0.0,0.008610667055248142
2024-10-21T12:05:40.028006695Z,AAPL,1.1217564870259482,17.995610826627654,0.8548644338118022,0.3215350706599248,4.467796610169492,4.031365313653136,4.049482453925776,0.3496973772696705,7.075236671649228,0.2335539120280265,3.8254881298138153
2024-10-21T12:05:40.028030027Z,AAPL,0.0,1.511715797430083,4.729064039408867,0.005309969467675561,0.11990008326394672,4.019100676482292,0.38491547464239273,2.0722704312912836,0.14566642388929352,1.7363851617995265,1.6792971107926642
2024-10-21T12:05:40.028032659Z,AAPL,0.0,0.0,0.40837161817253703,5.612722170252572,0.006564910553093714,0.1376936316695353,4.812961639266143,0.1936159079016222,3.4714688652636148,0.24459845087647777,1.4901498775707949
2024-10-21T12:05:40.028041901Z,AAPL,0.0,0.0,0.4138644593895499,0.0,0.0,0.0,0.0,0.0,0.0,0.0,0.038061692275999044
2024-10-21T12:05:40.028043931Z,AAPL,0.0,1.549186676994578,0.0,0.0,0.0,0.0,0.0,0.0,0.0,0.0,0.13784347482357268
2024-10-21T12:05:40.028048443Z,AAPL,0.0,0.47832585949177875,0.0,0.0,0.0,0.0,0.0,0.0,0.0,0.0,0.04256046062714076
2024-10-21T12:05:40.028054971Z,AAPL,0.0,0.0,0.4266666666666667,0.0,0.0,0.0,0.0,0.0,0.0,0.0,0.03923906729040329
2024-10-21T12:05:40.028063174Z,AAPL,0.0,0.0,0.0,0.11088011088011088,6.4935064935064934,0.006117143294081664,0.13714285714285715,2.791983413959917,0.19749132639444889,6.852248394004283,1.9594847828027038
2024-10-21T12:05:40.028066207Z,AAPL,0.0,-1.28,0.0,0.0,0.0,0.0,0.0,0.0,0.0,0.0,-0.11389179263822868
2024-10-21T12:05:40.028077104Z,AAPL,0.0,-1.2654223347042075,0.0,0.0,0.0,0.0,0.0,0.0,0.0,0.0,-0.11259470167493345
2024-10-21T12:05:40.028094970Z,AAPL,0.0,0.0,0.0,0.0,0.0,0.0,0.0,0.0,0.0,0.0,0.0
2024-10-21T12:05:40.028094970Z,AAPL,0.10220594497913296,2.3675643681562595,0.1918047079337402,0.5707931801334322,1.4754703061600885,0.005638567803777841,0.4296455424274973,2.942979767014102,0.021732043898728678,0.7052896725440806,0.8622639578595775
2024-10-21T12:05:40.028097758Z,AAPL,0.0,0.0,0.0,0.0,0.3293807641633728,0.0,0.0,0.0,0.0,0.0,0.0282405420432439
2024-10-21T12:05:40.028115361Z,AAPL,0.33775225871823017,2.56128064032016,0.15472017406019584,1.1249648448485985,0.10373612124159169,6.297686811190505,0.009214466712738999,0.08037508372404555,2.096958372262016,0.3868269733403032,1.535243785860974
2024-10-21T12:05:40.028121192Z,AAPL,0.0,0.0,0.0,0.0,0.0,0.4176673279732693,0.0,0.0,0.0,0.0,0.0592920517956627
2024-10-21T12:05:40.028128644Z,AAPL,0.0,0.0,0.0,-0.38443056222969724,0.0,0.0,0.0,0.0,0.0,0.0,-0.04004986789215984
2024-10-21T12:05:40.028156649Z,AAPL,0.0,0.0,0.0,-0.3951007506914263,0.0,0.0,0.0,0.0,0.0,0.0,-0.0411614851262271
2024-10-21T12:05:40.028365786Z,AAPL,-1.4384042702626774,-0.23298143429195486,-0.5576467307960408,-0.1309462915601023,-3.9095224797542585,-0.003498338289312576,-0.1899235030335004,-2.024656710433998,-0.1338034535756261,-4.041424602172266,-1.350854518928884
2024-10-21T12:05:40.028429209Z,AAPL,0.0,0.0,-0.18205091736595078,-5.188067444876783,-0.0027609055770292656,-0.06540103551639567,-4.836006703375628,-0.14647664291369755,-1.396769969445657,-0.15475883415011607,-1.2112311359708658
2024-10-21T12:05:40.028485091Z,AAPL,0.0,0.0,0.0,-0.34150089643985315,0.0,0.0,0.0,0.0,0.0,0.0,-0.035577467379657064
2024-10-21T12:05:40.028584035Z,AAPL,0.0,0.0,0.0,-0.3075740099961553,0.0,0.0,0.0,0.0,0.0,0.0,-0.03204297388834473
2024-10-21T12:05:40.055564914Z,AAPL,-0.26517505697120364,-0.2554890219560878,-7.263922518159807,-0.0030499428135722455,-0.04918032786885246,-2.0681887990170984,-0.31053294167016365,-1.4093191226988462,-0.054799525070782715,-1.1235955056179774,-1.3512091958902357
2024-10-21T12:05:40.071027333Z,AAPL,2.660138718890249,0.25039123630672927,0.2005012531328321,3.6294896030245747,0.002687088539567379,0.07685738684884715,4.195223260643822,0.12433840208350837,1.5452965037666602,0.15098137896326122,1.1330572439506033
2024-10-21T12:05:40.096302346Z,AAPL,1.5543034777540314,0.34796362198497427,0.9983792544570502,1.1781164862675797,0.0027149935518903144,0.22177866489243736,4.4329516069449575,0.0168662506324844,0.2566975654476928,0.010075566750629723,0.8087280739004575
2024-10-21T12:05:40.096345392Z,AAPL,-0.21455938697318008,-1.5810276679841897,-0.3010605542251112,-0.44993061135052226,-1.0681620935977034,-0.004640909618285184,-0.36609921288669234,-1.9342359767891684,-0.02168726957276079,-0.6256206554121152,-0.6422654124107166
2024-10-21T12:05:40.133764520Z,AAPL,0.0,0.0,-7.174887892376682,-0.0031740993493096334,-0.04723789528933211,-2.319972435971058,-0.2934179222839017,-1.2011110277006232,-0.07279786459597185,-1.0523798134417603,-1.3131137804705788
2024-10-21T12:05:40.147760543Z,AAPL,0.0,0.0,0.0,0.0,0.0,1.7400761283306145,0.0,-0.043324427756516716,-0.5980698654342802,-0.0944733112895607,0.17398949614000112
2024-10-21T12:05:40.167062454Z,AAPL,-1.4257708073427195,-0.2334305960817007,-0.9599232061435086,-0.1532834001045114,-0.4300774977309223,-1.5843152787404693,-0.008613264427217916,-0.14971180477580656,-3.2301480484522207,-0.052029136316337155,-0.7609996790961778
2024-10-21T12:05:40.279040532Z,AAPL,0.0,-8.185538881309686,-0.004978220286247666,-0.06278339727938612,-2.5805531793555745,-0.14602861371484954,-0.12928248222365868,-0.3394014193150262,-0.054032149128731596,-1.2380416432189083,-1.2244739789220807
2024-10-21T12:05:40.371306716Z,AAPL,0.0,0.0,0.0,0.0,1.2095554883580284,1.8986746874706268,0.31759656652360513,0.048100048100048094,0.588550026752274,0.12642225031605564,0.48247045726277626
2024-10-21T12:05:40.371534341Z,AAPL,0.18140589569160998,0.9560229445506693,0.24172503776953713,0.5333333333333333,1.262427015938141,0.003723008190618019,0.4230118443316413,1.9147917663954044,0.028760425654299683,0.8898305084745763,0.6513349555042822
2024-10-21T12:05:40.371545573Z,AAPL,0.0,-0.8389261744966443,-1.1207621182404035,-0.15403465779800457,-0.5297557619539044,-1.3737443118399588,-0.008514261387824606,-0.17400382808421783,-3.148779847808974,-0.08389261744966443,-0.7486793450302088
2024-10-21T12:05:40.371797762Z,AAPL,0.0,0.0,0.0,0.0,0.0,0.08587103442792399,0.0,0.0,0.0,0.0,0.012190251619043227
2024-10-21T12:05:40.371831552Z,AAPL,0.0,0.0,0.0,0.0,0.0,0.0,-0.23336214347450301,0.0,0.0,0.0,-0.023160455718223616
2024-10-21T12:05:40.422122396Z,AAPL,0.0,0.0,1.07469102632993,0.0038091610322826402,0.06960556844547564,0.0,0.0,0.0,0.0,0.0,0.10520034044738918
2024-10-21T12:05:41.922932814Z,AAPL,0.0,0.0,0.0,0.0,0.0,-0.09605977052388152,0.0,0.0,0.0,0.0,-0.013636644544401553
2024-10-21T12:05:41.923000912Z,AAPL,0.0,0.0,0.0,0.0,0.0,0.10905550146056475,4.037577453527883,0.048561369430617944,0.06670372429127293,2.5943396226415096,0.8385649957005776
2024-10-21T12:05:41.948630132Z,AAPL,0.0,0.0,0.0,0.0,0.0,0.0,0.0,0.0,0.0,0.0,0.0
2024-10-21T12:05:41.951962933Z,AAPL,0.0,0.0,-0.004720878083323499,-0.08622754491017964,-0.14040366052400652,-1.7440856501467794,-0.08168266285480907,-0.09063444108761329,-0.44565988048212296,-0.311284046692607,-0.3754723130802324
2024-10-21T12:05:41.951975929Z,AAPL,0.0,0.0,0.0,2.1745039412883935,0.0,0.0,0.0,0.0,0.0,0.0,0.22653920925138527
2024-10-21T12:05:41.952567424Z,AAPL,1.0457516339869282,0.4177109440267335,0.20543947706314927,0.9367396593673966,2.055234425176622,0.0030876109610189118,0.5184033177812338,3.9827414537006303,0.02022653721682848,2.0706655710764172,1.1435738418191859
2024-10-21T12:05:41.952619801Z,AAPL,0.0,0.0,-0.15775873793009657,-0.2557024553247131,-0.8160021194860246,-1.1981428785382655,-0.010576414595452142,-0.39285012767629146,-2.268859897901305,-0.18885741265344663,-0.5546397702769335
2024-10-21T12:05:43.153724103Z,AAPL,0.0,0.0,1.0658140154543032,0.007176175098672408,0.09836065573770492,0.08137760662646226,5.411197428341816,0.08861320336730173,0.055617352614015576,4.014598540145986,1.3064124195786435
2024-10-21T12:05:43.258685033Z,AAPL,0.0,0.0,0.0,0.0,0.0,0.0,0.0,0.0,0.0,0.0,0.0
2024-10-21T12:05:43.258685033Z,AAPL,-1.2186205215695831,0.0,0.0,0.0,0.0,0.0,0.0,0.0,0.0,0.0,-0.05111730996787877
2024-10-21T12:05:43.258755715Z,AAPL,0.0,0.0,-0.006165228113440197,-0.2751241880015285,-0.1594306049822064,-1.3528899604848972,-0.13293452974410103,-0.1986754966887417,-0.3716216216216216,-0.37243947858473,-0.36002241343021707
2024-10-21T12:05:43.337323654Z,AAPL,0.0,0.0,0.0,0.0,0.0,0.5470085470085471,5.892648774795799,0.16227180527383367,0.04862236628849271,3.9426523297491043,1.308218957321996
2024-10-21T12:05:43.337453873Z,AAPL,-1.0,0.0,0.0,0.0,0.0,0.0,0.0,0.0,0.0,0.0,-0.04194686455964132
2024-10-21T12:05:43.337912322Z,AAPL,0.0,0.0,0.0,0.0,-1.3127666557269446,-1.4039477342229636,-0.10280133641737342,-0.2536997885835095,-0.3564196030781693,-0.35842293906810035,-0.43569833079599923
2024-10-21T12:05:43.337965586Z,AAPL,0.0,0.0,0.0,0.0,0.0,0.0,0.0,0.4377104377104377,0.04897959183673469,3.618421052631579,0.6211309525970716
2024-10-21T12:05:43.365778374Z,AAPL,0.0,0.0,0.0,0.0,1.41643059490085,0.0,0.0,0.0,0.0,0.0,0.12144233093950212
2024-10-21T12:05:43.393790686Z,AAPL,1.0070493454179255,0.0,0.0,0.0,0.0,0.0,0.0,0.0,0.0,0.0,0.04224256249712117
2024-10-21T12:05:43.393803680Z,AAPL,-1.0170353419781337,0.0,0.0,0.0,0.0,0.0,0.0,0.0,0.0,0.0,-0.042661443742325264
2024-10-21T12:05:43.596064460Z,AAPL,0.0,0.0,0.0,0.0,-1.4684287812041117,0.0,0.0,0.0,0.0,0.0,-0.1259005662897041
2024-10-21T12:05:43.596076460Z,AAPL,0.0,0.0,0.0,5.617977528089887,-3.403538331929233,-0.02814720990781789,-0.2773333333333333,-0.32085561497326204,-0.35298836742880063,-0.25673940949935814,0.15821595738155847
2024-10-21T12:05:45.922885872Z,AAPL,0.0,0.0,0.0,0.0,0.0,0.0,-0.15978695073235685,-2.2391857506361323,-0.03234937323089365,-2.6537997587454765,-0.6577531961142602
2024-10-21T12:05:45.923016443Z,AAPL,0.0,0.0,0.0,0.0,0.1671951571057942,0.0,0.0,0.0,0.0,0.0,0.014335026138111077
2024-10-21T12:05:46.352758108Z,AAPL,0.0,0.14869888475836432,17.435524881946968,0.010863661053775123,2.2785500136276915,1.5038017459870459,0.1444043321299639,0.2898550724637681,0.3532717784022481,0.25673940949935814,2.141756548316138
2024-10-21T12:05:46.952418271Z,AAPL,1.0813733441470668,0.04526122751570486,0.4636459430979979,1.6317880794701987,2.0065211938801104,0.0028914269191846176,0.7094714437743881,9.16030534351145,0.016863406408094434,1.5594059405940595,1.6452865366513723
2024-10-21T12:05:46.952433308Z,AAPL,-2.127659574468085,-0.32614456357780586,-0.2404643449419569,-0.5241215008933889,-0.7364897178383549,-1.1541513380942077,-0.014189428875487763,-0.7633587786259542,-2.0236087689713322,-0.12376237623762376,-0.6994304472200084
2024-10-21T12:05:47.007021590Z,AAPL,0.0,0.0,0.0,2.6402640264026402,0.004943764676801384,0.052268602540834846,6.484517304189436,0.1937046004842615,0.04854368932038835,2.6537997587454765,1.3707653718294361
2024-10-21T12:05:48.195531738Z,AAPL,1.10803324099723,0.052351295243253,0.24369980614788145,2.108145106091718,1.9253910950661852,0.0031034215222282566,0.5171967933798811,9.195402298850574,0.01713796058269066,1.3876651982378856,1.6266167989448856
2024-10-21T12:05:48.195615637Z,AAPL,0.0,0.0,0.0,0.0,0.0,0.0,0.0,0.0,0.0,0.0,0.0
2024-10-21T12:05:48.195615637Z,AAPL,-0.5931198102016607,-2.3170496234794364,-0.9694619486185166,-0.011972463334331038,-0.08195788275469551,-1.6969889568602525,-0.11431837667905116,-0.16150740242261102,-0.4160756501182033,-0.2183406113537118,-0.6685358453963017
2024-10-21T12:05:48.195615637Z,AAPL,-6.100660904931368,-0.4093118444614991,-0.00495785820525533,-0.20761245674740483,-2.2373520477636952,-0.03286770747740345,-0.1962066710268149,-1.0080183276059564,-0.040100250626566414,-2.328042328042328,-1.0014652125261438
2024-10-21T12:05:48.195638794Z,AAPL,-0.44984255510571297,-0.43138312213534646,-0.14377788795240456,-0.5074971164936563,-0.6127524122152591,-1.3704496788008564,-0.01305909239307868,-0.4484304932735426,-2.430379746835443,-0.10050251256281408,-0.6500462463857255
2024-10-21T12:05:48.195643749Z,AAPL,0.0,-0.2292920607623961,-0.9709916251972327,-0.33593976252534025,-0.16843717102115033,-0.5480914672123854,-5.383580080753702,-0.008867213478164486,-0.2145922746781116,-9.284332688588007,-2.264549147827236
2024-10-21T12:05:48.195651625Z,AAPL,0.0,0.0,-0.4813477737665463,-2.2166805209199225,-0.10710987996306556,-0.164593659403348,-2.3377609108159394,-3.225156218504334,-0.004589261128958237,-0.7604562737642585,-0.974701823619361
2024-10-21T12:05:48.195652834Z,AAPL,-0.1138225403121497,-0.2606712284131639,0.0,0.0,0.0,0.0,0.0,0.0,0.0,0.0,-0.027968493598858377
2024-10-21T12:05:48.195667975Z,AAPL,-0.3220352628612833,-0.3726012046505113,-0.9354536950420954,-1.3803840166061236,-0.700586741395919,-0.12923351158645277,-0.6195001759943681,-1.1011798355380766,-2.048131080389145,-0.01443522194153735,-0.7101804870785887
2024-10-21T12:05:48.195671113Z,AAPL,0.0,-0.003074085459575776,-0.08237986270022883,-4.7903117290872395,-0.03611738148984198,-0.07393715341959335,-1.4745308310991958,-0.0703977472720873,-0.5709095627351758,-1.4508523757707654,-0.9552737026052955
2024-10-21T12:05:48.195675914Z,AAPL,0.0,0.0,0.0,-0.774593338497289,0.0,0.0,0.0,0.0,0.0,0.0,-0.08069691623120125
2024-10-21T12:05:48.195679038Z,AAPL,0.0,0.0,-0.4340277777777778,0.0,0.0,0.0,0.0,0.0,0.0,0.0,-0.039916043386233814
2024-10-21T12:05:48.195690635Z,AAPL,0.0,0.43888523151195963,0.0,0.0,0.0,0.0,0.0,0.0,0.0,0.0,0.03905111389011023
2024-10-21T12:05:48.195701993Z,AAPL,0.0,0.0,0.41271151465125877,0.0,0.0,0.0,0.0,0.0,0.0,0.0,0.037955659909980476
2024-10-21T12:05:48.195706051Z,AAPL,0.0,0.0,0.0,0.564652738565782,0.0,0.0,0.0,0.0,0.0,0.0,0.05882536355419582
2024-10-21T12:05:48.195771617Z,AAPL,0.0,0.0,0.0,0.556405619696759,0.0,0.0,0.0,0.0,0.0,0.0,0.05796618102906151
2024-10-21T12:05:48.195800135Z,AAPL,0.0648776172220584,1.6270083384177345,0.1484814398200225,1.0154861640010155,0.13918886489080873,0.49452093284630516,1.5138854755468174,2.500781494216943,0.006256843422493353,0.6877579092159559,0.8523793167389649
2024-10-21T12:05:48.195848770Z,AAPL,0.0,0.8181632235631009,0.0,0.0,0.0,0.0,0.0,0.0,0.0,0.0,0.07279849703302611
2024-10-21T12:05:48.195954138Z,AAPL,0.0,0.2855288773523686,1.1965300628178284,0.12924791086350976,0.25010657950831316,2.6574633304572908,3.3528918692372174,0.0065157191725036655,0.34252440486384655,6.539509536784741,1.9494416174980542
2024-10-21T12:05:48.259822838Z,AAPL,0.0,0.0,0.0,1.7467248908296944,2.863270777479893,0.19379844961240308,0.1289767841788478,0.7108239095315024,0.0757002271006813,1.0316529894490034,0.7074556638602665
2024-10-21T12:05:48.263346529Z,AAPL,0.0,0.0,0.0,0.0,-0.15247108307045215,0.0,0.0,0.0,0.0,0.0,-0.013072609272635994
2024-10-21T12:05:48.297202075Z,AAPL,0.0,0.0,-4.185194873136281,-0.8437928488556059,-0.14985144038237952,-0.7843137254901961,-1.5142576204523106,-2.861742085494545,-0.007525870178739417,-0.4176237210273544,-1.0927162139709554
2024-10-21T12:05:48.297231678Z,AAPL,0.0,4.791853848457622,2.1069265209375825,0.11891337775499744,0.22357723577235772,3.2888414308595832,3.617454216595071,0.007863180656575585,0.38022813688212925,4.423147806855879,2.2143939182438235
2024-10-21T12:05:48.313231819Z,AAPL,0.0,-2.4161884627000902,0.0,0.0,0.0,0.0,0.0,0.0,0.0,0.0,-0.2149875276318119
2024-10-21T12:05:48.453765847Z,AAPL,0.3125366253857874,2.570694087403599,0.290945573112616,0.16932845872618818,0.8259587020648969,7.897334649555775,0.008380473496752566,0.44563279857397503,4.524033930254477,0.033540164346805304,1.9348441559895635
2024-10-21T12:05:48.461428130Z,AAPL,-0.30891609066687264,0.0,0.0,0.0,0.0,0.0,0.0,0.0,0.0,0.0,-0.012958061415497185
2024-10-21T12:05:48.825644162Z,AAPL,0.0,0.0,0.0,0.7395765924008505,0.0,0.0,0.0,0.0,0.0,0.0,0.07704888146767554
2024-10-21T12:05:49.592099813Z,AAPL,0.0,0.0,2.038216560509554,-1.811984212414783,-0.055279159756771695,-0.20073603211776517,-1.0569300984866683,-0.10703773080010705,-0.6151265203411157,-0.7593014426727411,-0.3257110806651161
2024-10-21T12:05:52.517180690Z,AAPL,0.0,0.0,0.0,0.0,0.17352281226626776,0.11904761904761904,0.14563106796116504,1.211120286264795,0.05439956480348158,0.834597875569044,0.3014134330113444
2024-10-21T12:05:55.930110286Z,AAPL,0.0,0.0,-0.1808136614766449,0.0,0.0,0.0,0.0,0.0,0.0,0.0,-0.016628811163374068
2024-10-21T12:05:57.922929284Z,AAPL,0.0,0.0,0.0,0.0,-0.060496067755595885,-0.1464486209421528,-1.1170347804011171,-0.11347517730496454,-0.5749379328367961,-0.7561436672967864,-0.3196012057783018
2024-10-21T12:05:57.923066098Z,AAPL,0.0,0.0,0.0,0.10887316276537833,0.0,0.0,0.0,0.0,0.0,0.0,0.01134237548769524
2024-10-21T12:06:05.427139071Z,AAPL,-0.007254525009974972,-5.077753094255791,-2.007024586051179,-0.1072187817728071,-0.2745709828393136,-1.3411713477030263,-3.7629350893697087,-0.012239902080783353,-0.26656004264960687,-4.072628542338368,-1.9066302651328981
2024-10-21T12:06:06.690796307Z,AAPL,0.0,2.4110910186859553,0.0,0.0,0.0,0.0,0.0,0.0,0.0,0.0,0.21453396744693468
2024-10-21T12:06:06.690808686Z,AAPL,0.0,-2.2955523672883786,0.0,0.0,0.0,0.0,0.0,0.0,0.0,0.0,-0.20425357359797108
2024-10-21T12:06:06.701910843Z,AAPL,0.0,0.0,0.0,0.1672209026128266,1.0178453403833443,3.068661296509398,0.00812842918106076,0.6997900629811057,3.4271026702841643,0.028188865398167725,0.9221330451255383
2024-10-21T12:06:06.701967763Z,AAPL,0.0,0.0,-0.21194212349704505,0.0,0.0,0.0,0.0,0.0,0.0,0.0,-0.019491588856808236
2024-10-21T12:06:06.737555073Z,AAPL,0.0,0.0,-3.8098629161474094,-0.0412796697626419,-0.09513239257967337,-0.7307756186679953,-0.08859357696567,-1.9486271036315321,-0.4883408619216213,-0.3160919540229885,-0.7591093334297419
2024-10-21T12:06:06.737568257Z,AAPL,0.0,0.0,1.3733905579399142,2.2048217597362454,0.06233442418575658,0.09573958831977022,1.0689990281827015,0.17338534893801474,0.503374899897037,0.6284367635506677,0.6429232519904449
2024-10-21T12:06:06.784651971Z,AAPL,0.0,0.0,1.283491095780523,0.0,0.0,0.0,0.0,0.0,0.0,0.0,0.11803826595460638
2024-10-21T12:06:06.795491217Z,AAPL,0.0,0.0,-1.2420431609998448,0.0,0.0,0.0,0.0,0.0,0.0,0.0,-0.11422644180951119
2024-10-21T12:06:06.795502438Z,AAPL,0.0,0.0,1.2405024034734067,0.0,0.0,0.0,0.0,0.0,0.0,0.0,0.11408474363390628
2024-10-21T12:06:07.734697882Z,AAPL,0.15391719255040787,8.85772282708987,0.006193868070610097,0.8163265306122449,3.971789161098738,0.05422993492407809,0.1966568338249754,2.4390243902439024,0.0354295837023915,0.97669256381798,1.6434805266560124
2024-10-21T12:06:07.735102284Z,AAPL,-1.8489984591679507,-0.0073814356892415575,-1.2001200120012,-2.150753768844221,-0.07995202878273036,-0.07866789038940605,-1.6017473607571897,-0.22818026240730174,-0.3685092127303183,-1.0256410256410255,-0.8077505944648369
2024-10-21T12:06:07.797318931Z,AAPL,0.0,0.0,0.1481692548796125,0.0,0.0,0.0,0.0,0.0,0.0,0.0,0.013626617256070383
2024-10-21T12:06:07.797428592Z,AAPL,0.0,0.0,-0.16108873767532286,-0.7710100231303008,-0.4509351780681527,-0.8334460830740089,-4.796163069544364,-0.026595744680851064,-0.1725625539257981,-5.363128491620111,-1.5971940238054207
2024-10-21T12:06:07.802356464Z,AAPL,0.0,0.2210365853658537,1.0590415673815197,0.16431705723088416,1.8075117370892018,2.1633315305570577,0.011658408627222384,1.4245014245014245,2.0530367835757057,0.04479283314669653,0.9279257233361056
2024-10-21T12:06:07.802368533Z,AAPL,0.0,-1.524390243902439,-0.15392781316348195,-0.734147012939341,-0.5336567616737417,-0.8615384615384616,-4.177545691906006,-0.02952029520295203,-0.17953321364452424,-4.743083003952569,-1.5805476537771632
2024-10-21T12:06:07.805948070Z,AAPL,0.0,0.0,1.0365379632029024,0.0,0.0,0.0,0.0,0.0,0.0,0.0,0.09532683489181934
2024-10-21T12:06:07.846428844Z,AAPL,0.0,-1.4684287812041117,0.0,0.0,0.0,0.0,0.0,0.0,0.0,0.0,-0.13065780176008246
2024-10-21T12:06:07.848909781Z,AAPL,0.0,0.0,-1.0103561505430665,0.0,0.0,0.0,0.0,0.0,0.0,0.0,-0.09291898354320051
2024-10-21T12:06:07.896522805Z,AAPL,0.0,1.41643059490085,0.0,0.0,0.0,0.0,0.0,0.0,0.0,0.0,0.1260311090631957
2024-10-21T12:06:07.896534876Z,AAPL,0.0,-1.4684287812041117,0.0,0.0,0.0,0.0,0.0,0.0,0.0,0.0,-0.13065780176008246
2024-10-21T12:06:08.694025455Z,AAPL,0.0,-1.4684287812041117,0.0,0.0,0.0,0.0,0.0,0.0,0.0,0.0,-0.13065780176008246
2024-10-21T12:06:17.680964159Z,AAPL,0.0,0.0,0.0,-0.09922275508516619,0.0,0.0,0.0,0.0,0.0,0.0,-0.010336998728739619
2024-10-21T12:06:17.681006872Z,AAPL,0.0,0.0,0.0,0.0,0.42506412605349947,0.06751054852320675,0.10135135135135136,4.356435643564357,0.04711425206124853,0.5482866043613707,0.5712789296331167
2024-10-21T12:06:17.696105981Z,AAPL,0.0,0.0,1.109877913429523,0.1443806398687449,2.2416302765647744,2.7027027027027026,0.0068669527896995704,1.8018018018018018,2.860548271752086,0.024891101431238332,1.1304060301992949
2024-10-21T12:06:18.819178890Z,AAPL,0.182648401826484,7.221302843387994,0.006016847172081829,0.6462035541195477,6.238418777022853,0.198664154821031,0.06866952789699571,0.5911330049261084,0.5238095238095238,0.05006257822277847,1.4005749840993815
2024-10-21T12:06:18.819594049Z,AAPL,-2.191780821917808,-0.006017752369489995,-1.2080942313500451,-1.6356275303643724,-0.35615597175314706,-0.06856359273225918,-0.10471204188481675,-3.9461883408071747,-0.04819277108433735,-0.55,-0.900275931168687
2024-10-21T12:06:18.820239929Z,AAPL,0.0,0.0,-3.0144754514251604,-0.09793988517392772,-0.12281240405280934,-0.10284538909838876,-0.7678883071553229,-0.35874439461883406,-0.5301204819277109,-0.5,-0.5507305251058479
2024-10-21T12:06:18.821093344Z,AAPL,0.36207286716451687,1.203550473897999,0.2579132473622509,0.5380852550663872,4.567513559805881,0.007359705611775529,0.3460806367883717,14.414414414414415,0.025957170668397145,0.3127326880119136,2.0837856986618366
2024-10-21T12:06:18.873162917Z,AAPL,0.0,0.0,1.2044564890093346,1.7522553782095767,0.3078556263269639,0.0795070562512423,0.10465724751439039,1.900647948164147,0.05706134094151213,0.5414718188530642,0.6174033220413633
2024-10-21T12:06:18.892219598Z,AAPL,0.3391986432054272,0.33257747543461824,0.9100310237849017,1.3126589547953071,0.01286587327114828,0.42725913266396065,3.7902716361339226,0.0881057268722467,0.3893094392090221,0.004924895345973897,0.7465876019817386
2024-10-21T12:06:18.892231335Z,AAPL,-0.6672226855713094,-1.511715797430083,-0.26719295582207375,-0.5020784089982884,-4.742145820983995,-0.009352349777881692,-0.3181673560292714,-8.219178082191782,-0.034614053305642094,-0.3076923076923077,-1.5306689061388166
2024-10-21T12:06:18.892290341Z,AAPL,0.3309203722854188,0.0,0.0,0.0,0.0,0.0,0.0,0.0,0.0,0.0,0.013881072036282546
2024-10-21T12:06:19.678000980Z,AAPL,0.0,0.0,1.203731567860367,0.0,0.0,0.0,0.0,0.0,0.0,0.0,0.1107030562285678
2024-10-21T12:06:19.696727473Z,AAPL,0.0,0.0,-1.2326656394453004,0.0,0.0,0.0,0.0,0.0,0.0,0.0,-0.11336402337366126
2024-10-21T12:06:19.696738939Z,AAPL,0.0,0.0,2.3862788963460106,0.0,0.0,0.0,0.0,0.0,0.0,0.0,0.21945787075169623
2024-10-21T12:06:22.179031254Z,AAPL,0.0,0.0,-1.2269938650306749,0.0,0.0,0.0,0.0,0.0,0.0,0.0,-0.11284240976918122
2024-10-21T12:06:29.265587376Z,AAPL,0.0,0.0,0.0,0.0,-0.07428040854224698,-0.211118930330753,-0.9758261255267244,-0.057836899942163095,-1.1258955987717503,-0.6443298969072165,-0.34237893995868174
2024-10-21T12:06:29.265653484Z,AAPL,0.0,0.0,0.0,0.0,0.20829717063009892,0.1490312965722802,0.14763779527559057,0.5778069599474721,0.10629816635663035,0.774511529660271,0.2423552949071715
2024-10-21T12:06:29.265699161Z,AAPL,0.0,-0.21999607149872322,0.0,0.0,0.0,0.0,0.0,0.0,0.0,0.0,-0.019574802309654308
2024-10-21T12:06:31.862439229Z,AAPL,0.0,0.0,0.0,0.0,-0.06160480517480364,-0.2528445006321112,-1.345977363107984,-0.044878267698866825,-1.2314581584102995,-0.8663634394628547,-0.42742079571928904
2024-10-21T12:06:31.862509699Z,AAPL,0.0,0.0,0.0,0.0,0.15729682493445965,0.18058690744920994,0.21246458923512748,0.45776113191843526,0.11668611435239207,1.075794621026895,0.28595232400778015
2024-10-21T12:06:39.032886978Z,AAPL,0.34871716437884753,0.3526347425365658,0.9447852760736196,1.3310040761999835,0.005847953216374269,0.949667616334283,8.19392284055992,0.02058460271716756,0.7542651900628554,0.011425307055127105,1.2917928743150375
2024-10-21T12:06:39.137156502Z,AAPL,-0.3036283588887202,-1.817095038852361,-0.26931905126243305,-0.5144050104384134,-2.2240756185710313,-0.02048131080389145,-0.775494377665762,-2.32670867668444,-0.06067961165048543,-0.8502024291497976,-0.8901275547149639
2024-10-21T12:06:46.758024329Z,AAPL,0.0,0.0,1.2159902720778235,0.0,0.0,0.0,0.0,0.0,0.0,0.0,0.11183044713407231
2024-10-21T12:06:46.812855420Z,AAPL,0.0,0.0,-1.2080942313500451,0.0,0.0,0.0,0.0,0.0,0.0,0.0,-0.11110427539943545
2024-10-21T12:06:46.812867723Z,AAPL,0.0,0.0,1.2372409526755335,0.0,0.0,0.0,0.0,0.0,0.0,0.0,0.11378479921049514
2024-10-21T12:06:46.863385247Z,AAPL,0.0,0.0,0.0,0.0,-0.05197505197505197,-1.775147928994083,-1.5827338129496402,-0.0317208564631245,-5.392156862745098,-1.2135922330097086,-1.0944705268372554
2024-10-21T12:06:46.888617346Z,AAPL,0.0,0.0,0.0,0.07592349248065411,0.0,0.0,0.0,0.0,0.0,0.0,0.007909688101084831
2024-10-21T12:06:48.285146479Z,AAPL,0.32276330690826727,0.46267087276551,1.0602409638554218,1.145311381531854,0.005496015388843089,5.1020408163265305,7.007299270072993,0.01678556441460344,2.5872689938398357,0.01240694789081886,1.9281940824318304
2024-10-21T12:06:48.317330539Z,AAPL,-0.28312570781426954,-2.2868605817452354,-0.3087719298245614,-0.448,-2.0893183598850875,-0.1149425287356322,-0.6734006734006734,-1.9339242546333602,-0.1968503937007874,-0.7692307692307692,-0.8806829130157645
2024-10-21T12:06:48.791506901Z,AAPL,-0.028698522026115655,-2.0060180541624875,-1.549966009517335,-0.12878677008634568,-0.8332206140944137,-21.27659574468085,-0.01326259946949602,-0.17006802721088435,-14.02688486265342,-0.062344139650872814,-4.717684742569005
2024-10-21T12:06:48.791534978Z,AAPL,0.0,0.0,0.0,0.0,0.0,0.0,0.0,0.0,0.0,0.0,0.0
2024-10-21T12:06:48.791534978Z,AAPL,0.28885037550548814,2.2709163346613543,0.299931833674165,0.45267489711934156,2.2506681671121114,0.034453057708871665,0.6335128286347799,2.1798365122615806,0.07980845969672785,0.805111821086262,0.8967182509152885
2024-10-21T12:06:48.791573564Z,AAPL,0.15039855617386075,9.155063894716767,0.007055918151349445,0.6013681124558371,2.7906976744186047,0.34453057708871665,0.19005384859043398,0.3996366939146231,0.1596169193934557,1.4057507987220448,1.4675523542490991
2024-10-21T12:06:48.791586310Z,AAPL,0.0,0.74487895716946,7.420003091667955,0.0031252441596999764,1.0280133641737341,12.62782401902497,0.12690355329949238,0.054970224461749886,1.6884113584036837,0.132013201320132,2.8206272523758193
2024-10-21T12:06:48.893768793Z,AAPL,0.0,-7.276034561164165,-0.006379585326953748,-0.6403073475268128,-2.5639787542250123,-0.23781212841854937,-0.1903553299492386,-0.4031149793861658,-0.15349194167306215,-1.4521452145214522,-1.2706361063771765
2024-10-21T12:06:49.043764990Z,AAPL,-1.9675356615838664,-0.0060377358490566035,-1.2759170653907497,-1.6964856230031948,-0.04828585224529213,-0.35671819262782406,-1.3959390862944163,-0.03664681630783326,-1.6884113584036837,-1.3201320132013201,-0.9354561654585221
2024-10-21T12:06:49.574441885Z,AAPL,0.0,1.1673719538888079,-3.2176942887441298,-0.033264033264033266,-0.07256016446970613,-2.469135802469136,-0.1271051795360661,-0.4031149793861658,-1.4836795252225519,-0.7394957983193278,-0.8549634201606511
2024-10-21T12:06:51.353578115Z,AAPL,0.0,-1.1673719538888079,0.0,0.0,0.0,0.0,0.0,0.0,0.0,0.0,-0.10387037851874059
2024-10-21T12:06:51.353591847Z,AAPL,0.0,0.0,1.154068090017311,1.8380062305295952,0.0484613520717228,0.31880977683315626,1.4003819223424572,0.03664681630783326,1.5793251974156495,1.36986301369863,0.8490721005826773
2024-10-21T12:06:53.388459101Z,AAPL,0.0,0.0,1.154068090017311,0.0,0.0,0.0,0.0,0.0,0.0,0.0,0.10613567681694483
2024-10-21T12:06:56.110160994Z,AAPL,0.17190991920233797,5.828071879553181,0.006039559112184811,0.7252289003716799,2.323851203501094,0.2176278563656148,0.2232973576479345,0.38562664329535495,0.14144271570014144,1.4804845222072678,1.1393523536338812
2024-10-21T12:06:56.110195323Z,AAPL,0.41088484411605697,0.19024970273483946,0.9427609427609428,1.4582573824279985,0.004326663061114116,1.0598834128245893,7.414272474513439,0.01849283402681461,0.8731808731808731,0.013745704467353952,1.2420278192585428
2024-10-21T12:06:56.110459619Z,AAPL,-2.159827213822894,-0.004411602514613433,-1.2414649286157666,-1.8890074706510138,-0.04530524408200249,-0.3091190108191654,-1.1334363730036063,-0.039525691699604744,-1.4454664914586073,-1.409443269908386,-0.9197868237671063
2024-10-21T12:06:56.110506828Z,AAPL,-0.3563156957063959,0.0,0.0,0.0,0.0,0.0,0.0,0.0,0.0,0.0,-0.014946326228270558
2024-10-21T12:06:56.200078370Z,AAPL,0.0,0.0,1.1655011655011656,0.0,0.0,0.0,0.0,0.0,0.0,0.0,0.10718713748471177
2024-10-21T12:06:56.253414674Z,AAPL,0.0,0.0,-1.1471178663607686,0.0,0.0,0.0,0.0,0.0,0.0,0.0,-0.10549648862848604
2024-10-21T12:06:56.253426681Z,AAPL,0.0,1.8325506814797847,-2.864463924477411,-0.03394145099703012,-0.08328706274292061,-1.9625334522747548,-0.06480881399870382,-0.5759162303664922,-1.154068090017311,-0.8712871287128713,-0.6942449727993997
2024-10-21T12:06:56.253770667Z,AAPL,0.0,-0.8957563542716381,0.0,0.0,0.0,0.0,0.0,0.0,0.0,0.0,-0.07970257574615712
2024-10-21T12:06:56.253914719Z,AAPL,0.0,0.0,-0.12743536331331945,0.0,0.0,0.0,0.0,0.0,0.0,0.0,-0.011719792491160154
2024-10-21T12:06:56.254006802Z,AAPL,0.0,0.0,0.1314292935675471,1.784609947875254,0.06004202942059441,0.28155795401220085,0.6178907456817863,0.05555555555555555,1.482979440512302,1.6884761502743773,0.7112282792943334
2024-10-21T12:06:56.262048229Z,AAPL,0.0,-0.9054895302773062,0.0,0.0,0.0,0.0,0.0,0.0,0.0,0.0,-0.08056861392064847
2024-10-21T12:06:56.262061304Z,AAPL,0.0,0.0,0.0,1.3600816048962936,3.0582891748675247,0.2191780821917808,0.07339449541284404,0.6606606606606606,0.1675041876046901,1.9022913964548205,0.8235049222453539
2024-10-21T12:06:56.280865568Z,AAPL,0.0,0.0,-1.972872996300863,-1.6402760860738936,-0.07036059806508356,-0.31931878658861096,-0.4988662131519274,-0.06705783738474434,-1.7282010997643362,-1.78491744756805,-0.8984664419003074
2024-10-21T12:06:56.343913221Z,AAPL,0.0,1.1134307585247043,-2.6843853820598005,-0.031821797931583136,-0.11762399529504018,-2.9197080291970807,-0.042689434364994665,-0.8051235132662397,-1.5420200462606015,-0.9892086330935251,-0.9540093820599157
2024-10-21T12:06:57.181891624Z,AAPL,0.0,0.0,0.12737293325168403,0.0,0.0,0.0,0.0,0.0,0.0,0.0,0.011714051012903615
2024-10-21T12:06:59.253990761Z,AAPL,0.0,1.286587327114828,0.0,0.0,0.0,0.0,0.0,0.0,0.0,0.0,0.11447791958651163
2024-10-21T12:06:59.254521031Z,AAPL,0.0,0.0,-0.11967779056386652,0.0,0.0,0.0,0.0,0.0,0.0,0.0,-0.011006355180708631
2024-10-21T12:06:59.254578130Z,AAPL,0.0,0.0,0.13979272113762353,1.5144699355225673,0.13382402141184344,0.33277870216306155,0.3804582792909641,0.12965964343598055,1.5089163237311385,2.082248828735034,0.7459119921949038
2024-10-21T12:06:59.308464431Z,AAPL,0.0,-1.2372409526755335,0.0,0.0,0.0,0.0,0.0,0.0,0.0,0.0,-0.11008717970753622
2024-10-21T12:06:59.308477350Z,AAPL,0.2672724842977416,-1.2734797835084366,0.0,0.0,0.0,0.0,0.0,0.0,0.0,0.0,-0.10210039435714316
2024-10-21T12:07:03.723636278Z,AAPL,-0.2561475409836066,-1.7942160141648633,-0.21452949780594832,-0.4374068025278705,-9.580838323353293,-0.020986358866736624,-0.15673981191222572,-13.370473537604457,-0.06385696040868455,-1.4101846670397316,-2.6063444718879696
2024-10-21T12:07:06.239446409Z,AAPL,-0.24764735017335313,0.0,0.0,0.0,0.0,0.0,0.0,0.0,0.0,0.0,-0.01038802985627571
2024-10-21T12:07:06.347474732Z,AAPL,0.2463357556349304,0.0,0.0,0.0,0.0,0.0,0.0,0.0,0.0,0.0,0.010333012577815326
2024-10-21T12:07:21.424028257Z,AAPL,0.2808227614238207,0.41392285983066796,0.803129074315515,1.1557353366079166,0.020544427324088343,1.1031439602868174,2.041684389621438,0.06932409012131716,0.8087291399229781,0.021041557075223566,0.6867391205381569
2024-10-21T12:07:21.424041784Z,AAPL,0.0,-1.8148820326678765,-0.24481847266657394,-0.45387562628941935,-6.820119352088661,-0.022675736961451247,-0.178491744756805,-6.896551724137931,-0.06540222367560497,-1.2837493632195618,-1.7176926529517527
2024-10-21T12:07:21.478349682Z,AAPL,0.2557871850620284,8.328995314940135,0.005813953488372093,0.09045539613225202,6.234567901234568,0.23391812865497075,0.056818181818181816,1.0538922155688624,0.13793103448275862,2.1621621621621623,1.7932126007265663
2024-10-21T12:07:21.488058823Z,AAPL,0.0,0.0,0.0,-1.545169433182896,-0.11007154650522841,-0.3831417624521073,-0.4352126607319486,-0.08565310492505353,-1.5427769985974755,-1.8674136321195145,-0.7114786934085469
2024-10-21T12:07:21.488100749Z,AAPL,0.0,0.0,0.0,0.0809779646500039,4.466062347999116,0.2822865208186309,0.06272869837950862,0.835707502374169,0.14792899408284024,1.9477644975652944,0.8413370951048283
2024-10-21T12:07:21.502492836Z,AAPL,0.04050925925925926,0.0,0.0,0.0,0.0,0.0,0.0,0.0,0.0,0.0,0.0016992364115595443
2024-10-21T12:07:21.502548349Z,AAPL,0.0,0.0,-0.21518725429339955,-0.14943114280862627,-1.0165016501650166,-9.919404835709857,-0.004804227720393946,-0.33305578684429643,-8.018710324089541,-0.08368200836820083,-2.298511201994484
2024-10-21T12:07:24.037331253Z,AAPL,-0.31505986137366104,0.09151707145371347,0.37462750106428266,0.5573147561747942,2.300834052343975,0.025657472738935212,0.2603827626611118,3.582089552238806,0.07054673721340388,1.023558082859464,0.8315492563632527
2024-10-21T12:07:24.051643239Z,AAPL,0.0,0.14009392660988618,1.318210999358014,1.4982676280550613,0.005752085130859937,1.2828736369467606,3.124593151933342,0.029850746268656716,0.8888888888888888,0.016246953696181968,0.8679835096209101
2024-10-21T12:07:24.051685450Z,AAPL,0.0,-0.07566938300349242,-0.4226705091258406,-0.6188466947960619,-2.0387359836901124,-0.026578073089700997,-0.2842524161455372,-3.2454361054766734,-0.0747104968248039,-0.994475138121547,-0.797209513367047
2024-10-21T12:07:31.492189570Z,AAPL,-0.36185996019540434,-0.5369487885092958,-0.2944507361268403,-0.18306636155606407,-0.7254740313272877,-9.116809116809117,-0.0062092517851598875,-0.26881720430107525,-7.68245838668374,-0.07713073659853452,-2.195957843314835
2024-10-21T12:07:31.505459563Z,AAPL,0.0,0.0,0.6085753803596128,0.6564364876385337,1.7057569296375266,0.024906600249066005,0.33915550279803286,2.9869321717485997,0.06720430107526881,0.9298892988929889,0.7520722239204001
2024-10-21T12:07:31.506518669Z,AAPL,0.0,0.0,-0.5185516316495307,-0.19460415745245468,-0.6145864511623267,-8.620689655172415,-0.007542900245144259,-0.24752475247524752,-7.011393514460999,-0.07222824124232576,-2.0117649717443418
2024-10-21T12:07:32.030551990Z,AAPL,-2.471169686985173,-0.0023859230539815092,-0.6368646662584201,-2.199716868125885,-0.039327499754203125,-0.28422548555187116,-0.9159034138218152,-0.04984423676012461,-1.1083123425692696,-1.4194464158977997,-0.8560450086396281
2024-10-21T12:07:32.030564032Z,AAPL,0.0,0.4784688995215311,0.02702702702702703,0.12458073790129373,1.8670856825954338,0.16286644951140067,0.145985401459854,0.5385556915544676,0.09076469253460404,1.5536723163841808,0.5628242981730316
2024-10-21T12:07:33.189588145Z,AAPL,0.41736227045075125,-0.0023986567522187576,-0.7692307692307693,-2.5275275275275275,-0.03645643456069996,-0.21382751247327153,-1.2532042153232696,-0.048691418137553254,-0.8899676375404532,-1.4104372355430181,-0.7832495045878122
2024-10-21T12:07:34.413504555Z,AAPL,0.4509582863585118,2.6620819699406577,0.03336113427856547,0.1453122816822691,1.738382099827883,0.12694382735639478,0.21299254526091588,0.5263157894736842,0.07433562534844824,1.543859649122807,0.7650655030925473
2024-10-21T12:07:51.491296294Z,AAPL,0.0,0.0,0.0,0.0,0.0,0.0,0.0,0.0,0.0,0.0,0.0
2024-10-21T12:07:51.491296294Z,AAPL,0.0,0.0,0.0,0.0,0.0,0.0,0.0,0.0,0.0,0.0,0.0
2024-10-21T12:07:51.493462211Z,AAPL,0.0,0.0,0.0,0.0,0.0,0.0,0.0,0.0,0.0,0.0,0.0
2024-10-21T12:07:51.493723176Z,AAPL,0.3074085459575776,0.36531348463400154,22.68431001890359,0.008830022075055188,0.08296107211231653,3.904890779045042,0.2372479240806643,0.08498583569405099,0.5943536404160475,0.15267175572519084,2.803500781610955
2024-10-21T12:07:51.493724386Z,AAPL,0.0,0.18183471224656786,3.5211267605633805,9.3841642228739,0.003257063757023044,0.18627977789718791,9.940944881889765,0.06144393241167435,0.07592053650512465,1.7107309486780715,2.6152255487326426
2024-10-21T12:07:51.493756947Z,AAPL,0.6922810661128419,0.05596564867081585,0.7122622420072845,0.9799554565701558,1.3585802836036343,0.007144132880871584,0.7930214115781127,3.7441497659906395,0.025290844714213456,0.9797822706065319,0.9199222594084507
2024-10-21T12:07:51.494118408Z,AAPL,-0.35001750087504374,-0.40908161178155045,-13.079019073569482,-0.006918021445866482,-0.08818790808106504,-3.317457710625719,-0.16515276630883569,-0.09353078721745908,-0.556398583712696,-0.16116035455278002,-1.8342811475625778
2024-10-21T12:07:51.502398180Z,AAPL,-0.7017543859649122,-2.476141346401857,-0.010899182561307902,-0.1798685575925285,-1.7128805223437633,-0.06569223189357859,-0.24772914946325353,-0.6858924395946999,-0.05058168942842691,-1.7727639000805802,-0.8028524893069969
2024-10-21T12:07:51.568012126Z,AAPL,0.6896551724137931,0.0,0.0,0.0,0.0,0.0,0.0,0.0,0.0,0.0,0.028928872110097464
2024-10-21T12:07:51.600943259Z,AAPL,0.0,0.0,0.0,-1.3472549680026946,-0.5223437632493853,-2.6276892757431436,-0.016515276630883566,-0.3117692907248636,-3.0349013657056148,-0.08058017727639001,-0.87607116858939
2024-10-21T12:07:51.615820733Z,AAPL,0.0,0.0,0.0,1.0373863253620748,1.3567370474010005,0.006569223189357858,0.8257638315441784,3.741231488698363,0.025290844714213456,1.0153102336825142,0.8347454187207017
2024-10-21T12:07:51.619802962Z,AAPL,0.0,0.0,0.0,-3.2733754658888348,-0.034196802598956993,-0.09925558312655088,-2.236908998474835,-0.05788712011577424,-0.5534591194968553,-1.5785319652722967,-0.8859537406635583
2024-10-21T12:07:51.619884656Z,AAPL,0.0,0.0,0.3106796116504854,0.006508298080052067,1.7269385312473282,0.06617038875103391,0.3050330452465684,0.6367583212735166,0.050314465408805034,1.7363851617995265,0.5589858772805879
2024-10-21T12:07:51.619898253Z,AAPL,0.0,0.0932302150651552,1.6382978723404256,2.4702794503628223,0.003465003465003465,0.35118525021949076,9.353078721745907,0.029133284777858703,0.33994334277620397,0.015810276679841896,1.4306702236810378
2024-10-21T12:07:51.619921024Z,AAPL,0.09469056476158269,0.8927575047427743,9.469323337936476,0.16654275092936802,0.0037590452025185604,3.2376983490944062,0.12857602057216327,0.09716599190283401,0.5811649716021662,0.16891891891891891,1.532888022230968
2024-10-21T12:07:51.619959682Z,AAPL,0.0,0.0,0.0,-0.17875763444063758,-1.5409804488105558,-0.006314127861089187,-0.6339144215530903,-3.6199095022624435,-0.02826455624646693,-1.0834049871023217,-0.741279106925792
2024-10-21T12:07:51.628191317Z,AAPL,0.0,-0.47033923217120344,0.0,0.0,0.0,0.0,0.0,0.0,0.0,0.0,-0.04184982679692687
2024-10-21T12:07:51.628201644Z,AAPL,0.0,-2.688623760712485,-0.14278429372768997,-0.006469351447517387,-1.8590097551997056,-0.0663680106188817,-0.19029495718363462,-0.5688429217840982,-0.06795786612300374,-1.870748299319728,-0.7990311670528162
2024-10-21T12:07:51.628212387Z,AAPL,0.0,0.0,0.0,1.364256480218281,0.0036026299198414842,3.3017325923504415,0.1289490651192779,0.07237635705669482,0.8316008316008315,0.1724137931034483,0.7331915859393692
2024-10-21T12:07:51.686536494Z,AAPL,0.0,0.0,-0.9611918779286316,0.0,0.0,0.0,0.0,0.0,0.0,0.0,-0.08839751432116565
2024-10-21T12:07:51.794799198Z,AAPL,0.0,0.0,0.0,1.29366106080207,0.0,0.0,0.0,0.0,0.0,0.0,0.13477324560734905
2024-10-21T12:07:51.814032926Z,AAPL,0.0,0.4590314436538903,4.706343759192078,0.1814646791963707,0.0,0.0,0.0,0.0,0.0,0.0,0.49257488642567937
2024-10-21T12:07:52.076548886Z,AAPL,0.0,0.0,0.0,0.0,0.0,0.0,0.0,0.0,0.0,0.0,0.0
2024-10-21T12:07:52.076590310Z,AAPL,0.027944669554282518,0.07024586051179127,0.7241129616220131,6.535057862491491,0.10853764899699582,0.007144132880871584,5.285190999476714,0.03754106053496011,0.22892025944296068,1.9047619047619047,1.6161756204729163
2024-10-21T12:07:52.083763088Z,AAPL,-0.15808045165843332,-0.5035246727089627,-3.8794148549260488,-0.18184770254911511,-0.003786086133459536,-3.556964254270118,-0.11848341232227487,-0.05352363960749331,-2.0744931636020745,-0.1763668430335097,-1.1640798180188716
2024-10-21T12:07:52.139320651Z,AAPL,0.0,0.0,0.0,-0.008271298593879239,-1.8249164332821393,-0.07063393960798164,-0.20790020790020788,-0.3890362511052166,-0.1890359168241966,-1.9400352733686066,-0.5506811899798075
2024-10-21T12:07:52.139355221Z,AAPL,-1.124701251230142,-2.820542954518745,-0.0031264655307175235,-3.872699386503067,-0.03618926988148014,-0.11598685482312006,-1.4735432016075016,-0.03538257408226449,-2.0793950850661624,-1.6963528413910092,-1.3274437277376416
2024-10-21T12:07:52.139430957Z,AAPL,0.0,0.06798734028836009,0.0,0.0,0.0,0.0,0.0,0.0,0.0,0.0,0.00604937504855203
2024-10-21T12:07:52.330233710Z,AAPL,0.0,0.0,0.0,0.0,0.0,0.0,0.0,0.0,0.0,0.0,0.0
2024-10-21T12:07:52.330267041Z,AAPL,0.03068425897514575,0.4962471310712735,3.2878544676297485,0.006979584714709474,1.959452905228441,0.08361204013377926,0.18604651162790697,0.37752037752037754,0.23242300987797793,1.8363939899833055,0.8959094399925969
2024-10-21T12:07:52.333762726Z,AAPL,-1.2662234884457109,-3.0411382616764615,-0.002620888481195125,-3.319093000328623,-0.040758100672508665,-0.12528711630820633,-1.3253012048192772,-0.03461704889658156,-2.4162548050521693,-1.6764459346186087,-1.3093705764526091
2024-10-21T12:07:53.654833970Z,AAPL,0.0,0.0,0.0,0.0,0.0,0.0,0.0,0.0,0.0,0.0,0.0
2024-10-21T12:07:53.654870612Z,AAPL,0.03494670627293378,0.5254860746190225,2.877714687115846,0.006851661527920521,2.0582840839616874,0.08352474420547087,0.18072289156626506,0.3807875378623972,0.21965952773201539,1.8440905280804694,0.869280698050481
2024-10-21T12:07:53.663763591Z,AAPL,-1.4484881405033498,-3.2229725299940997,-0.0023180343069077423,-3.382451440053583,-0.041160732661041366,-0.12644889357218125,-1.5357766143106457,-0.03319502074688797,-2.3617820719269993,-1.6406890894175552,-1.3501422024087422
2024-10-21T12:07:54.619783229Z,AAPL,1.3570822731128074,0.0,0.0,0.0,0.0,0.0,0.0,0.0,0.0,0.0,0.056925346306553104
2024-10-21T12:07:54.619937567Z,AAPL,0.0,0.0,0.5312790543232834,0.0,0.0,0.0,0.0,0.0,0.0,0.0,0.04885990913103079
2024-10-21T12:07:54.619949131Z,AAPL,0.0,0.0,0.0,-2.161285965149264,-0.12277470841006753,-4.413793103448276,-0.015588464536243178,-0.16556291390728478,-10.0,-0.07374631268436578,-1.791620197209538
2024-10-21T12:07:54.620382308Z,AAPL,0.1746987951807229,0.9334889148191365,3.264276228419655,0.005146018268364853,2.148022118247554,0.09940357852882704,0.23837902264600716,0.38161318300086733,0.1335559265442404,1.6578749058025624,0.9252742387138366
2024-10-21T12:07:54.620490674Z,AAPL,0.0,0.0,0.0,0.0,1.6148566814695196,0.011334655709832815,0.7930214115781127,2.064516129032258,0.0690846286701209,0.9150326797385622,0.5710856519772797
2024-10-21T12:07:54.620533693Z,AAPL,0.0,0.0,0.0,0.0,-0.11155378486055777,-4.66064666472473,-0.016142050040355124,-0.17905102954341987,-7.079646017699115,-0.07153075822603719,-1.3387266559153557
2024-10-21T12:07:54.677762815Z,AAPL,0.0,-0.5502063273727648,0.0,0.0,0.0,0.0,0.0,0.0,0.0,0.0,-0.04895623823857835
2024-10-21T12:07:54.677774981Z,AAPL,1.173881144534116,0.08072934790173289,0.0,0.0,0.0,0.0,0.0,0.0,0.0,0.0,0.0564237663093921
2024-10-21T12:07:54.740560308Z,AAPL,0.0,-3.1926224184959087,-0.0023962139819085843,-2.131701139721401,-0.04023740066391711,-0.19047619047619047,-1.8025399426464563,-0.04121586810922205,-0.8844221105527639,-1.3736263736263736,-1.017317708648989
2024-10-21T12:07:54.740591753Z,AAPL,0.0,-0.0700060350030175,0.0,0.0,0.0,0.0,0.0,0.0,0.0,0.0,-0.006228994392178318
2024-10-21T12:07:54.740668620Z,AAPL,0.0,0.07073602048905421,2.98247794209022,0.004213187276174426,2.08613033150883,0.11537352177675224,0.3072196620583717,0.5057471264367817,0.06493506493506493,1.5246015246015245,0.8037182024157086
2024-10-21T12:07:57.005348310Z,AAPL,0.0,0.0,0.0,0.0,0.0,0.0,0.0,0.0,0.0,0.0,0.0
2024-10-21T12:07:57.005348926Z,AAPL,0.0,0.0,0.0,0.0,0.0,0.0,0.0,0.0,0.0,0.0,0.0
2024-10-21T12:07:57.005648252Z,AAPL,0.5386479935362241,0.570287995437696,0.06937384127743557,4.44650301065308,0.004418424831547554,3.9230918624975724,0.24829298572315334,0.08385744234800839,0.5608667941363926,0.1519756838905775,1.20764818106622
2024-10-21T12:07:57.006073356Z,AAPL,-1.0772959870724481,-0.09042719052073589,-2.708803611738149,-0.0037519932464121566,-2.201394943330427,-0.07216308858019124,-0.40899795501022496,-0.6562266964951529,-0.047961630695443645,-1.7027863777089784,-0.880680978386815
2024-10-21T12:07:57.069351091Z,AAPL,0.0,0.0,0.0,0.7386206259809805,0.0,0.0,0.0,0.0,0.0,0.0,0.07694928915481916
2024-10-21T12:07:57.258842550Z,AAPL,0.0,0.0,0.0,0.0,0.0,0.0,0.0,0.0,0.0,0.0,0.0
2024-10-21T12:07:58.008823092Z,AAPL,0.0,0.0,0.0,0.0,0.0,0.0,0.0,0.0,0.0,0.0,0.0
2024-10-21T12:07:58.008823092Z,AAPL,0.25753283543651817,0.0,0.0,0.0,0.0,0.0,0.0,0.0,0.0,0.0,0.010802694967716023
2024-10-21T12:07:58.008889077Z,AAPL,0.0,0.0,0.0,0.11397171059326346,1.7442494276681566,0.005614823133071308,2.028397565922921,4.994797086368366,0.019193857965451054,1.057934508816121,1.0191990845196266
2024-10-21T12:07:58.036947209Z,AAPL,0.0,0.0,0.0,-0.8427262193194986,-0.12048192771084337,-2.128225591912743,-0.047505938242280284,-0.4592422502870264,-2.1988089784699953,-0.0856898029134533,-0.6611414211861525
2024-10-21T12:07:58.162656656Z,AAPL,0.0,0.0,0.0,-0.8547921786515653,0.0,0.0,0.0,0.0,0.0,0.0,-0.08905200885092919
2024-10-21T12:08:07.337716526Z,AAPL,1.1484352569623888,0.0,0.0,0.0,0.0,0.0,0.0,0.0,0.0,0.0,0.048173258179318196
2024-10-21T12:08:07.341475627Z,AAPL,0.0,0.23601220752797558,0.051656572853580336,4.774219216232345,0.00425260472039124,2.4041894786955487,0.6688963210702341,0.1534526854219949,0.38562664329535495,0.18214936247723135,1.0097173366572154
2024-10-21T12:08:07.343053018Z,AAPL,0.0,0.0,-2.140277344272529,-0.003978516013526954,-2.235997343369493,-0.04544938075218725,-1.092896174863388,-1.3095238095238095,-0.03331945022907122,-2.05799812909261,-0.9608530750608928
2024-10-21T12:08:11.980882050Z,AAPL,0.0,0.0,0.0,0.0,0.0,0.0,0.0,0.0,0.0,0.0,0.0
2024-10-21T12:08:11.980882050Z,AAPL,0.0,0.0,0.0,0.0,0.0,0.0,0.0,0.0,0.0,0.0,0.0
2024-10-21T12:08:11.980882050Z,AAPL,0.30501089324618735,0.0,0.0,0.0,0.0,0.0,0.0,0.0,0.0,0.0,0.012794250628213039
2024-10-21T12:08:22.863309742Z,AAPL,-0.16414320079241543,-12.08155046564309,-0.0017905102954341987,-2.009150586831112,-0.044277175116227585,-0.06817407112828087,-8.014571948998178,-0.11904761904761904,-0.3665139525197834,-1.8709073900841908,-2.4416732099741827
2024-10-21T12:08:22.863323283Z,AAPL,0.0,5.042546485975417,2.039169038616764,0.004188481675392671,2.1198446846468677,0.04547521600727603,1.3215859030837005,1.2716763005780347,0.03359932801343973,2.0484171322160147,1.4078153295126434
2024-10-21T12:08:22.881949837Z,AAPL,-2.3242300987797795,-11.049723756906078,-0.0017905102954341987,-2.009150586831112,-0.044277175116227585,-0.06817407112828087,-8.014571948998178,-0.11904761904761904,-0.3665139525197834,-1.8709073900841908,-2.4404722438101287
2024-10-21T12:08:22.881992297Z,AAPL,0.0,0.2761795166858458,2.1486123545210387,0.003978516013526954,2.235997343369493,0.04544938075218725,1.092896174863388,1.3095238095238095,0.03331945022907122,2.05799812909261,0.9861935081306842
2024-10-21T12:08:22.934444989Z,AAPL,-1.1641443538998835,0.0,0.0,0.0,0.0,0.0,0.0,0.0,0.0,0.0,-0.048832205540909564
2024-10-21T12:08:25.917764011Z,AAPL,1.1651616661811826,0.0,0.0,0.0,0.0,0.0,0.0,0.0,0.0,0.0,0.048874878601388075
2024-10-21T12:08:36.931191504Z,AAPL,0.0,0.0,0.0,0.9243212016175621,0.0,0.0,0.0,0.0,0.0,0.0,0.09629552291575348
2024-10-21T12:08:36.931201585Z,AAPL,0.0,0.0,0.0,0.1320287634091713,1.6145307769929365,0.005058808650562793,3.316749585406302,5.992509363295881,0.01768346595932803,1.0975609756097562,1.2409905065477542
2024-10-21T12:08:36.931212780Z,AAPL,0.0,0.0,0.0,-1.842681101001958,-0.11301715438950555,-2.023523460225117,-0.06633499170812604,-0.4993757802746567,-2.1220159151193636,-0.08710801393728224,-0.7489010513745984
2024-10-21T12:08:36.985980884Z,AAPL,1.2418503570319777,0.0,0.0,0.0,0.0,0.0,0.0,0.0,0.0,0.0,0.05209172872976258
2024-10-21T12:08:37.008605354Z,AAPL,0.0,0.2680067001675042,0.05371290452531221,4.668352460610776,0.00425260472039124,2.4041894786955487,0.6688963210702341,0.1534526854219949,0.38562664329535495,0.18214936247723135,1.0017240863609789
2024-10-21T12:08:37.008657827Z,AAPL,0.0,0.0,-2.1485161810124884,-0.003754458419373005,-2.235997343369493,-0.04544938075218725,-1.092896174863388,-1.3095238095238095,-0.03331945022907122,-2.05799812909261,-0.9615874303097437
2024-10-21T12:08:37.017706043Z,AAPL,0.0,0.0,0.0,0.0,-0.11956160743938891,-0.13287459959663067,-16.877637130801688,-0.012080942313500452,-0.17459624618070713,-8.781558726673984,-3.1144037368477138
2024-10-21T12:08:37.017734583Z,AAPL,0.0,0.0,0.0,0.0,0.0,1.8982085656661527,0.04219409282700422,0.6040471156750226,2.0951549541684855,0.07317965605561653,0.5326144408754689
2024-10-21T12:08:37.054120455Z,AAPL,0.0,0.0,0.0,-0.750891683874601,0.0,0.0,0.0,0.0,0.0,0.0,-0.07822768451622361
2024-10-21T12:08:37.140123992Z,AAPL,0.0,0.0,0.0,-0.864397622906537,0.0,0.0,0.0,0.0,0.0,0.0,-0.09005270133288454
2024-10-21T12:08:37.210561446Z,AAPL,-0.19054100034025181,-8.980355472404115,-0.0017926769148030295,-2.113191756459881,-0.04425757911042266,-0.07557626905151782,-4.198473282442748,-0.12099213551119177,-0.3841117415975557,-1.4169323414806942,-1.7297369787897638
2024-10-21T12:08:37.210572545Z,AAPL,1.3740982480247337,0.2095808383233533,2.151212297763635,0.0042739608932578265,2.235255062520748,0.05038417936767855,0.5725190839694657,1.3309134906231095,0.034919249236141425,1.5586255756287637,0.9101591534588591
2024-10-21T12:08:37.269320274Z,AAPL,0.0,0.0,0.0,-0.8734578010699858,0.0,0.0,0.0,0.0,0.0,0.0,-0.09099658814672414
2024-10-21T12:08:37.922862859Z,AAPL,0.0,0.0,0.0,0.0,1.7006802721088436,0.005305039787798408,1.8231540565177757,6.224066390041493,0.01841620626151013,0.8746962860118014,1.0736614652918481
2024-10-21T12:08:37.922947266Z,AAPL,0.0,0.0,0.0,0.0,-0.11712439418416802,-2.12342402123424,-0.03992015968063872,-0.5055611729019212,-2.2304832713754648,-0.06918021445866482,-0.5763628238455092
2024-10-21T12:08:38.864074729Z,AAPL,-0.6542361792607131,-0.9771309771309771,-0.07520724724382533,-0.7691347234361343,-0.7939658594680429,-0.16192071468453378,-11.420413990007138,-0.010238034297414897,-0.1958863858961802,-6.884681583476763,-2.536932168632843
2024-10-21T12:08:38.864096354Z,AAPL,-0.19485038274182326,-12.314007183170856,-0.0017173278378842523,-2.6020868221048565,-0.039032006245121,-0.08832621816575888,-2.4444444444444446,-0.10368066355624676,-0.4554865424430642,-0.98015192354815,-1.84018149652958
2024-10-21T12:08:38.864439490Z,AAPL,0.6994047619047619,0.34727703235990526,0.27882134612773274,0.9916945580761125,0.11892556899733443,2.3536334215945867,0.021108179419525065,0.532197977647685,2.459016393442623,0.049127978383689506,0.81650360470871
2024-10-21T12:08:38.972450149Z,AAPL,1.4880952380952381,0.22108172127911566,2.172633865930385,0.005084530316512012,2.070732957457714,0.05884083553986467,0.316622691292876,1.1708355508249069,0.040983606557377046,1.0808155244411692,0.7888710402066357
2024-10-21T12:08:38.985809168Z,AAPL,0.0,0.0,-0.35885704032655985,0.15474919957310565,1.5799348276883578,0.006250976715111736,1.02880658436214,5.571030640668524,0.02182214948172395,0.610317268103657,0.8625321288714073
2024-10-21T12:08:39.004863316Z,AAPL,0.0,0.0,0.35885704032655985,0.0,0.0,0.0,0.0,0.0,0.0,0.0,0.03300284895236449
2024-10-21T12:08:39.004876187Z,AAPL,0.0,0.0,0.0,-1.0670935040682938,-0.11453396524486573,-2.5003906860446947,-0.0205761316872428,-0.46425255338904364,-2.618657937806874,-0.048437878420925166,-0.7665286963843846
2024-10-21T12:08:39.005322111Z,AAPL,0.2228626320845341,1.5296367112810707,0.05302779224468539,5.649717514124293,0.004155844155844156,2.9300841311285177,0.20629190304280556,0.14241633040588653,0.4749055585536967,0.09928021841648052,1.2480530819174422
2024-10-21T12:08:39.005350151Z,AAPL,0.0,0.0,-2.2726196676293737,-0.0048216007714561235,-2.0984832744649906,-0.05802146794313896,-0.30943785456420836,-1.0443864229765012,-0.04317323259579061,-1.0920824025812856,-0.7071756081270675
2024-10-21T12:08:39.007699591Z,AAPL,0.0,0.0,0.0,0.17246506095747843,1.5235193296514948,0.006666666666666667,1.0035122930255895,4.940304652120214,0.023337222870478413,0.6018629090040603,0.8275066515216576
2024-10-21T12:08:39.007712438Z,AAPL,0.0,0.0,0.0,-2.3788284269997026,-0.1104446348662287,-2.6666666666666665,-0.02007024586051179,-0.41169205434335115,-2.8004667444574096,-0.04776689754000478,-0.9375296755357493
2024-10-21T12:08:39.069736562Z,AAPL,1.6945562380851513,-6.940427993059572,-0.0018964536317087049,-2.7939142461964037,-0.03996003996003996,-0.09408812921436412,-2.605091770278271,-0.08321198252548367,-0.4772234273318872,-1.1166945840312674,-1.3412681822115597
2024-10-21T12:08:39.162773976Z,AAPL,1.6945562380851513,0.1677027613127078,2.2757443580504457,0.005532503457814661,2.0175789053136235,0.06272541947624274,0.3552397868561279,0.9153318077803204,0.04338394793926247,1.2283640424343942,0.8009002697444607
2024-10-21T12:08:41.638527966Z,AAPL,1.6945562380851513,0.0,0.0,0.0,0.0,0.0,0.0,0.0,0.0,0.0,0.07108132100765316
2024-10-21T12:08:41.645312053Z,AAPL,0.0,0.16189650187915583,0.05823000853370815,5.436629289840299,0.004205214465937763,2.939464493597206,0.2375296912114014,0.1273344651952462,0.4721030042918455,0.11487650775416428,1.1004757071989493
2024-10-21T12:08:41.701297052Z,AAPL,0.0,-0.20184444057769269,-2.272727272727273,-0.00469208211143695,-2.0181836347287443,-0.0582495995340032,-0.37759597230962866,-0.914380714879468,-0.04338394793926247,-1.2600229095074456,-0.7390576993361205
2024-10-21T12:08:41.701320255Z,AAPL,0.0,-6.937418702124584,-0.0020079313287485567,-2.1887528442951565,-0.04203446826397646,-0.08731082654249127,-2.6128266033254155,-0.08488964346349745,-0.4721030042918455,-1.1487650775416427,-1.3538208399245724
2024-10-21T12:08:41.701391064Z,AAPL,0.0,0.17338534893801474,2.409517594498268,0.004242231413723619,2.1222945997058207,0.05820721769499418,0.3562945368171021,0.933786078098472,0.04291845493562232,1.263641585295807,0.7582856668749658
2024-10-21T12:08:44.045776235Z,AAPL,0.0,0.0,0.0,0.0,0.0,0.0,0.0,0.0,0.0,0.0,0.0
2024-10-21T12:08:44.045776717Z,AAPL,0.36341110881684907,0.8756218905472637,0.7933753161104775,0.12264749418481709,1.681025425509561,0.005820721769499417,1.187648456057007,5.093378607809847,0.02145922746781116,0.7237219988512349,1.0541576372671797
2024-10-21T12:08:44.045799937Z,AAPL,0.8534243652656284,1.1008669327095086,0.06200589055960316,4.557538928978351,0.004341219882787063,2.7524185856383703,0.3009781790820165,0.11503067484662576,0.4693333333333333,0.140597539543058,1.110975869157985
2024-10-21T12:08:44.045814276Z,AAPL,0.0,0.6423638991488678,0.4018485031143259,0.12082158679017317,4.526593738211995,0.005481704810195971,14.70160116448326,0.06878761822871883,0.06497022198159177,1.8981880931837791,2.2683904210932897
2024-10-21T12:08:44.045826034Z,AAPL,-0.48697137975224264,0.0,0.0,0.0,0.0,0.0,0.0,0.0,0.0,0.0,-0.02042692251088898
2024-10-21T12:08:44.045839714Z,AAPL,0.0,-0.42410714285714285,0.0,0.0,0.0,0.0,0.0,0.0,0.0,0.0,-0.03773618966459167
2024-10-21T12:08:44.046075488Z,AAPL,0.9218713989398479,0.4134179510426111,0.12322992108961194,0.8562560205501445,0.09407337723424272,6.2614140360031305,0.017072129748186084,2.8016643550624134,0.0502828409805154,0.2554278416347382,1.3923265056282759
2024-10-21T12:08:44.046577511Z,AAPL,-0.5499276410998553,-0.4032543332154227,-0.450755014649538,-0.12804097311139565,-3.5685079176269423,-0.005223978059292151,-7.130250617719732,-0.05625879043600562,-0.07537688442211055,-1.8731375053214134,-1.4375613056599692
2024-10-21T12:08:44.062697315Z,AAPL,0.0,0.0,0.0,0.0,0.0,0.0,0.0,0.0,0.0,0.0,0.0
2024-10-21T12:08:44.062714891Z,AAPL,0.0,0.0,0.0,0.0,0.0,0.0,0.0,0.0,0.0,0.0,0.0
2024-10-21T12:08:44.062714891Z,AAPL,0.0,0.0,0.0,0.0,0.0,0.0,0.0,0.0,0.0,0.0,0.0
2024-10-21T12:08:44.070991133Z,AAPL,0.0,0.0,0.0,0.0,0.0,0.0,0.0,0.0,0.0,0.0,0.0
2024-10-21T12:08:44.071001755Z,AAPL,1.0235414534288638,0.4027556968733439,0.1519290997534484,1.0520778537611783,0.06762849413886383,7.142857142857143,0.008032128514056224,2.148936170212766,0.07272727272727272,0.23201856148491878,1.475431636769996
2024-10-21T12:08:44.071247115Z,AAPL,-0.6185567010309277,-0.4926534140017286,-0.5177323323841574,-0.17756732761171945,-2.4864024864024863,-0.006342159505311558,-3.724188790560472,-0.04020100502512563,-0.12474012474012475,-1.6578749058025624,-0.9977786822481722
2024-10-21T12:08:44.078717275Z,AAPL,0.0,0.0,0.0,0.0,0.0,0.0,0.0,0.0,0.0,0.0,0.0
2024-10-21T12:08:44.078717275Z,AAPL,0.0,0.0,0.0,0.0,0.0,0.0,0.0,0.0,0.0,0.0,0.0
2024-10-21T12:08:44.078717275Z,AAPL,0.0,0.0,0.0,0.0,0.0,0.0,0.0,0.0,0.0,0.0,0.0
2024-10-21T12:08:44.078717275Z,AAPL,0.054982817869415807,0.0,0.0,0.0,0.0,0.0,0.0,0.0,0.0,0.0,0.0023063568142758116
2024-10-21T12:08:44.078717275Z,AAPL,0.13313609467455623,0.0,0.0,0.0,0.0,0.0,0.0,0.0,0.0,0.0,0.0055846417313131945
2024-10-21T12:08:44.078717275Z,AAPL,2.3502479969477297,3.5312293092032663,0.08973466388179778,4.742145820983995,0.0015208547203528384,0.5868544600938967,2.632156174599693,0.0163265306122449,2.2340425531914896,0.013114754098360656,1.464479706853722
2024-10-21T12:08:44.078746374Z,AAPL,1.5497869043006585,0.463980463980464,0.19555708036709837,2.239014833473272,0.04651523373904953,11.299435028248586,0.0041224363598886945,1.6031746031746033,0.676818950930626,0.20332090816672313,2.215192418243782
2024-10-21T12:08:44.078758339Z,AAPL,0.0,0.4395604395604395,0.39261876717707106,0.57,0.09137910304196224,1.7829284599955426,0.1168679392286716,3.665521191294387,0.0625,6.151035322777101,1.7454527249054888
2024-10-21T12:08:44.078760028Z,AAPL,0.0,0.0,0.4005206768799439,0.0,0.0,0.0,0.0,0.0,0.0,0.0,0.03683451044833592
2024-10-21T12:08:44.078772524Z,AAPL,-0.8236994219653179,-1.4194464158977997,-0.24068404940356805,0.0,0.0,0.0,0.0,0.0,0.0,0.0,-0.18298594378738495
2024-10-21T12:08:44.078783923Z,AAPL,0.0,-0.3904778215447851,-0.25449268891617366,-0.5666003976143141,-0.36922508884478705,-0.2633311389071758,-3.9480177660799476,-0.0029248318221702253,-17.104149026248944,-0.102880658436214,-2.134007753830937
2024-10-21T12:08:44.115212449Z,AAPL,0.0,0.0,1.8148820326678765,0.009942828734775044,0.09843973027513904,4.628736740597878,0.01561524047470331,0.19192688499619193,0.02399520095980804,13.973799126637555,3.073055555008611
2024-10-21T12:08:44.115267046Z,AAPL,0.0,0.0,-0.13114754098360656,0.0,0.0,0.0,0.0,0.0,0.0,0.0,-0.012061188716312485
2024-10-21T12:08:44.149196088Z,AAPL,0.0,0.0,0.0,-2.0030045067601403,-0.06445721652253317,-7.485963817841546,-0.0029821814657421905,-1.6767659998339834,-0.18613308515588645,-0.06316454363617223,-1.4671545258987262
2024-10-21T12:08:44.179409160Z,AAPL,0.0,-0.3341638575406713,-0.91324200913242,-0.302571860816944,-2.627689275743143,-0.005705320211096847,-1.5110712148414123,-0.03475238922675934,-0.27972027972027974,-0.3847499125568381,-0.610919206573494
2024-10-21T12:08:44.303766562Z,AAPL,0.0,-1.1092623405435384,-0.1392272885485555,-9.397024275646045,-0.002392630697451848,-2.489524279023909,-0.031181789834736514,-0.05465476407360175,-1.9677996422182469,-0.030136367060950804,-1.634396535864086
2024-10-21T12:08:44.333763421Z,AAPL,-2.1990104452996153,-0.16148566814695195,-4.975124378109453,-0.007919223916056227,-1.2888406814266573,-0.04586104104563173,-0.04880826486618401,-0.4174177023052842,-0.1796138302649304,-0.2892833662064431,-0.7895247628089443
2024-10-21T12:08:45.554994588Z,AAPL,0.0,0.0,0.0,0.0,0.0,0.0,-0.337325012649688,0.0,0.0,0.0,-0.033478442140620464
2024-10-21T12:08:46.626940215Z,AAPL,0.01025115325474116,0.9951486503296431,0.1123700721041296,8.045591686221924,0.0028072145413713242,2.187567684643708,0.033551417547391375,0.0661011347361463,1.9014693171996542,0.020965459405629223,1.432505217192153
2024-10-21T12:08:56.736391728Z,AAPL,-1.9253910950661852,-0.1453136352627755,-4.099760847283909,-0.006769334912844813,-1.5298394425931534,-0.040642145905303795,-0.05223295899712718,-0.5092592592592593,-0.1735357917570499,-0.20936429387133612,-0.7119563901998948
2024-10-21T12:09:01.138241817Z,AAPL,-0.2831524303916942,-4.975640095366435,-0.003466805338880222,-3.1780994336060413,-0.034293552812071325,-0.05738880918220947,-0.3947250381268503,-0.049364432926076764,-1.8363939899833055,-0.17434511615743362,-1.0340147973712428
2024-10-21T12:09:01.138255251Z,AAPL,0.0,0.7971303308090872,3.81952733349248,0.006350214319733291,1.9022506827384875,0.036156557895688335,0.05601194921583271,0.573962953300287,0.16757436112274823,0.17684887459807075,0.6956431192622962
2024-10-21T12:09:01.157397025Z,AAPL,0.0,0.0,0.08806693086745927,0.0,0.0,0.0,0.0,0.0,0.0,0.0,0.008099213030548894
2024-10-21T12:09:01.157426276Z,AAPL,-1.716369877708646,-4.154002026342452,-0.002972651605231867,-3.0198833906413514,-0.04978839930296241,-0.0488440247476392,-0.44278957431820465,-0.05977286312014345,-1.7820980153908466,-0.13915947676036738,-0.9999270048428217
2024-10-21T12:09:02.549437699Z,AAPL,0.0,-1.2063635678202518,0.0,0.0,0.0,0.0,0.0,0.0,0.0,0.0,-0.10733977290038893
2024-10-21T12:09:02.576510264Z,AAPL,0.0,0.0,0.08619408530242235,0.0,0.0,0.0,0.0,0.0,0.0,0.0,0.007926973859101199
2024-10-21T12:09:02.576563332Z,AAPL,0.0,0.0,-0.08655424563497985,-2.128508713582546,-0.007500468779298707,-0.16291951775822744,-2.722323049001815,-0.7218975592987281,-0.9357593761604158,-0.0012215605435944418,-0.6783248958192384
2024-10-21T12:09:04.138843955Z,AAPL,0.0,-0.07163323782234957,0.0,0.0,0.0,0.0,0.0,0.0,0.0,0.0,-0.006373779584428091
2024-10-21T12:09:04.138894379Z,AAPL,0.23076923076923078,0.47351287363125183,3.3559393134307487,0.00505752939688962,3.5228461806766656,0.03361062095622217,0.06755995946402432,1.177100053504548,0.1422981145499822,0.1377367350133041,0.8237058444443138
2024-10-21T12:09:04.194606283Z,AAPL,1.4972861688190158,0.07174887892376682,0.0,0.0,0.0,0.0,0.0,0.0,0.0,0.0,0.06919052922454662
2024-10-21T12:09:06.506604143Z,AAPL,0.0,-2.686366689053056,-0.002599090318388564,-2.4334417540055413,-0.06675567423230974,-0.05129958960328318,-0.565843621399177,-0.1400070003500175,-1.8144329896907216,-0.1264222503160556,-0.7589271468739194
2024-10-21T12:09:06.565023952Z,AAPL,0.0,0.06726080376660501,2.969929464175226,0.004627487274409995,3.23303457106274,0.03595182455509617,0.08349568605622043,1.4627659574468084,0.20080321285140562,0.14794391580646246,0.7540846697484479
2024-10-21T12:09:06.773392628Z,AAPL,1.3860013860013858,0.0,0.0,0.0,0.0,0.0,0.0,0.0,0.0,0.0,0.058138412418075276
2024-10-21T12:09:10.542530771Z,AAPL,0.06986899563318777,0.44550871526424235,0.07282437188979245,4.621606008087811,0.006224712107065048,2.169476962732252,0.05555555555555555,0.22132054592401326,2.5566531086577573,0.015481074386562427,1.09886326882505
2024-10-21T12:09:12.689157352Z,AAPL,0.0,0.06542952225167804,0.9828613551200933,0.0034614053305642095,0.38262865888655057,2.445236882322975,0.6171932402645114,0.9278350515463917,0.022026431718061675,3.1082446188515034,1.123213344272552
2024-10-21T12:09:12.689170703Z,AAPL,0.0,-0.4563865594158252,-0.07305245922287297,-1.3383521539104977,-0.007724990343762071,-0.21586616297895306,-3.2432432432432434,-1.5228426395939085,-1.3418530351437699,-0.0016849909431736804,-0.80917580736577
2024-10-21T12:09:12.782576498Z,AAPL,0.0,-0.4520029380190971,0.0,0.0,0.0,0.0,0.0,0.0,0.0,0.0,-0.04021830069432901
2024-10-21T12:09:13.223494596Z,AAPL,0.0,0.4477027253903408,0.0,0.0,0.0,0.0,0.0,0.0,0.0,0.0,0.039835676534161354
2024-10-21T12:09:13.230924474Z,AAPL,0.0,0.0,-3.5531867643793023,-0.002787262211692565,-4.462116191738458,-0.04932182490752158,-0.066815144766147,-1.5776263893868772,-0.18484288354898337,-0.24940482938442352,-0.9330103113903873
2024-10-21T12:09:13.230979969Z,AAPL,0.0,0.0,0.09048257372654156,3.0095930779359206,0.010065425264217413,2.5077591558038486,0.042238648363252376,0.21929824561403508,1.891659501289768,0.025735057582191342,0.8785885790564114
2024-10-21T12:09:13.352263576Z,AAPL,0.0,0.0,1.3408195759658093,0.002403268445085316,0.5044136191677175,2.8086600351082502,0.44823906083244397,0.919372491791317,0.017196904557179708,5.176988287064001,1.5224508326588198
2024-10-21T12:09:13.352324097Z,AAPL,0.0,0.0,0.0,-0.06267487409065473,-0.011723329425556858,-0.23557126030624265,-2.4340770791075053,-1.5625,-1.012861736334405,-0.002995357196345664,-0.5262407381828991
2024-10-21T12:09:14.174258870Z,AAPL,0.0,0.4750875942751945,0.0,0.0,0.0,0.0,0.0,0.0,0.0,0.0,0.04227232638451982
2024-10-21T12:09:14.174269739Z,AAPL,0.0,1.0120817255993422,0.12275317843051294,0.0020211207114344907,0.7017543859649122,2.689075630252101,0.4097560975609756,0.9545454545454546,0.01509433962264151,7.16524854455889,1.8152728715275321
2024-10-21T12:09:14.199409178Z,AAPL,0.0,-0.5487344811029563,-1.7541936191207104,-0.05459952225418027,-0.014326647564469915,-0.22560631697687536,-2.2545796148426493,-1.5630815035355416,-0.9292035398230089,-0.004407227853680035,-0.7092973725205804
2024-10-21T12:09:15.368368108Z,AAPL,0.0,-0.0819672131147541,-4.651162790697675,-0.0019964064683569574,-6.238418777022853,-0.048134777376654635,-0.05432322317790855,-1.5553199010250973,-0.14958863126402394,-0.6208550867786087,-1.2456805751724929
2024-10-21T12:09:15.368381335Z,AAPL,0.0,0.0,1.442741208295762,2.3576796502775186,0.012387736141220193,2.2954545454545454,0.03654636820465966,0.2117148906139732,1.6454749439042635,0.05716735743890238,0.8866233632123064
2024-10-21T12:09:15.368882161Z,AAPL,0.0,-1.4851944676506081,-3.7914691943127963,-0.002053071908843607,-5.424274973147154,-0.04548038658328596,-0.055299539170506916,-1.499659168370825,-0.15540015540015542,-0.6279434850863422,-1.2176274779355356
2024-10-21T12:09:15.368983400Z,AAPL,0.0,0.0,0.09444303904207774,2.363367799113737,0.012422360248447204,2.1743810548977396,0.036883356385431075,0.21134202183867562,1.6454749439042635,0.05791226292167366,0.746148330401696
2024-10-21T12:09:15.972801291Z,AAPL,0.0,0.0,0.0,0.0,0.0,0.0,0.0,0.0,0.0,0.0,0.0
2024-10-21T12:09:16.178054946Z,AAPL,0.0,0.0,0.0,0.0,0.0,0.0,0.0,0.0,0.0,0.0,0.0
2024-10-21T12:09:17.673639410Z,AAPL,0.0,0.0,0.0,0.0,0.0,0.0,0.0,0.0,0.0,0.0,0.0
2024-10-21T12:09:18.369344833Z,AAPL,0.0,0.10495509133111314,1.5646391550948562,0.05104366055965728,16.563146997929607,0.003717126661090977,1.799554565701559,0.15661707126076743,0.2084056964223689,0.6649539066042013,1.897278960829136
2024-10-21T12:09:18.369370009Z,AAPL,0.0,0.0,0.0,-2.2253129346314324,-0.013802622498274672,-1.8771489638509433,-0.035634743875278395,-0.23492560689115113,-1.5283084404307052,-0.06045035514583648,-0.6730325118977892
2024-10-21T12:09:18.424025933Z,AAPL,0.0,0.8242324335462601,0.09486454437653927,0.0,0.0,0.0,0.0,0.0,0.0,0.0,0.08206288916245834
2024-10-21T12:09:26.336360989Z,AAPL,0.0,-0.10910616869492236,-3.8387715930902107,-0.001997403375611705,-6.02445571130331,-0.04116920543433512,-0.0511727078891258,-1.635079895949461,-0.1407954945441746,-0.9325985587113184,-1.2101705141781123
2024-10-21T12:09:26.336373029Z,AAPL,0.0,0.8572653236176596,0.08080180250174812,2.442250941284217,0.011929615269907545,2.079044874433923,0.03411513859275053,0.22296544035674468,1.5487504399859204,0.0847816871555744,0.8122279965970177
2024-10-21T12:09:26.336385729Z,AAPL,0.0,-0.8572653236176596,0.0,0.0,0.0,0.0,0.0,0.0,0.0,0.0,-0.07627772224484883
2024-10-21T12:09:26.401883038Z,AAPL,0.0,0.8572653236176596,0.0,0.0,0.0,0.0,0.0,0.0,0.0,0.0,0.07627772224484883
2024-10-21T12:09:30.048768796Z,AAPL,0.0,0.8760402978537012,0.0,0.0,0.0,0.0,0.0,0.0,0.0,0.0,0.0779482812077233
2024-10-21T12:09:30.048780765Z,AAPL,0.0,-0.8956560680698611,0.0,0.0,0.0,0.0,0.0,0.0,0.0,0.0,-0.07969365248420614
2024-10-21T12:09:30.065483395Z,AAPL,0.0,0.0,0.0,0.002026650453463039,0.7020007020007021,2.350406424444227,0.3583617747440273,0.970724191063174,0.013600816048962936,17.323516673884797,3.2740018994977027
2024-10-21T12:09:30.066245031Z,AAPL,0.0,0.0,-0.09351620947630922,0.0,0.0,0.0,0.0,0.0,0.0,0.0,-0.008600364460275813
2024-10-21T12:09:32.077963808Z,AAPL,0.012191405059433098,0.0,0.0,0.0,0.0,0.0,0.0,0.0,0.0,0.0,0.0005113912168197661
2024-10-21T12:09:37.644355301Z,AAPL,0.0,0.9376465072667604,0.0,0.0,0.0,0.0,0.0,0.0,0.0,0.0,0.08342987622936347
2024-10-21T12:09:38.208139554Z,AAPL,0.02443494196701283,0.05166744950681071,0.6508298080052066,0.05284284335145572,13.00460579788675,0.003374957813027337,1.8834498834498834,0.16877637130801687,0.21739130434782608,0.41450777202072536,1.4751389134481125
2024-10-21T12:09:42.372615871Z,AAPL,0.0,1.9702176403207332,0.0034208500812451894,0.10793890657887635,4.37238112588814,0.3683241252302026,0.23588879528222412,0.017691287041132243,17.38374619730552,0.007465472191116089,2.2048689858749237
2024-10-21T12:09:42.372627823Z,AAPL,0.0,-0.9591176117971466,-1.6040287233050452,-0.0021590111728828198,-0.32087277394513075,-2.0093770931011385,-0.3933320846600487,-1.1892402076451156,-0.0088008800880088,-6.291781360597719,-1.6997087966044293
2024-10-21T12:09:43.901315169Z,AAPL,0.0,0.05030813734121494,0.04098360655737705,0.45714285714285713,0.16489614713810052,3.6393964667525966,0.003931590328287792,7.869107908063888,0.09126169290440338,0.040763638834159927,1.3675288799084016
2024-10-21T12:09:45.133407519Z,AAPL,0.0,0.0,0.0,0.0,0.0,0.0,0.0,0.0,0.0,0.0,0.0
2024-10-21T12:09:45.628579880Z,AAPL,0.0,0.0,0.0,0.0,0.0,0.0,0.0,0.0,0.0,0.21263023601956196,0.03373752117613408
2024-10-21T12:09:48.089350946Z,AAPL,0.0,-1.1459676264145537,0.0,0.0,0.0,0.0,0.0,0.0,0.0,0.0,-0.10196586506072615
2024-10-21T12:09:48.587030358Z,AAPL,0.0,1.148600143575018,0.0,0.0,0.0,0.0,0.0,0.0,0.0,0.0,0.10220010107522315
2024-10-21T12:09:48.587043020Z,AAPL,0.0,-1.1512447834220751,0.0,0.0,0.0,0.0,0.0,0.0,0.0,0.0,-0.10243541574167928
2024-10-21T12:09:49.792724444Z,AAPL,0.0,-1.1495904583991954,0.0,0.0,0.0,0.0,0.0,0.0,0.0,0.0,-0.10228821727100579
2024-10-21T12:09:53.122453611Z,AAPL,-0.12492192379762648,-0.06159014557670773,-0.8789277081960009,-0.08314678605692358,-7.6238881829733165,-0.0018429782528566162,-3.037593984962406,-0.07815552950371239,-1.1318619128466327,-0.02070965069722491,-1.1683649336165092
2024-10-21T12:09:53.247009420Z,AAPL,0.0,0.0,0.0,0.10609141543630095,0.16326530612244897,2.0915944049849666,0.006508298080052067,3.629177146963708,0.11862396204033215,0.12877885451208912,0.7069100767404773
2024-10-21T12:09:53.247043259Z,AAPL,0.0,0.0,0.0,0.0,-6.300866369125755,-0.0017395085888236572,-3.286690530426293,-0.07247689798876608,-1.2121212121212122,-0.018146075911084227,-0.9856881137677271
2024-10-21T12:09:53.299918437Z,AAPL,0.0,0.0,0.8235536339304097,0.0,0.0,0.0,0.0,0.0,0.0,0.0,0.07573939795090195
2024-10-21T12:09:54.363979828Z,AAPL,0.0,1.2143290831815423,0.0,0.0,0.0,0.0,0.0,0.0,0.0,0.0,0.10804852823147075
2024-10-21T12:09:54.363990119Z,AAPL,0.0,2.59465982802836,0.004126689363458166,0.30432136335970783,2.0147750167897915,0.18552875695732837,0.41284403669724773,0.007524454477050414,15.738736966358449,0.002157555489630249,1.9205494344195566
2024-10-21T12:09:54.402345010Z,AAPL,0.0,-1.2422360248447204,-1.7379003738506618,-0.007404664938911514,-0.15254366562428495,-1.0843046896177826,-0.6364600697075314,-0.47448691395217474,-0.007884880741178789,-2.15726458850178,-0.8904784719169727
2024-10-21T12:09:57.392602293Z,AAPL,0.0,-1.279795232762758,0.0,0.0,0.0,0.0,0.0,0.0,0.0,0.0,-0.11387357286657003
2024-10-21T12:09:57.432954262Z,AAPL,0.0,0.0,0.11747430249632893,0.0,0.0,0.0,0.0,0.0,0.0,0.0,0.01080370795440619
2024-10-21T12:09:57.433015324Z,AAPL,0.0,0.0,-0.10815141197676748,-6.983849847228285,-0.0024011045080737136,-0.0996412913511359,-2.7975288495162607,-0.7868115399025853,-0.49363369245837413,-0.0011396011396011395,-1.1506963568301567
2024-10-21T12:10:00.023818184Z,AAPL,0.0,0.0,0.0,0.0,0.0,0.0,0.0,0.0,0.0,0.0,0.0
2024-10-21T12:10:01.648302231Z,AAPL,0.0,0.0,-0.12713211145248438,-11.379800853485063,-0.0027005130974885228,-1.0114666266085826,-0.04387889425186485,-0.7176175098672408,-0.18099547511312217,-0.13331313437357975,-1.4526889935671887
2024-10-21T12:10:01.648314395Z,AAPL,0.0,0.0,0.8853474988933157,0.2596840510711967,3.251371672424304,0.0020596261778487207,2.101758401831235,0.07122507122507123,1.1554015020219526,0.019410565817993594,0.7101246147061346
2024-10-21T12:10:01.702573654Z,AAPL,0.0,-1.417434443656981,0.0,0.0,0.0,0.0,0.0,0.0,0.0,0.0,-0.12612042948067492
2024-10-21T12:10:01.719020950Z,AAPL,0.0,0.19736842105263155,1.7815388041420777,0.008547008547008548,0.11721955222131052,1.45692952103442,0.37790174554615796,0.5398457583547558,0.010799136069114472,2.7670171555063643,0.9292194386752457
2024-10-21T12:10:01.719033080Z,AAPL,0.0,-1.4617211766855474,-0.1231892323485799,-3.259319617029945,-0.002199373178644086,-0.13583265417006246,-1.9813423594485264,-0.99644128113879,-0.6535269709543569,-0.001490979573579842,-0.8530828647321211
2024-10-21T12:10:01.724626959Z,AAPL,0.0,0.0,-0.13559322033898305,-0.2266526757607555,-0.8117294911470753,-0.0030945381401825778,-0.15921031682853048,-5.637773079633545,-1.037037037037037,-0.10158832540514393,-0.7800231708812713
2024-10-21T12:10:01.726066241Z,AAPL,0.0,0.0,0.9364391899801007,0.0,0.0,0.0,0.0,0.0,0.0,0.0,0.08612109466171855
2024-10-21T12:10:01.751841665Z,AAPL,0.0,0.0,0.1266268026732325,3.2989690721649483,0.0017889087656529517,0.21324234993069624,1.7130620985010707,1.0920436817472698,0.5732484076433121,0.001932367149758454,0.7139454391433442
2024-10-21T12:10:01.781661443Z,AAPL,0.0,0.0,-0.9621166566446182,0.0,0.0,0.0,0.0,0.0,0.0,0.0,-0.08848256304210002
2024-10-21T12:10:01.781673802Z,AAPL,0.0,0.0,1.972386587771203,0.0,0.0,0.0,0.0,0.0,0.0,0.0,0.1813936172818199
2024-10-21T12:10:01.842775879Z,AAPL,0.0,0.0,1.931900507123883,0.007296607077708865,0.08126777732629012,4.080938615881653,0.26236881559220393,0.8571428571428571,0.00851063829787234,4.839099927413501,1.6427564321988326
2024-10-21T12:10:02.294097461Z,AAPL,0.0,0.0,0.0,-0.19607843137254904,-0.0016285981841130247,-0.37516413430876006,-1.4542810398109436,-1.4084507042253522,-0.5291894162116758,-0.002752356705429024,-0.40328792074420083
2024-10-21T12:10:03.086137168Z,AAPL,0.0,0.0,0.0,0.0,0.0,0.0,0.0,0.0,0.0,0.0,0.0
2024-10-21T12:10:03.188596704Z,AAPL,0.0,0.0,-0.14248397055331274,-7.132243684992571,-0.0017193947730398899,-4.2661034846884895,-0.023532180256500765,-1.2674271229404308,-0.1249739637575505,-0.4139228598306679,-1.564504075490704
2024-10-21T12:10:03.188608784Z,AAPL,0.0,0.0,1.7736392861101873,0.17891754882958102,2.1178027796161483,0.008547008547008548,1.1519817507841459,0.12269938650306748,1.3966480446927376,0.05644933672029353,0.6254700075391492
2024-10-21T12:10:03.188621108Z,AAPL,0.0,-1.8836825994819872,0.0,0.0,0.0,0.0,0.0,0.0,0.0,0.0,-0.16760624063784535
2024-10-21T12:10:03.197531287Z,AAPL,0.0,0.0,0.0,0.0,0.048614032627494974,10.043942247332078,0.002219632650796293,5.2617869236780415,0.13802622498274672,0.5955926146515783,2.04921267335593
2024-10-21T12:10:03.247731199Z,AAPL,0.0,1.7989655947829999,0.0,0.0,0.0,0.0,0.0,0.0,0.0,0.0,0.16006829412838527
2024-10-21T12:10:03.247744906Z,AAPL,0.0,-3.443081557994405,0.0,0.0,0.0,0.0,0.0,0.0,0.0,0.0,-0.30635838346844385
2024-10-21T12:10:03.255005064Z,AAPL,0.0,0.0,0.0,-0.17232808616404308,-2.5268477574226154,-0.006035913686434284,-1.1537582819282615,-0.0821186614658181,-1.4388489208633093,-0.12277470841006753,-0.5069311750889507
2024-10-21T12:10:03.257914828Z,AAPL,0.0,0.0,0.0,0.008964589870013447,0.09879470460383323,3.5965832459163796,0.23989033584647018,0.5317577548005908,0.014270424545130217,11.780297452510675,2.4659683411883635
2024-10-21T12:10:03.459955473Z,AAPL,0.0,3.0493615399275775,0.003441156228492773,0.48685491723466406,1.1514657199059635,0.6242568370986921,0.14848859819692417,0.008629989212513484,16.877637130801688,0.01177856301531213,2.046121752707276
2024-10-21T12:10:03.459967128Z,AAPL,0.0,-2.9373967321461354,-1.311797983110601,-0.010796221322537112,-0.09573042312847023,-3.2976092333058533,-0.25491624180626365,-0.5486610058785107,-0.008550662676357417,-9.10021613013309,-2.382838725735258
2024-10-21T12:10:03.514882942Z,AAPL,0.0,0.0,1.2906348310075018,0.0,0.0,0.0,0.0,0.0,0.0,0.0,0.11869525073728508
2024-10-21T12:10:12.927978411Z,AAPL,0.0,0.0,0.0,-10.733452593917711,-0.002026137169486374,-2.42438790206433,-0.025829781738344312,-0.8618832148243912,-0.13242109909512248,-0.4042259990813045,-1.6250428610981045
2024-10-21T12:10:12.928036467Z,AAPL,0.0,0.0,0.0,0.2609673790776153,2.4752475247524752,0.00447878177135819,1.299787658451837,0.09746588693957116,0.903546419697312,0.04679457182966776,0.4672747057491504
2024-10-21T12:10:12.928066550Z,AAPL,0.0,0.0,0.0,-0.25196850393700787,-0.002106039067024693,-0.22271714922049,-1.4915169970791127,-1.1637572734829593,-0.5746864310148233,-0.003134796238244514,-0.3715481054698603
2024-10-21T12:10:13.161741583Z,AAPL,0.0,0.0,-0.08336926836280005,-9.155063894716767,-0.0022479487467685737,-2.1299029945170815,-0.02564760194921775,-1.0813733441470668,-0.13953488372093023,-0.3422792687670167,-1.4386412980768641
2024-10-21T12:10:13.161754596Z,AAPL,0.0,0.0,0.5599496045355917,0.23819301848049282,2.6975384961222884,0.004217629692113032,1.2952038984354963,0.10813733441470669,0.9302325581395349,0.046674445740956826,0.5383867500018433
2024-10-21T12:10:17.086432603Z,AAPL,0.0,0.0,0.0,0.0,0.0,0.0,0.0,0.0,0.0,0.0,0.0
2024-10-21T12:10:20.742267983Z,AAPL,0.24316109422492402,0.055409336473195736,0.03126998791841376,1.704303365999148,0.06998913961626643,4.736997927563407,0.00256624109835119,4.768649669499528,0.09363295880149813,0.36559729458002016,1.4047867174447817
2024-10-21T12:10:22.088936277Z,AAPL,0.0,0.0,0.0,0.0,0.0,0.0,0.0,0.0,0.0,0.0,0.0
2024-10-21T12:10:23.455694731Z,AAPL,0.0,0.0,0.0,1.5278838808250572,0.0,0.0,0.0,0.0,0.0,0.0,0.1591745131466475
2024-10-21T12:10:23.510549173Z,AAPL,0.0,0.0,0.0,-1.8881283927307058,0.0,0.0,0.0,0.0,0.0,0.0,-0.19670468511584763
2024-10-21T12:10:23.510561501Z,AAPL,0.0,0.0,0.0,3.4722222222222223,0.0,0.0,0.0,0.0,0.0,0.0,0.36173513491139164
2024-10-21T12:10:24.014526498Z,AAPL,0.0,0.0,0.0,3.213496686081543,0.0,0.0,0.0,0.0,0.0,0.0,0.3347811812957809
2024-10-21T12:10:29.982925320Z,AAPL,0.0,-0.05490391814324932,-1.2804097311139566,-0.23297850974091183,-3.666361136571952,-0.0027729636048526864,-1.4360870183421015,-0.0652954619653934,-1.0007505629221918,-0.05363847666726265,-0.7091115515362105
2024-10-21T12:10:32.696534026Z,AAPL,0.0,0.0,0.0,-7.804878048780488,-0.003061146399326548,-1.4712308812818646,-0.028419182948490232,-0.6991784653032687,-0.14992503748125938,-0.3929974991068239,-1.1689401028446484
2024-10-21T12:10:32.696591804Z,AAPL,0.0,0.0,0.0,0.18214343795739146,3.370549820939541,0.003192083632591174,1.3855545647849645,0.07654037504783773,0.9775171065493646,0.054000540005400055,0.549918189067114
2024-10-21T12:10:36.255768918Z,AAPL,0.0,0.0,-0.6506180871828238,0.0,0.0,0.0,0.0,0.0,0.0,0.0,-0.05983510992965694
2024-10-21T12:10:36.667879809Z,AAPL,0.0,1.9478938397857317,0.09553053565336062,0.006499837504062399,0.14043957587248088,1.9152501795547046,0.288085602579052,0.4822043628013777,0.009775171065493646,7.200072000720008,1.6855283830309946
2024-10-21T12:10:36.667890580Z,AAPL,0.0,-1.9478938397857317,-1.341944141575107,-0.18258884903814804,-0.002932121389825539,-0.1603077909586406,-1.587721619476052,-0.7879924953095685,-1.1693735498839908,-0.0036003600360036,-0.6788396208717216
2024-10-21T12:10:36.718839166Z,AAPL,0.0,0.0,0.682419175978845,0.0,0.0,0.0,0.0,0.0,0.0,0.0,0.06275974679647374
2024-10-21T12:10:36.743886554Z,AAPL,0.0,0.0,0.0,0.006488240064882401,0.1471345545501361,2.0124098608083183,0.2690410607904683,0.4690990320178704,0.01804239963915201,8.78059488530348,1.766145006082353
2024-10-21T12:10:36.743997154Z,AAPL,0.0,0.0,0.0,0.0,-0.07853225915645522,-0.18395879323031641,-1.445696042407084,-0.7888805409466567,-1.065989847715736,-0.005700441784238278,-0.3499428970798768
2024-10-21T12:10:42.064737913Z,AAPL,0.0,0.0,-0.10227376495297234,-7.787151200519144,-0.0029518116744151725,-1.8658784407906892,-0.024094934040118067,-0.7331378299120235,-0.25630072618539085,-0.8605515353021709,-1.3191489035284916
2024-10-21T12:10:42.064751203Z,AAPL,0.0,0.0,0.7441168263417357,0.18252933507170796,3.534870019883644,0.0036948087936449292,1.2167941690259623,0.07331378299120234,1.7086715079026058,0.11734793663211422,0.6913434954320788
2024-10-21T12:10:43.289649676Z,AAPL,0.0,-1.9478938397857317,0.0,0.0,0.0,0.0,0.0,0.0,0.0,0.0,-0.17331962600168718
2024-10-21T12:10:43.377793688Z,AAPL,0.0,0.0,0.0,0.0,0.13463480309660047,2.2075055187637966,0.2529968074212397,0.473328324567994,0.01692047377326565,11.400883568476557,2.2065662214899024
2024-10-21T12:10:43.377874040Z,AAPL,0.0,0.0,0.0,-0.22815237319209616,0.0,0.0,0.0,0.0,0.0,0.0,-0.02376885009513516
2024-10-21T12:10:45.117298924Z,AAPL,0.0,0.0,0.7200072000720008,0.0,0.0,0.0,0.0,0.0,0.0,0.0,0.06621658821843773
2024-10-21T12:10:50.849951366Z,AAPL,0.0,0.0,0.7079646017699115,0.0,0.0,0.0,0.0,0.0,0.0,0.0,0.06510907183142138
2024-10-21T12:10:52.970596564Z,AAPL,0.0,0.0,0.0,0.0,1.2556241498378151,0.46770601336302897,0.15660928469330682,0.011083402604599613,18.244013683010262,0.006269592476489028,1.8336083238813408
2024-10-21T12:10:53.810283344Z,AAPL,-0.1267646211466436,-0.9515879624122754,-0.0973405179906136,-9.236097748701173,-0.002032004064008128,-2.422062350119904,-0.025701985478378205,-1.2903225806451613,-0.0948316737790422,-0.34453057708871665,-1.5964861740970553
2024-10-21T12:10:53.881437911Z,AAPL,0.0,-0.13293768545994064,-3.7810161480897992,-0.008335069806209627,-0.9730250481695568,-0.055517002081887576,-0.2644628099173554,-0.23942537909018358,-0.5260640841702535,-0.03154076644062451,-0.5536276457058934
2024-10-21T12:10:53.881449961Z,AAPL,0.0,0.9286128845037724,0.08810572687224669,8.571428571428571,0.0018752051005578737,3.076923076923077,0.027402891005001026,2.0030045067601403,0.058218513487288966,0.3466477586071063,1.6785466319004028
2024-10-21T12:10:54.127647992Z,AAPL,0.0,-0.12974976830398516,-3.552397868561279,-0.007177462766911898,-0.9512597127384036,-0.060340926233217684,-0.2929329915781765,-0.3161222339304531,-0.35909573165755326,-0.03152336669556308,-0.5262766116847847
2024-10-21T12:10:54.127659727Z,AAPL,0.0,0.0,1.1841326228537596,8.611410118406889,0.001832005129614363,3.0221424296828245,0.030492453117853334,2.229654403567447,0.042283298097251586,0.3467297084318361,1.7140457135163583
2024-10-21T12:10:54.146847471Z,AAPL,0.0,-1.7703031644169065,-3.353828954723309,-0.0072098053352559486,-0.9292483209126874,-0.059276822762299945,-0.328515111695138,-0.35398230088495575,-0.27266530334014993,-0.031530821377896895,-0.6513914914357658
2024-10-21T12:10:54.146889193Z,AAPL,0.0,0.0,0.07638446849140675,7.141794375836929,0.001892326615573848,2.764472423703298,0.03589375448671931,2.3795359904818563,0.03335371615987548,0.3442340791738382,1.4364146108457299
2024-10-21T12:10:54.146930519Z,AAPL,0.0,0.0,-0.07518273581621998,0.0,0.0,0.0,0.0,0.0,0.0,0.0,-0.006914297882271724
2024-10-21T12:10:54.147042446Z,AAPL,0.0,0.0,0.0,0.12353849547760865,0.0,0.0,0.0,0.0,0.0,0.0,0.012870205726562816
2024-10-21T12:10:54.198356340Z,AAPL,0.0,-0.7696748123917644,0.0,0.0,0.0,0.0,0.0,0.0,0.0,0.0,-0.06848409697796125
2024-10-21T12:10:57.184732013Z,AAPL,0.0,0.7704902244052779,0.0,0.0,0.0,0.0,0.0,0.0,0.0,0.0,0.06855665067792828
2024-10-21T12:10:57.589931819Z,AAPL,0.0,0.7713073659853451,0.0,0.0,0.0,0.0,0.0,0.0,0.0,0.0,0.06862935827120413
2024-10-21T12:10:57.806606311Z,AAPL,0.0,-0.10600706713780919,-3.2042723631508676,-0.0035223670306445934,-1.0583119400639178,-0.046718056528848396,-0.6128389765589091,-0.39840637450199207,-0.1496344159156606,-0.0436442989634479,-0.5218411502098352
2024-10-21T12:10:57.806619389Z,AAPL,0.0,1.5418714464681507,0.07280571659700687,3.831417624521073,0.002166964624302508,2.214669444139897,0.07279344858962693,2.680965147453083,0.01919570016316345,0.4751106791923118,1.2028655785878204
2024-10-21T12:10:59.771109174Z,AAPL,0.0,0.0,-3.0262909022129754,-0.003199744020478362,-1.1017180256340333,-0.043549265106151334,-0.8785416209092906,-0.4307250538406317,-0.13251415492109384,-0.043210543372582906,-0.5271843118279941
2024-10-21T12:10:59.771161194Z,AAPL,0.0,0.0,0.07634559104211731,3.510568273239231,0.002261675901843266,2.1970850554709593,0.099601593625498,2.8149190710767065,0.017085255424568596,0.5983138428066359,1.0651394586817098
2024-10-21T12:11:00.807617417Z,AAPL,0.0,0.0,-2.866527321588534,-0.00293728888236158,-1.1515877087965338,-0.04593477262287552,-1.1207621182404035,-0.4398826979472141,-0.11851213402644976,-0.07475238273219958,-0.5457537661861653
2024-10-21T12:11:00.807657573Z,AAPL,0.0,0.09666325866716237,0.9427292010370021,3.251591925213386,0.0023679848448969927,2.3173110014913387,0.13192612137203166,2.873563218390805,0.015368458799723369,1.2761020881670533,1.2598186842703707
2024-10-21T12:11:00.863155159Z,AAPL,0.0,0.744324525493115,0.06181277860326895,0.0,0.0,0.0,0.0,0.0,0.0,0.0,0.07191318894536813
2024-10-21T12:11:02.807100841Z,AAPL,0.0,0.7450870820527149,0.0,0.0,0.0,0.0,0.0,0.0,0.0,0.0,0.06629633081763335
2024-10-21T12:11:08.220315875Z,AAPL,0.0,-0.10035703946733572,-2.685014264138278,-0.0025279656196675725,-1.2992024697710316,-0.04579278763594734,-1.9138755980861244,-0.42105263157894735,-0.10740876357866472,-0.2597402597402597,-0.6558174371994192
2024-10-21T12:11:08.291449117Z,AAPL,0.0,0.0,0.9354536950420954,2.8245263034012003,0.0026588673225206062,2.1885157096424703,0.2,2.6490066225165565,0.014680694886224614,2.682926829268293,1.3958566964936092
2024-10-21T12:11:08.292006615Z,AAPL,0.0,0.0,0.0,0.06838472741087824,2.9551191282398572,0.0045840018336007335,8.09619238476954,0.28169014084507044,0.09766817238432426,0.3883495145631068,1.1624852409379987
2024-10-21T12:11:08.292044305Z,AAPL,0.0,-1.6065870067275831,-0.06602677752644127,-2.8295213393067673,-0.0025414575258910985,-2.1906517731265587,-0.16632016632016633,-2.6578073089700998,-0.014684287812041116,-2.674772036474164,-1.455883144137469
2024-10-21T12:11:10.442610415Z,AAPL,0.0,1.5793110255650973,0.0,0.0,0.0,0.0,0.0,0.0,0.0,0.0,0.14052387799603777
2024-10-21T12:11:10.454786222Z,AAPL,0.0,0.0,-2.992891881780771,-0.0023657440264963333,-1.2834360505750046,-0.04337924303220909,-1.6632016632016633,-0.39867109634551495,-0.10768477728830152,-0.24316109422492402,-0.6438285644970141
2024-10-21T12:11:10.454836386Z,AAPL,0.0,0.0,0.06722689075630252,2.843601895734597,0.0025414575258910985,2.1906517731265587,0.16632016632016633,2.6578073089700998,0.014684287812041116,2.674772036474164,1.3145095835988863
2024-10-21T12:11:11.346234393Z,AAPL,0.0,0.8573571964419676,0.0,0.0,0.0,0.0,0.0,0.0,0.0,0.0,0.07628589690161068
2024-10-21T12:11:18.869640062Z,AAPL,0.0,-0.12331582553094314,-2.7845457709711106,-0.002555420686130454,-1.2436126331342732,-0.045840018336007336,-1.6032064128256514,-0.4225352112676056,-0.10743498962275669,-0.2588996763754045,-0.6314375539322385
2024-10-21T12:11:18.869653217Z,AAPL,0.0,1.8269011189769355,0.06265227984684998,3.0665048233565453,0.0024625992735332145,2.3149209259683703,0.16032064128256512,2.816901408450704,0.014650225857648639,2.8478964401294498,1.559852598974763
2024-10-21T12:11:21.873343400Z,AAPL,0.0,0.0,-2.607137037640541,-0.002767400027674,-1.2061861825998685,-0.04859676831490706,-1.5473887814313345,-0.449438202247191,-0.1071863580998782,-0.2768166089965398,-0.6012529059303807
2024-10-21T12:11:21.873432987Z,AAPL,0.0,0.11839708561020036,0.8517887563884157,3.3208800332088,0.0023884874902967697,2.4541367999028063,0.15473887814313347,2.9962546816479403,0.014616321559074299,3.0449826989619377,1.574833376792705
2024-10-21T12:11:21.928253749Z,AAPL,0.0,0.8931561906888467,0.059057353776263484,0.0,0.0,0.0,0.0,0.0,0.0,0.0,0.08490252039058142
2024-10-21T12:11:22.072355634Z,AAPL,0.0,-0.12116975416521031,-2.555502315923974,-0.002767400027674,-1.2061861825998685,-0.04859676831490706,-1.5473887814313345,-0.449438202247191,-0.1071863580998782,-0.2768166089965398,-0.6072856758956435
2024-10-21T12:11:22.072368471Z,AAPL,0.0,0.0,0.8897291886781961,3.0665048233565453,0.0024625992735332145,2.3149209259683703,0.16032064128256512,2.816901408450704,0.014650225857648639,2.8478964401294498,1.473362080245737
2024-10-21T12:11:22.072864187Z,AAPL,0.0,-1.9490802777439395,-2.5061348091682767,-0.002767400027674,-1.2061861825998685,-0.04859676831490706,-1.5473887814313345,-0.449438202247191,-0.1071863580998782,-0.2768166089965398,-0.7653892708597263
2024-10-21T12:11:22.937969054Z,AAPL,0.0,0.0,0.0,0.0,0.0,0.0,0.0,0.0,0.0,0.0,0.0
2024-10-21T12:11:23.000862969Z,AAPL,0.0,0.0,0.06388755789809934,3.3208800332088,0.0023884874902967697,2.4541367999028063,0.15473887814313347,2.9962546816479403,0.014616321559074299,3.0449826989619377,1.4918380793235326
2024-10-21T12:11:25.072916074Z,AAPL,0.0,1.8956714761376248,0.0021785305811230326,1.5943665714475521,0.25842973172532613,0.3077298815484186,0.015854141894569955,23.99520095980804,0.0020485506504148315,5.144927536231884,3.554055647315863
2024-10-21T12:11:25.072929618Z,AAPL,0.0,-1.7003188097768331,-0.930029948271168,-0.0026572776190792536,-1.4767413241447207,-0.512883135914031,-0.9988109393579072,-0.01199760047990402,-2.0485506504148314,-0.04830917874396135,-0.7288503856051218
2024-10-21T12:11:25.073291984Z,AAPL,0.0,0.0,-2.6136673019330248,-0.0026572776190792536,-1.2429239478218066,-0.04884601294419343,-1.5854141894569955,-0.1799640071985603,-0.11267028577281574,-0.24154589371980678,-0.5774738462626834
2024-10-21T12:11:25.073388717Z,AAPL,0.0,0.1021209740769835,0.871222433977675,3.1887331428951042,0.002461235540241201,2.4667236536817683,0.15854141894569956,1.199760047990402,0.015364129878111237,2.6570048309178746,1.3272536431660389
2024-10-21T12:11:25.073972612Z,AAPL,0.0,0.0,0.05889409968371687,0.0,0.0,0.0,0.0,0.0,0.0,0.0,0.005416287985540043
2024-10-21T12:11:25.074100004Z,AAPL,0.0,0.0,0.0,0.0,-0.0828557619277774,-2.61210274270788,-2.028985507246377,-0.7228915662650602,-0.0010820168794633195,-21.33902373966391,-4.035546512915974
2024-10-21T12:11:25.129294511Z,AAPL,0.0,0.7835455435847208,0.05574614065180103,0.0,0.0,0.0,0.0,0.0,0.0,0.0,0.07484506739469383
2024-10-21T12:11:27.120005157Z,AAPL,0.0,-0.10362694300518134,-2.576627838316603,-0.002465179341797116,-1.51390242074496,-0.039300451955197484,-1.8570102135561746,-0.16620498614958448,-0.13345465574764936,-0.051646223369916075,-0.6025018073701186
2024-10-21T12:11:27.120018111Z,AAPL,0.0,0.0,0.8432147562582345,2.958215210156539,0.0031316057308384874,1.8926262531621851,0.18214936247723135,1.0893246187363834,0.019372961802976978,0.4516062814328236,0.8521659917230863
2024-10-21T12:11:27.120506757Z,AAPL,0.0,-1.5591502631066068,-2.385567317727747,-0.0026618752911426098,-1.5896749822932241,-0.03747774758737,-1.7182130584192439,-0.16442861057824062,-0.15137441084391234,-0.03436130916587922,-0.7056206299379617
2024-10-21T12:11:27.120548454Z,AAPL,0.0,0.0,0.061301062199439836,2.958215210156539,0.0034384939396544315,1.731972905770385,0.17543859649122806,1.053740779768177,0.02224446668891113,0.32025620496397117,0.7327645302648372
2024-10-21T12:11:27.120650159Z,AAPL,0.0,0.0,-0.05706737120211361,0.0,0.0,0.0,0.0,0.0,0.0,0.0,-0.005248290043795684
2024-10-21T12:11:27.120720548Z,AAPL,0.0,0.0,0.0,0.0,2.272942513495596,0.3319370900181775,1.1290322580645162,0.01014455997971088,3.215563326500261,0.005051461766748753,0.645238808100774
2024-10-21T12:11:27.177529449Z,AAPL,0.0,-0.6891205099491773,0.0,0.0,0.0,0.0,0.0,0.0,0.0,0.0,-0.061316539235845395
2024-10-21T12:11:30.179103980Z,AAPL,0.0,0.6891205099491773,0.0,0.0,0.0,0.0,0.0,0.0,0.0,0.0,0.061316539235845395
2024-10-21T12:11:34.156391256Z,AAPL,0.0,-0.09989665862900447,-2.7608420568273324,-0.0022955523672883787,-1.9130599488587934,-0.03161305619220738,-1.7921146953405018,-0.1521683996956632,-0.17685598295751437,-0.025257308833743764,-0.6441378803620613
2024-10-21T12:11:34.156403417Z,AAPL,0.0,1.3348907058234607,0.06817513958272113,2.7546628407460547,0.00378823752249266,1.5964593377064729,0.17921146953405018,1.0144559979710879,0.024116724948751958,0.2778303971711814,0.8017472824816089
2024-10-21T12:11:36.738675617Z,AAPL,-0.012124886329190664,0.0,0.0,0.0,0.0,0.0,0.0,0.0,0.0,0.0,-0.0005086009646516074
2024-10-21T12:11:37.210931791Z,AAPL,0.0,0.6787714237230613,0.0,0.0,0.0,0.0,0.0,0.0,0.0,0.0,0.060395698624548556
2024-10-21T12:11:40.138482175Z,AAPL,0.0,-0.10162067455102934,-3.0297292179511457,-0.0021477663230240547,-2.0089507707608156,-0.030422878004259205,-1.8674136321195145,-0.14895729890764647,-0.1775338928340865,-0.025098826629855055,-0.6842536199539637
2024-10-21T12:11:40.138496802Z,AAPL,0.0,1.4301036825169826,0.07130563068600934,2.662968099861304,0.0037914691943127963,1.5314632297194846,0.18148820326678766,1.9714144898965007,0.022403106564110226,0.2797914282080631,0.8852392357196114
2024-10-21T12:11:43.193475620Z,AAPL,0.0,0.7415647015202077,0.0,0.0,0.0,0.0,0.0,0.0,0.0,0.0,0.06598291657294487
2024-10-21T12:11:45.774723015Z,AAPL,0.0,0.0,0.0,0.0,0.0,0.0,0.0,0.0,0.0,0.0,0.0
2024-10-21T12:11:45.843943302Z,AAPL,0.0,-0.11382592483563929,-3.019627579265224,-0.002219140083217753,-1.914691943127962,-0.030326004548900682,-1.8148820326678765,-0.2957121734844751,-0.16428944813680832,-0.02543558438255119,-0.6842523374961627
2024-10-21T12:11:45.843955896Z,AAPL,0.0,1.5436565364206465,0.07458847736625514,2.662968099861304,0.0037914691943127963,1.5314632297194846,0.18148820326678766,1.9714144898965007,0.022403106564110226,0.2797914282080631,0.8956448494818348
2024-10-21T12:11:48.580722768Z,AAPL,0.0,1.5181706044216718,0.0,0.0,0.0,0.0,0.0,0.0,0.0,0.0,0.13508372786581824
2024-10-21T12:11:48.598471411Z,AAPL,0.0,0.0,-2.9252239624596257,-0.002377273267562106,-1.6565524028210594,-0.03417343015805212,-1.8099547511312217,-0.32967032967032966,-0.14251012145748987,-0.034393809114359415,-0.6461495382219691
2024-10-21T12:11:48.598514970Z,AAPL,0.0,0.0,0.07337526205450734,2.662968099861304,0.0032626427406199023,1.7257582229816317,0.19249278152069296,2.1703743895822027,0.0183044022087312,0.4521167283189478,0.8331466008133103
2024-10-21T12:11:48.899046660Z,AAPL,0.0,0.7485730326564985,0.0,0.0,0.0,0.0,0.0,0.0,0.0,0.0,0.06660650360147181
2024-10-21T12:11:50.834920978Z,AAPL,0.0,-0.11072664359861592,-3.2115616218386194,-0.002219140083217753,-1.507462686567164,-0.03733084461035931,-2.0060180541624875,-0.34904013961605584,-0.11963999238654595,-0.0697350069735007,-0.6948772117895369
2024-10-21T12:11:50.924089402Z,AAPL,0.0,0.8234688625836336,0.07480630510285867,2.662968099861304,0.002863278453829635,1.9765166340508806,0.20491803278688525,2.4140012070006036,0.015473488755931504,1.177100053504548,1.0818310402548277
2024-10-21T12:11:53.326572732Z,AAPL,0.0,-0.12249808596740676,-2.9734250139379297,-0.002377273267562106,-1.342727997872906,-0.04333694474539545,-2.0,-0.3973509933774834,-0.10765842916564718,-0.24390243902439024,-0.6914296385191668
2024-10-21T12:11:53.326585955Z,AAPL,0.0,1.789108800178911,0.06938421509106678,2.8527279210745276,0.0026588673225206062,2.1885157096424703,0.2,2.6490066225165565,0.014680694886224614,2.682926829268293,1.478336555493525
2024-10-21T12:11:56.382477901Z,AAPL,0.0,0.9150177284684892,0.0,0.0,0.0,0.0,0.0,0.0,0.0,0.0,0.08141641358674703
2024-10-21T12:12:02.086529609Z,AAPL,-0.25412960609911056,-0.7082902150166723,-0.5027336140262678,-0.9900301414328774,-0.0027691242644513675,-2.467866323907455,-2.0568070519098924,-1.6030534351145038,-0.0010290447891744489,-21.99010445299615,-4.4229789206647485
2024-10-21T12:12:02.213802116Z,AAPL,0.0,-0.12947976878612716,-3.0600535509371416,-0.002262699400384659,-1.4589050989455439,-0.03913894324853229,-1.9193857965451055,-0.3671970624235006,-0.11933174224343676,-0.07097232079488999,-0.6720477053666669
2024-10-21T12:12:02.316648939Z,AAPL,0.0,0.9519276534983342,0.0724543925475482,2.6513477684489613,0.0030195515965879068,1.8852076528231452,0.18814675446848542,2.358490566037736,0.01720528775843776,0.5763688760806917,0.9766579845148361
2024-10-21T12:12:08.967185824Z,AAPL,2.140375260597637,0.9751340809361287,1.1050009704341075,0.002209456473707468,1.8117309579527439,0.39197386840877274,1.1853245531514582,0.02358490566037736,2.294038367791701,0.01047943411055803,0.8174387505586804
2024-10-21T12:12:08.996704242Z,AAPL,0.0,0.0,0.0,0.0,0.0,0.0,0.0,0.0,0.0,0.0,0.0
2024-10-21T12:12:08.996733815Z,AAPL,0.0,-0.1365354138729733,-3.1055900621118013,-0.002209456473707468,-1.524873556276893,-0.03733084461035931,-1.8814675446848543,-0.3537735849056604,-0.12617211022854358,-0.052397170552790154,-0.674855885296173
2024-10-21T12:12:09.099739392Z,AAPL,0.0,0.9996251405722855,0.07246845681009383,2.6513477684489613,0.0030195515965879068,1.8852076528231452,0.18814675446848542,2.358490566037736,0.01720528775843776,0.5763688760806917,0.98090330319673
2024-10-21T12:12:10.232691130Z,AAPL,0.0,0.9996251405722855,0.0,0.0,0.0,0.0,0.0,0.0,0.0,0.0,0.08894460877032728
2024-10-21T12:12:22.882127538Z,AAPL,0.0,-0.14302132550121313,-2.887218045112782,-0.0023661638568470865,-1.4689840738855358,-0.03913894324853229,-1.8050541516245489,-0.37243947858473,-0.12582932967284374,-0.053092646668436425,-0.645143425403521
2024-10-21T12:12:22.882140909Z,AAPL,0.0,1.9507437210436478,0.07247783601889601,2.6513477684489613,0.0030195515965879068,1.8852076528231452,0.18814675446848542,2.358490566037736,0.01720528775843776,0.5763688760806917,1.0655327596308135
2024-10-21T12:12:25.936845190Z,AAPL,0.0,0.9997500624843788,0.0,0.0,0.0,0.0,0.0,0.0,0.0,0.0,0.08895572406759925
2024-10-21T12:12:28.133772380Z,AAPL,0.0,1.0253781081773903,0.0,0.0,0.0,0.0,0.0,0.0,0.0,0.0,0.09123605536899887
2024-10-21T12:12:28.677449361Z,AAPL,0.0,-0.15074024226110364,-3.1065950423920783,-0.002209456473707468,-1.524873556276893,-0.03733084461035931,-1.8814675446848543,-0.3537735849056604,-0.12617211022854358,-0.052397170552790154,-0.6762122265741203
2024-10-21T12:12:28.677461375Z,AAPL,0.0,2.1534320323014806,0.07248721765581516,2.6513477684489613,0.0030195515965879068,1.8852076528231452,0.18814675446848542,2.358490566037736,0.01720528775843776,0.5763688760806917,1.0835684154870768
2024-10-21T12:12:31.318823338Z,AAPL,0.0,2.1738577065037545,0.0026622296173044926,1.2832165962679785,0.32936010037641156,0.236109809800431,0.01937984496124031,21.650879566982407,0.0024334600760456274,1.0860420650095601,2.6705793997722695
2024-10-21T12:12:31.397839079Z,AAPL,0.0,0.0,0.0,0.0,0.0,0.0,0.0,0.0,0.0,0.0,0.0
2024-10-21T12:12:31.425804077Z,AAPL,0.0,-0.9242144177449167,-1.272063752141208,-0.0019511243353982734,-2.042031821662554,-0.3774941578285098,-1.3179916317991633,-0.006921612735767434,-2.5989214475992464,-0.00980872976949485,-0.7950312180603457
2024-10-21T12:12:31.453857757Z,AAPL,0.0,1.7722640673460346,0.0,0.0,0.0,0.0,0.0,0.0,0.0,0.0,0.15769244660809242
2024-10-21T12:12:31.678952187Z,AAPL,0.0,0.0,-3.574886422879273,-0.0019511243353982734,-1.7187101165659833,-0.03595182455509617,-2.092050209205021,-0.10382419103651151,-0.14294067961795856,-0.04904364884747425,-0.7198156752132935
2024-10-21T12:12:31.679008317Z,AAPL,0.0,0.13547076089410703,1.15950431190666,2.341349202477928,0.0034033863694375903,1.8155671400323568,0.2092050209205021,0.6921612735767434,0.019491910856994348,0.5394801373222168,0.7961147932839469
2024-10-21T12:12:31.733377635Z,AAPL,0.0,0.8984725965858041,0.0855431993156544,0.0,0.0,0.0,0.0,0.0,0.0,0.0,0.08781137556564948
2024-10-21T12:12:41.238712131Z,AAPL,0.0,-0.8770006577504933,0.0,0.0,0.0,0.0,0.0,0.0,0.0,0.0,-0.07803373207508542
2024-10-21T12:12:43.651347870Z,AAPL,0.0,-0.13336296954878862,-3.314001657000828,-0.0020808406596264893,-1.4907749077490775,-0.04148947204646821,-2.2396416573348263,-0.1072769533345253,-0.11963348650044862,-0.18501387604070307,-0.7234066703120073
2024-10-21T12:12:43.731132036Z,AAPL,0.0,0.0,1.0770059235325795,2.497008791551787,0.002952029520295203,2.0952183383466445,0.22396416573348266,0.7151796888968354,0.016313657250061175,2.0351526364477337,1.0730845021823634
2024-10-21T12:12:43.731655758Z,AAPL,0.0,-1.7722640673460346,-2.994759171449963,-0.0022192632046160675,-1.437313220435463,-0.043734966105401264,-2.1321961620469083,-0.10893246187363835,-0.11932526983782611,-0.19398642095053348,-0.8265159910229377
2024-10-21T12:12:43.731785539Z,AAPL,0.0,0.0,0.07807767382378676,2.497008791551787,0.002952029520295203,2.0952183383466445,0.22396416573348266,0.7151796888968354,0.016313657250061175,2.0351526364477337,0.9812165034121881
2024-10-21T12:12:46.780372537Z,AAPL,0.0,0.851063829787234,0.0,0.0,0.0,0.0,0.0,0.0,0.0,0.0,0.07572592595626906
2024-10-21T12:12:47.484476304Z,AAPL,0.0,-0.1256907573951674,-2.9943855271366187,-0.0022192632046160675,-1.437313220435463,-0.043734966105401264,-2.1321961620469083,-0.10893246187363835,-0.11932526983782611,-0.19398642095053348,-0.6799728891919784
2024-10-21T12:12:47.484693420Z,AAPL,-1.2399256044637321,-0.6707317073170732,-0.5062329937353667,-0.9257452574525745,-0.0029728725380899295,-2.4893683227880925,-2.18978102189781,-0.4524236983842011,-0.0011469534050179211,-19.704433497536947,-3.996252476638187
2024-10-21T12:12:47.485023375Z,AAPL,1.9094854308741473,0.9077499148984455,1.0061855670103093,0.0023187061619616253,1.7193208682570384,0.4592171441067133,1.254980079681275,0.007292616226071103,2.2876751501286816,0.020202020202020204,0.8006019270695157
2024-10-21T12:12:47.604468075Z,AAPL,0.0,1.77521358038389,0.06833176248821866,2.7824473943539507,0.002865534780428397,2.208615788322764,0.199203187250996,0.7292616226071102,0.017157563625965114,1.1111111111111112,1.0364759939546933
2024-10-21T12:12:47.736191420Z,AAPL,0.0,-0.8498884521406566,0.0,0.0,0.0,0.0,0.0,0.0,0.0,0.0,-0.0756213432475225
2024-10-21T12:12:48.104146428Z,AAPL,0.0,0.0,0.0,0.0,0.0,0.0,0.0,0.0,0.0,0.0,0.0
2024-10-21T12:12:48.104146428Z,AAPL,-4.424778761061947,-0.11819849195027513,-2.827188125809872,-0.0023187061619616253,-1.4470950641163407,-0.043734966105401264,-1.99203187250996,-0.10938924339106655,-0.1258221332570775,-0.10101010101010101,-0.8223502803089114
2024-10-21T12:12:48.104167967Z,AAPL,-1.0121457489878543,-0.6717557251908397,-0.8625801930023181,-1.0756344857988538,-0.0027857093112333728,-2.61210274270788,-1.907356948228883,-0.727692751949177,-0.001140771161305042,-14.166814237648307,-3.1727013547775105
2024-10-21T12:12:48.104178898Z,AAPL,-0.29614500893540974,-4.949984531298339,-0.0021140531684371864,-1.3456798347878223,-0.028042624789680313,-0.4291845493562232,-0.2596278667243618,-2.8645833333333335,-0.01140966398539563,-0.5918751681463547,-1.0560592207032795
2024-10-21T12:12:48.104181225Z,AAPL,-1.0045203415369162,0.0,0.0,0.0,0.0,0.0,0.0,0.0,0.0,0.0,-0.04213647871385366
2024-10-21T12:12:48.104185923Z,AAPL,1.0134279199391945,0.0,0.0,0.0,0.0,0.0,0.0,0.0,0.0,0.0,0.042510123698648414
2024-10-21T12:12:48.104190565Z,AAPL,-0.14636696288552012,-0.33599328013439733,-0.35522749553082295,-1.040582726326743,-1.3756443298969072,-0.00421674045962471,-8.40042002100105,-2.2352315061202765,-0.08685761555164925,-0.0034695116662329774,-1.3552657249933402
2024-10-21T12:12:48.104196514Z,AAPL,-0.1719967750604676,0.0,0.0,0.0,0.0,0.0,0.0,0.0,0.0,0.0,-0.007214725428156528
2024-10-21T12:12:48.104209602Z,AAPL,0.0,-0.046072996904470524,0.0,0.0,0.0,0.0,0.0,0.0,0.0,0.0,-0.004099481413801335
2024-10-21T12:12:48.104217612Z,AAPL,0.0,0.2719793295709526,0.0,0.0,0.0,0.0,0.0,0.0,0.0,0.0,0.02420016672295265
2024-10-21T12:12:48.176175311Z,AAPL,0.0,0.0743801652892562,3.03951367781155,0.002686908040572311,1.7190026380733556,0.050922978994271166,0.796812749003984,0.25806451612903225,0.20705882352941177,0.03470715835140998,0.5693823691042704
2024-10-21T12:12:48.176204532Z,AAPL,-0.3273719308881479,-3.0955759061008643,-0.0026455026455026454,-1.384415050373518,-0.0345214464486062,-0.5445140212360469,-0.10787486515641855,-1.8040180401804018,-0.020716801325875285,-0.38181187087816726,-0.7626145935559806
2024-10-21T12:12:48.176852661Z,AAPL,-10.996563573883162,-0.0026804261877638545,-1.42736009044658,-0.026668444562970864,-0.3633390862021982,-0.08279287981233613,-0.7202488132263873,-0.15760441292356187,-0.253295722756318,-0.34444157409799364,-0.8027310219766891
2024-10-21T12:12:48.179929431Z,AAPL,0.0,0.0,0.0,0.0,-0.11008826041567808,-2.4127701652775815,-0.006507239303725394,-7.876599934361668,-0.2697321944640678,-0.21604938271604937,-1.17768647173065
2024-10-21T12:12:48.179967058Z,AAPL,0.0,0.0,0.0,0.0,0.0,0.1568855316676351,0.0,0.0,0.0,0.0,0.022271469292955648
2024-10-21T12:12:48.204254179Z,AAPL,0.07418201086236588,0.0,0.0,0.0,0.0,0.0,0.0,0.0,0.0,0.0,0.003111702762405503
2024-10-21T12:12:48.204281167Z,AAPL,0.0,0.4490777866880513,1.221840397098129,0.08633521881512356,1.7615325333039746,0.006069802731411229,3.615546851461284,1.0031048483401004,0.21109063494722735,0.004017274279401426,0.7892997117386775
2024-10-21T12:12:48.213961498Z,AAPL,0.0,1.1394388263780089,0.0033701238520515626,1.4461626575028637,0.047687172150691466,0.6082725060827251,0.0846262341325811,1.0031919744642042,0.0403999596000404,0.4375497215592681,0.5218823972717791
2024-10-21T12:12:48.232970230Z,AAPL,0.0,0.0,0.6888238333046323,0.0,0.0,0.0,0.0,0.0,0.0,0.0,0.0633487611240797
2024-10-21T12:12:48.232983049Z,AAPL,0.0,0.0,-0.7042873492384892,0.0,0.0,0.0,0.0,0.0,0.0,0.0,-0.06477088755128634
2024-10-21T12:12:48.247336117Z,AAPL,0.0,-0.003052270125906143,-1.7401791867677465,-0.03486750348675035,-0.5060088551549652,-0.12087026591458502,-0.4993757802746567,-0.08643042350907519,-1.0538922155688624,-0.39828736433336653,-0.44050252635967624
2024-10-21T12:12:48.247348435Z,AAPL,0.0,0.0,1.5121444097911352,1.6827724091969343,0.05547850208044383,0.8080808080808081,0.06477383137212567,0.9115392583385126,0.18709073900841908,0.4338394793926247,0.6146606092300098
2024-10-21T12:12:48.306851049Z,AAPL,1.1903876199687524,3.428081702613912,0.004356349379220213,0.0,0.0,0.0,0.0,0.0,0.0,0.0,0.35535739364354113
2024-10-21T12:12:48.347879918Z,AAPL,0.0,0.0,0.1316536147996822,1.324174459985103,0.0056227157717177395,5.404188245890565,0.43419828388297327,0.5076551168412571,0.01904761904761905,9.70520441586801,2.5518322921722136
2024-10-21T12:12:48.347893041Z,AAPL,0.0,0.0,-1.8159119282714788,-0.09927257167308515,-2.129641953946493,-0.010411244143675169,-2.3603461841070024,-0.8389932081502197,-1.1655874190564293,-0.0064061499039077515,-0.7832386988243403
2024-10-21T12:12:48.363762750Z,AAPL,0.4295676429567643,1.1229646266142617,0.13744075829383887,1.372448104306056,0.005324104884866232,6.246746486205102,0.41306058221872544,0.5033959248901319,0.018501387604070305,12.812299807815503,3.285349480129626
2024-10-21T12:12:49.107274312Z,AAPL,-3.0668966839179608,-0.0029964791370140085,-2.2905091280190497,-0.035832661470930754,-0.5573359342343597,-0.13774104683195593,-0.45045045045045046,-0.08223684210526316,-2.0,-0.4858496295396575,-0.7204306058494991
2024-10-21T12:12:49.117556478Z,AAPL,0.5016932145992725,3.516741153198036,0.004600874166091558,1.809549404282003,0.059250481410161454,0.8072653884964682,0.06470397929472663,0.9124844462878474,0.18709073900841908,0.4300234558248632,0.822868740929897
2024-10-21T12:12:49.170094147Z,AAPL,0.0,0.0,0.0,0.10481003181733109,2.961876832844575,0.07320644216691069,0.4513144533453684,0.128068303094984,2.0220588235294117,0.032973374000494604,0.5197273985355119
2024-10-21T12:12:49.179568062Z,AAPL,0.47801147227533464,0.0,0.0,0.0,0.0,0.0,0.0,0.0,0.0,0.0,0.020051082485488203
2024-10-21T12:12:50.108656247Z,AAPL,-0.4697316657859198,0.0,0.0,0.0,0.0,0.0,0.0,0.0,0.0,0.0,-0.01970377056409668
2024-10-21T12:12:50.108666090Z,AAPL,-2.618943692710607,-0.0026562188724350887,-0.1594987183138707,-1.9734271199687377,-0.06625807520291535,-0.5578022590991494,-0.08039662334181964,-0.9856630824372761,-0.19138755980861244,-0.24406478810738852,-0.5750699250183815
2024-10-21T12:12:50.212175433Z,AAPL,0.906412871062769,2.884268717702199,0.006256843422493353,0.10922566803198751,3.3577127659574466,0.051513200257566,0.5748778384593274,0.1355319629545968,2.1696252465483234,0.020063199077092843,0.8705011038558053
2024-10-21T12:12:50.565304171Z,AAPL,0.0,0.0,0.0,-1.8792445808912455,-0.0678195998643608,-0.4985666209647264,-0.08612028132625232,-1.1027568922305764,-0.21929824561403508,-0.20106013525863645,-0.43987323139682494
2024-10-21T12:12:50.565427767Z,AAPL,0.0,0.05581195663840292,7.578149668455953,0.0037243947858473,3.2191235059760954,0.04867364322219518,0.566491998300524,0.17351069982648928,2.558139534883721,0.01685558973494585,1.2912146075195807
2024-10-21T12:12:50.565500981Z,AAPL,0.0,0.0,2.1993127147766325,0.0038714672861014324,3.3098882912701697,0.5304369790351099,0.35428089413749475,0.013966480446927375,22.130013831258644,0.0033927056827820186,2.590487426087428
2024-10-21T12:12:50.565554902Z,AAPL,0.0,0.0,-0.15,0.0,0.0,0.0,0.0,0.0,0.0,0.0,-0.013794984594282404
2024-10-21T12:12:50.573844808Z,AAPL,-0.5668130933824571,0.0,0.0,0.0,0.0,0.0,0.0,0.0,0.0,0.0,-0.023776032058745258
2024-10-21T12:12:50.619549454Z,AAPL,-0.07952286282306163,-2.372479240806643,-0.004228776826302992,-2.0749871597329226,-0.045709061821506115,-0.49170251997541486,-0.10758472296933834,-1.7871649065800164,-0.041990342221289105,-0.1880904544094387,-0.7229381304941869
2024-10-21T12:12:50.619562205Z,AAPL,0.0,-0.37954265110541796,0.0,0.0,0.0,0.0,0.0,0.0,0.0,0.0,-0.03377093196645456
2024-10-21T12:12:50.622623771Z,AAPL,0.0,-0.35837477041616267,0.0,0.0,0.0,0.0,0.0,0.0,0.0,0.0,-0.03188745706172688
2024-10-21T12:12:50.641554545Z,AAPL,0.7886435331230284,0.04644101098508529,4.595500239348971,0.004148516905206389,2.070520705207052,0.047382136934375735,1.0111223458038423,0.27842227378190254,0.28688791810653974,0.017162962327297693,0.8005159789575419
2024-10-21T12:12:50.682363924Z,AAPL,0.0,0.8001488649050986,0.0034949759720401923,2.471933257802039,0.42185616713539575,0.2995008319467554,0.011621150493898896,20.2275600505689,0.005202913631633715,0.363822700486805,2.4355686122904046
2024-10-21T12:12:50.682376586Z,AAPL,0.0,-0.777907429015947,-1.318512840168647,-0.004542357483533954,-2.171945701357466,-0.5364669817345766,-0.7230989956958394,-0.010531858873091101,-4.577968526466381,-0.00375234521575985,-0.9387224649797862
2024-10-21T12:12:50.736513051Z,AAPL,-0.10629599345870809,-2.306140098010954,-0.0030592734225621415,-2.301207564365459,-0.035555555555555556,-0.5042228665069961,-0.20352781546811397,-1.1911207363291825,-0.0206058108386565,-0.20636930725575725,-0.6950176438854427
2024-10-21T12:12:50.837707032Z,AAPL,0.8347245409015025,0.05295315682281059,3.270868824531516,0.005079365079365079,1.6364225534672714,0.05443658138268917,1.3373453694416582,0.16963528413910095,0.20454651108735067,0.020808406596264893,0.6600436896549133
2024-10-21T12:12:50.886487788Z,AAPL,-0.12366230677764566,-2.3033734824127836,-0.002744990392533626,-2.5341864257935014,-0.031121139033688634,-0.5765350245027385,-0.21023125437981782,-1.2307692307692308,-0.01708671507902606,-0.25529445894981145,-0.7415978406461964
2024-10-21T12:12:50.986777714Z,AAPL,0.9512485136741974,0.05288583778286295,2.968093000247341,0.005659309564233164,1.4483401448340145,0.06296237997796317,1.3807386952019332,0.17554125219426564,0.17248814144027597,0.02642531545220321,0.6251125466037005
2024-10-21T12:12:51.039337327Z,AAPL,-0.12627489072365225,-2.440884820747521,-0.002413564230978097,-2.8267562272600055,-0.02846772471710199,-0.6724949562878278,-0.21660649819494585,-1.2749927557229788,-0.014594279042615293,-0.3323513860563486,-0.8147257957677403
2024-10-21T12:12:51.147897247Z,AAPL,0.9955201592832255,0.05624357795684387,2.6412810212953284,0.005952380952380952,1.378839590443686,0.07335411699981662,1.466275659824047,0.17704337562702863,0.14962423912673853,0.03558402277377458,0.6007903977307867
2024-10-21T12:12:51.221379329Z,AAPL,-0.13228186212159754,-2.595857444162025,-0.002153547970281038,-2.971462194763166,-0.027111291853056798,-0.7923930269413629,-0.23068050749711647,-1.2857977790765636,-0.012777103430652272,-0.4709408113025795,-0.88499728225364
2024-10-21T12:12:51.329937404Z,AAPL,1.1658408627222383,0.05616763879887665,2.382488707996228,0.006785411365564037,1.2746087834427058,0.08962581223392337,1.5128593040847202,0.18376722817764166,0.13171680886094897,0.05521048999309869,0.5843680256113477
2024-10-21T12:12:51.374411634Z,AAPL,-0.16029593094944514,-2.592352559948153,-0.0019466614755693982,-3.3818851498409512,-0.025075225677031094,-0.9857072449482503,-0.23837902264600716,-1.334141904184354,-0.011330160888284613,-0.8228913409388442,-1.0170492472245898
2024-10-21T12:12:51.475039269Z,AAPL,1.272264631043257,0.05997001499250375,2.1672385768466675,0.007889546351084813,1.1850287457468027,0.1151742009789807,1.5625,0.19102196752626552,0.11763762265058952,0.12311480455524777,0.5805759150180843
2024-10-21T12:12:51.507076220Z,AAPL,-0.17585390598579642,-2.592352559948153,-0.001873536299765808,-3.9033816425120773,-0.023323615160349854,-1.303780964797914,-0.2466091245376079,-1.3862633900441086,-0.01017759910437128,-3.2568467801628427,-1.5090032321104196
2024-10-21T12:12:51.709226597Z,AAPL,1.400070003500175,0.05616763879887665,2.245088868101029,0.007729468599033816,1.1778425655976676,0.1303780964797914,1.6440608302507191,0.1890359168241966,0.11195359014808408,0.29607698001480387,0.6291170907877076
2024-10-21T12:12:52.481246232Z,AAPL,-0.1947565543071161,-2.4377856780091416,-0.001982062335860463,-3.556964254270118,-0.024016811768237768,-1.266624445851805,-0.2555366269165247,-1.345977363107984,-0.010203561042803939,-3.0323914541695385,-1.4161021579679611
2024-10-21T12:12:52.582845276Z,AAPL,1.4981273408239701,0.05281868969019807,2.3784748030325553,0.007043493572812115,1.2128489942960072,0.1266624445851805,1.7035775127768313,0.1835423676965433,0.11223917147084334,0.27567195037904896,0.6497621157879746
2024-10-21T12:12:53.922861024Z,AAPL,0.0,-2.4377856780091416,-0.001982062335860463,-3.556964254270118,-0.024016811768237768,-1.266624445851805,-0.2555366269165247,-1.345977363107984,-0.010203561042803939,-3.0323914541695385,-1.407932731162338
2024-10-21T12:12:53.922963386Z,AAPL,0.0,0.05770155473633595,2.245088868101029,0.007729468599033816,1.1778425655976676,0.1303780964797914,1.6440608302507191,0.1890359168241966,0.11195359014808408,0.29607698001480387,0.5705250286923955
2024-10-21T12:12:59.628865467Z,AAPL,1.3647219379051516,0.0,0.0,0.0,0.0,0.0,0.0,0.0,0.0,0.0,0.05724580629087862
2024-10-21T12:12:59.643737494Z,AAPL,0.0,0.05795809184128399,0.05045314397832384,8.17717206132879,0.0023335861384983373,5.816297149438525,0.16474464579901152,1.2642225031605563,0.01526445671254484,3.2568467801628427,2.345084896481848
2024-10-21T12:12:59.691625988Z,AAPL,0.0,0.0,-2.198305472864667,-0.007588692847656991,-1.1453844409163076,-0.11379800853485064,-1.606425702811245,-0.5150214592274678,-0.10652463382157124,-0.3508771929824561,-0.5921323542321125
2024-10-21T12:12:59.691649558Z,AAPL,0.0,-2.5146689019279127,-0.0019383601473153714,-3.497835497835498,-0.023335861384983374,-1.1095700416088765,-0.2494802494802495,-3.492063492063492,-0.009707559762164785,-3.5483870967741935,-1.6763331324891761
2024-10-21T12:12:59.691721965Z,AAPL,0.0,0.05805515239477503,2.198305472864667,0.007588692847656991,1.1453844409163076,0.11379800853485064,1.606425702811245,0.5150214592274678,0.10652463382157124,0.3508771929824561,0.5972979834337738
2024-10-21T12:13:11.883729412Z,AAPL,0.0,0.9585376727596968,0.001868634962160142,4.088586030664395,0.24502654454232542,0.7255974661675785,0.016474464579901153,25.28445006321113,0.0020352608950059787,6.306439674315322,4.098482189576746
2024-10-21T12:13:11.920609443Z,AAPL,0.0,-0.4828002414001207,-0.7608936076089361,-0.007454342154304882,-1.3608528010886822,-1.2415016257759384,-1.0027855153203342,-0.013033561420658197,-2.030096175806329,-0.0639488409272582,-0.7002774316047646
2024-10-21T12:13:11.948637105Z,AAPL,0.0,-0.4828002414001207,0.0,0.0,0.0,0.0,0.0,0.0,0.0,0.0,-0.04295858201502289
2024-10-21T12:13:21.542992246Z,AAPL,0.0,0.526454330086865,0.0,0.0,0.0,0.0,0.0,0.0,0.0,0.0,0.046842833902930335
2024-10-21T12:13:21.543002194Z,AAPL,0.0,1.129646657034021,0.001711229946524064,4.394799487273393,0.23814924019051942,0.7751461088895724,0.015772870662460567,16.086869093102756,0.002132821456183849,6.255506607929516,3.2488121772404304
2024-10-21T12:13:21.543013145Z,AAPL,0.0,-1.1386279533162538,-0.6999267518515504,-0.008069396812588258,-1.3236997407754676,-1.3286934514394177,-0.9614650896604349,-0.008200082000820008,-2.1271504161238,-0.06339144215530904,-0.7663561528030147
2024-10-21T12:13:21.617135979Z,AAPL,0.0,-3.152502298699593,-0.001711229946524064,-3.6989562351217726,-0.022680880018144705,-1.2303906490310672,-0.23659305993690852,-0.8847778001206515,-0.010664107280919245,-3.2305433186490458,-1.465755186143535
2024-10-21T12:13:21.617220419Z,AAPL,0.0,0.0740108169655565,1.9532839586554895,0.008069396812588258,1.1141139484860185,0.12654223347042073,1.5261350629530712,0.12300123001230012,0.11699327288680901,0.31695721077654515,0.524803295136895
2024-10-21T12:13:22.557831797Z,AAPL,0.0,-1.1386279533162538,0.0,0.0,0.0,0.0,0.0,0.0,0.0,0.0,-0.10131279589936368
2024-10-21T12:13:25.371930587Z,AAPL,1.1584129742253113,0.0,0.0,0.0,0.0,0.0,0.0,0.0,0.0,0.0,0.04859179213396041
2024-10-21T12:13:25.495542627Z,AAPL,0.0,-3.4158838599487615,-0.001627736632212908,-4.0750453903570705,-0.022061662346257793,-1.2654223347042075,-0.22892025944296068,-0.9020090200902009,-0.010635752080619001,-3.4865293185419968,-1.5748130491709045
2024-10-21T12:13:25.495588580Z,AAPL,0.0,0.08385744234800838,1.862414154347573,0.008982708286548393,1.0845055299044346,0.1302507326603712,1.4781966001478195,0.1254442818314865,0.11668301996870774,0.3442340791738382,0.5151855180937506
2024-10-21T12:13:29.150340169Z,AAPL,0.0,0.0,0.0,-0.2677376171352075,-0.002218893881400122,-6.730229949523275,-1.5283842794759825,-0.5201238390092879,-0.0011201344161299357,-25.31645569620253,-5.20281195848492
2024-10-21T12:13:29.268636112Z,AAPL,0.0,0.0,0.04454012322767427,0.0,0.0,0.0,0.0,0.0,0.0,0.0,0.004096202091688043
2024-10-21T12:13:32.213682828Z,AAPL,0.0,1.3667036815580422,0.04521136312259815,0.009982530571499875,1.3390615410366569,1.057668093679174,0.8765217391304347,0.00831255195344971,2.3660938747744815,0.015816528272044286,0.6950162289012194
2024-10-21T12:13:32.213695191Z,AAPL,0.0,-1.3667036815580422,-0.6035003017501509,-0.2973240832507433,-0.002308935580697298,-5.3739364084191665,-1.4398354473774426,-0.5170291341813705,-0.0012573871495033322,-11.337868480725623,-2.963445560017
2024-10-21T12:13:32.278804796Z,AAPL,1.1299435028248588,0.0,0.0,0.0,0.0,0.0,0.0,0.0,0.0,0.0,0.04739758707304104
2024-10-21T12:13:32.362327800Z,AAPL,0.0,0.0,0.0,0.013956734124214932,1.3930001741250218,0.9404388714733541,0.8265004919645786,0.008245722531436817,2.6748696001069945,0.008934554389099843,0.579375141495111
2024-10-21T12:13:32.401872088Z,AAPL,0.0,-4.099410709710479,-0.0014495379597753216,-7.048150732728541,-0.02321666956875036,-0.8956560680698611,-0.19678583142013775,-0.9070294784580498,-0.013374348000534973,-0.4914004914004914,-1.4152757956946318
2024-10-21T12:13:32.412631196Z,AAPL,0.0,0.0,-0.04154964798214904,-4.245157866808172,-0.002479082739386427,-4.751534349633736,-1.3972055888223551,-0.5031948881789138,-0.0014383832572188858,-7.238508867173362,-2.4571046915010406
2024-10-21T12:13:34.144724456Z,AAPL,0.5730659025787965,0.6141091579028172,1.8448057188977285,0.011207621182404036,1.2600586363919906,0.07158196134574088,1.2861736334405145,0.1953760989905568,0.1582278481012658,0.031155074382740088,0.5335513699301575
2024-10-21T12:13:34.145172866Z,AAPL,-1.146131805157593,-3.333101867925839,-0.0016382028914281035,-4.516994633273703,-0.02677913905067952,-0.6479831524380366,-0.19563090968373004,-1.3630731102850062,-0.01555875374382512,-0.2945705295574747,-1.1098682198493124
2024-10-21T12:13:34.215278319Z,AAPL,0.0,0.0,0.6900120752113161,0.008038585209003215,1.6618196925633568,0.6706051413060834,0.8450704225352113,0.012037315678603671,3.123901753289859,0.005320210148300857,0.6690100796319358
2024-10-21T12:13:34.277424242Z,AAPL,0.0,-0.4776404561466356,0.0,0.0,0.0,0.0,0.0,0.0,0.0,0.0,-0.042499474833657486
2024-10-21T12:13:35.061077358Z,AAPL,1.146131805157593,0.0,0.0,0.0,0.0,0.0,0.0,0.0,0.0,0.0,0.04807663559844277
2024-10-21T12:13:35.075174042Z,AAPL,-6.015037593984962,-0.002289901534234028,-0.9885484976020358,-0.07415647015202077,-0.2953773445576724,-0.09244992295839753,-1.5256588072122055,-0.26507620941020543,-0.16054292698945527,-0.26462026991267534,-0.623252724010302
2024-10-21T12:13:35.075183720Z,AAPL,1.0025062656641603,2.779708130646282,0.001960399921584003,3.744901742677049,0.029537734455767243,0.6163328197226502,0.20804438280166437,2.9158383035122597,0.014594811544495932,0.2910822969039429,1.1216430613432202
2024-10-21T12:13:35.077473825Z,AAPL,0.0,0.8675848606441817,0.002130379207498935,3.694012621209789,0.3346080305927342,0.3854389721627409,0.014614541468761419,22.203719122953093,0.0031609308941483267,0.5522784728074156,2.79580817048711
2024-10-21T12:13:35.077485044Z,AAPL,0.0,-0.4120313143798929,-0.9118367812161623,-0.005713469504356521,-1.9905449116695695,-0.6336753168376584,-0.9502262443438915,-0.01081665765278529,-3.173469792534412,-0.005152315321697688,-0.763523813956104
2024-10-21T12:13:35.086566953Z,AAPL,-5.3452115812917596,-0.0020843103538116825,-1.2008084651052193,-0.05706134094151213,-0.3432887058015791,-0.09045680687471733,-1.6528925619834711,-0.1083130246412131,-0.17454083858939268,-0.2561311391432413,-0.6139867056249568
2024-10-21T12:13:35.086579076Z,AAPL,1.7429193899782136,2.527513032489074,0.0023820867079561697,2.8815977175463625,0.03432887058015791,0.6030453791647822,0.22539444027047334,1.191443271053344,0.01586734896267206,0.28174425305756545,0.8714271347380745
2024-10-21T12:13:35.108095991Z,AAPL,0.0,0.0,0.0,0.0,0.0,0.0,0.0,0.0,0.0,0.0,0.0
2024-10-21T12:13:35.108095991Z,AAPL,0.0,0.0,0.0,0.0,0.0,0.0,0.0,0.0,0.0,0.0,0.0
2024-10-21T12:13:35.108095991Z,AAPL,0.0,0.0,0.0,0.0,0.0,0.0,0.0,0.0,0.0,0.0,0.0
2024-10-21T12:13:35.146372690Z,AAPL,-4.452690166975882,-0.0018446781036709093,-1.5768930523028883,-0.04720878083323499,-0.36496350364963503,-0.10138560324433932,-1.8859837119588512,-0.10392309690828787,-0.15221226692496628,-0.333028057613854,-0.6463953349839092
2024-10-21T12:13:35.146384339Z,AAPL,0.667779632721202,0.0,0.0,0.0,0.0,0.0,0.0,0.0,0.0,0.0,0.028011261809443286
2024-10-21T12:13:35.167869345Z,AAPL,-0.6163328197226502,0.0,0.0,0.0,0.0,0.0,0.0,0.0,0.0,0.0,-0.025853229312567838
2024-10-21T12:13:35.175791647Z,AAPL,0.0,0.0,0.7677543186180422,2.260266308604677,0.036856168801253114,0.7955449482895783,0.2747252747252747,1.1548556430446195,0.012193263222069806,0.5304400241109102,0.6470912255003214
2024-10-21T12:13:35.333929432Z,AAPL,0.0,0.0,0.7533666070251436,0.0,0.0,0.0,0.0,0.0,0.0,0.0,0.06928453825172441
2024-10-21T12:13:35.352296693Z,AAPL,0.49443757725587145,0.0,-1.757132915796799,-0.04973268680840483,-0.34656038814763473,-0.13489208633093525,-1.9669199821189094,-0.10964912280701754,-0.12606005042402016,-0.6362334976936536,-0.5130775187282042
2024-10-21T12:13:35.424351548Z,AAPL,0.4914004914004914,2.5252525252525255,0.0037488284910965324,2.4791359842906235,0.03434655675768505,0.9893643334157803,0.2843601895734597,1.1953273566965499,0.010868679183762192,1.0025062656641603,0.951911232852612
2024-10-21T12:13:38.131971887Z,AAPL,0.4914004914004914,0.0,0.0,0.0,0.0,0.0,0.0,0.0,0.0,0.0,0.020612709857317602
2024-10-21T12:13:42.509087486Z,AAPL,0.0,0.06652520502379997,3.9209279529488645,0.005521048999309869,1.585557299843014,0.11567379988432619,1.8578727357176033,0.17026106696935303,0.11310472469281785,0.17459624618070713,0.7582921571701987
2024-10-21T12:13:42.509120725Z,AAPL,0.0,0.0,-0.08611729769858946,0.0,0.0,0.0,0.0,0.0,0.0,0.0,-0.007919911967021822
2024-10-21T12:13:45.327353906Z,AAPL,0.0,-0.5299768135144087,0.0,0.0,0.0,0.0,0.0,0.0,0.0,0.0,-0.047156257303009555
2024-10-21T12:13:45.348280342Z,AAPL,0.0,0.0,0.075358929383486,0.0,0.0,0.0,0.0,0.0,0.0,0.0,0.0069305017992453664
2024-10-21T12:13:45.348322946Z,AAPL,0.0,0.0,-0.06412627944259465,-2.6130981544994287,-0.002850830304326135,-6.525285481239804,-1.721311475409836,-0.7622504537205081,-0.0010751821089697068,-20.5180815593742,-4.705368848954516
2024-10-21T12:13:45.469056600Z,AAPL,0.0,0.0,0.0,0.0,0.0,0.0,0.0,0.0,0.0,0.0,0.0
2024-10-21T12:13:45.811467280Z,AAPL,0.0,0.0,0.0,0.0,0.0,0.0,0.0,0.0,0.0,0.0,0.0
2024-10-21T12:13:45.811467280Z,AAPL,0.0,0.0,0.0,0.0,0.0,0.0,0.0,0.0,0.0,0.0,0.0
2024-10-21T12:13:45.811467280Z,AAPL,0.05689900426742532,0.0,0.0,0.0,0.0,0.0,0.0,0.0,0.0,0.0,0.0023867348255841433
2024-10-21T12:13:45.811467280Z,AAPL,0.008672400086724,0.0,0.0,0.0,0.0,0.0,0.0,0.0,0.0,0.0,0.00036377999184483326
2024-10-21T12:13:45.811476289Z,AAPL,0.0,0.13417623532447426,0.7463730932499884,0.008016032064128256,1.6653944903198947,0.7317073170731707,0.8058842340901823,0.03487358326068003,2.6930586413519153,0.006112469437652812,0.6547939024570337
2024-10-21T12:13:45.811491355Z,AAPL,0.3009555338198781,1.2163600425726013,0.05404146284649429,8.443271767810026,0.002777392028884877,3.2872253864930836,0.12812299807815503,3.5180299032541775,0.020194540742485948,0.33618581907090467,1.8825739215311108
2024-10-21T12:13:45.811500957Z,AAPL,0.3287310979618672,0.6151953245155336,0.3780718336483932,0.20336605890603085,3.0963746613340213,0.0065242211710976996,5.743531418822861,0.35180299032541773,0.13467560014814317,0.046143197723602244,1.0145946404772945
2024-10-21T12:13:45.811510984Z,AAPL,0.0,0.0,0.0,0.0,0.0,0.0,0.0,0.0,0.0,0.0,0.0
2024-10-21T12:13:45.811510984Z,AAPL,0.111397627643115,0.0,0.0,0.0,0.0,0.0,0.0,0.0,0.0,0.0,0.004672781199011101
2024-10-21T12:13:45.811510984Z,AAPL,0.23543260741612712,0.0,0.0,0.0,0.0,0.0,0.0,0.0,0.0,0.0,0.009875659696207491
2024-10-21T12:13:45.811510984Z,AAPL,0.010969422734128617,0.0,0.0,0.0,0.0,0.0,0.0,0.0,0.0,0.0,0.00046013288972594345
2024-10-21T12:13:45.811510984Z,AAPL,0.006791171477079796,0.0,0.0,0.0,0.0,0.0,0.0,0.0,0.0,0.0,0.0002848683501503655
2024-10-21T12:13:45.811510984Z,AAPL,0.35479865176512326,0.0,0.0,0.0,0.0,0.0,0.0,0.0,0.0,0.0,0.014882690991534971
2024-10-21T12:13:45.811510984Z,AAPL,0.1922721390275467,4.0475588160890466,0.0019758940920766646,5.385996409335727,0.1820782936662765,0.44593877189877895,0.006060606060606061,29.23976608187134,0.0028537794741911315,0.6773193417600762,3.9622804806375265
2024-10-21T12:13:45.811530148Z,AAPL,0.0,-1.8501387604070305,-0.06211845346471029,-7.675087943716022,-0.00181257930034439,-3.3093053735255573,-0.062034739454094295,-0.8298755186721992,-0.02313030069390902,-0.3413498836307215,-1.583028132901344
2024-10-21T12:13:45.811542984Z,AAPL,0.8075913587724611,0.8705114254624592,0.463875681317407,0.16858014823426826,2.1555595473324947,0.0066082934082273255,2.9745251067589455,0.05870267097152921,0.16714023065351832,0.04578055852281398,0.6805393730794159
2024-10-21T12:13:45.811544514Z,AAPL,0.20214782059380923,0.0,0.0,0.0,0.0,0.0,0.0,0.0,0.0,0.0,0.008479467251475189
2024-10-21T12:13:45.811549682Z,AAPL,0.0,0.7786645902277594,0.2793491165584189,0.963159162051529,0.053961017816439506,6.713286713286713,0.005736411874372581,1.7880853323891297,0.020175527085645115,0.29362108199368714,1.3759459563972827
2024-10-21T12:13:45.811550754Z,AAPL,0.2563515678644999,0.0,0.0,0.0,0.0,0.0,0.0,0.0,0.0,0.0,0.010753144496863879
2024-10-21T12:13:45.811554820Z,AAPL,0.9317493594223154,0.0,0.0,0.0,0.0,0.0,0.0,0.0,0.0,0.0,0.039083964183220424
2024-10-21T12:13:45.811565809Z,AAPL,0.9265693768820941,0.0,0.10301692420897718,0.425396150164841,0.3892565200467108,0.14613252708490804,6.346687822292742,0.0022131238242779684,1.0087894526568117,0.047382136934375735,0.8751896603382087
2024-10-21T12:13:45.811576962Z,AAPL,0.9006980409817609,0.0,0.0,0.0,0.0,0.0,0.0,0.0,0.0,0.0,0.03778145873419619
2024-10-21T12:13:45.811587865Z,AAPL,0.8537886872998933,0.0,0.0,0.0,0.0,0.0,0.0,0.0,0.0,0.0,0.03581375842872258
2024-10-21T12:13:45.811599315Z,AAPL,0.0,0.5828354946816261,0.0,0.0,0.0,0.0,0.0,0.0,0.0,0.0,0.05185951508006187
2024-10-21T12:13:45.811625820Z,AAPL,-0.7875566056310298,0.0,0.0,0.0,0.0,0.0,0.0,0.0,0.0,0.0,-0.03303553026945566
2024-10-21T12:13:45.811631245Z,AAPL,0.0,0.0,0.0,0.0,0.0,0.0,0.0,0.0,0.0,0.0,0.0
2024-10-21T12:13:45.811639570Z,AAPL,0.0,-0.4904364884747425,0.0,0.0,0.0,0.0,0.0,0.0,0.0,0.0,-0.04363803972467688
2024-10-21T12:13:45.811642361Z,AAPL,-0.6993006993006993,0.0,0.0,0.0,0.0,0.0,0.0,0.0,0.0,0.0,-0.029333471720028894
2024-10-21T12:13:45.811656818Z,AAPL,-0.6903693476009666,0.0,0.0,0.0,0.0,0.0,0.0,0.0,0.0,0.0,-0.028958829519945686
2024-10-21T12:13:45.811672313Z,AAPL,-0.6875214850464078,0.0,0.0,0.0,0.0,0.0,0.0,0.0,0.0,0.0,-0.02883937061508513
2024-10-21T12:13:45.811687403Z,AAPL,-0.6963788300835655,0.0,0.0,0.0,0.0,0.0,0.0,0.0,0.0,0.0,-0.029210908467716797
2024-10-21T12:13:45.811702067Z,AAPL,0.0,-0.11251758087201126,-2.044989775051125,-0.5473079291236231,-0.11943986820428336,-6.926406926406926,-0.0026116479498563597,-0.5028377974708753,-0.04970178926441352,-0.8458447874814972,-1.4364891656864822
2024-10-21T12:13:45.812035805Z,AAPL,0.0,0.0,0.0,0.2616602341859096,0.9735913350371181,0.16772700983227298,3.0095930779359206,0.0009487215976471705,3.1293570875290473,0.08105369807497467,0.7278285229778931
2024-10-21T12:13:45.812481448Z,AAPL,0.0,0.0,0.0,-0.51753137533963,-0.16463241555492478,-5.914972273567468,-0.002589834898025251,-0.47354478749091594,-0.06284367635506677,-0.796812749003984,-1.0861463379994243
2024-10-21T12:13:45.813014463Z,AAPL,0.0,0.0,0.0,0.0,0.0,0.0,0.0,0.0,0.0,0.0,0.0
2024-10-21T12:13:45.813822327Z,AAPL,0.0,0.0,-5.602240896358543,-0.0802323972886983,-6.785411365564038,-0.004540295119182747,-1.3086291785436643,-0.00928893223723933,-0.6289308176100629,-0.11976047904191617,-1.3123779907602253
2024-10-21T12:13:45.885550872Z,AAPL,2.7557698932139165,0.0042243109092829235,11.840157868771584,0.30079495810355944,0.3583617747440273,0.004572473708276178,4.5884714654430745,0.0019481784531463083,1.2966063004108963,0.016670139612419255,1.8425006372237795
2024-10-21T12:13:45.885603142Z,AAPL,0.0,0.0,-0.5016256386437529,-1.740139211136891,-0.5120078020236499,-0.33381904888064645,-0.0022297786944645744,-1.9719490251177008,-0.01201020867737577,-1.807382265591854,-0.7986875082897206
2024-10-21T12:13:45.911619430Z,AAPL,-0.15099087763447627,0.0,0.0,0.0,0.0,0.0,0.0,0.0,0.0,0.0,-0.006333593893874752
2024-10-21T12:13:45.911645974Z,AAPL,0.0,-0.9722897423432183,-0.5192479856759177,-3.2829491826824433,-0.004279905842071475,-3.5720601237842615,-0.021677866897897247,-0.10083440469888326,-0.08880994671403197,-0.9484802759215348,-1.1541893686307556
2024-10-21T12:13:45.935267342Z,AAPL,0.0,1.0089544709294993,0.0,0.0,0.0,0.0,0.0,0.0,0.0,0.0,0.08977471358165333
2024-10-21T12:13:45.969596688Z,AAPL,-1.2682308180088777,-1.9927761863245734,-0.01768346595932803,-0.06646971935007386,-2.5415651805570265,-0.6316739359302151,-0.1561918928969877,-0.001056300834477659,-10.290712631849756,-0.017286084701815037,-1.4911444407085064
2024-10-21T12:13:45.972210032Z,AAPL,2.5982461838259177,0.00517464424320828,0.47182175622542594,1.383444777495965,0.4543487667676331,0.35368421052631577,0.0026766595289079227,2.107093001817368,0.010982976386600769,1.8020304568527918,0.8783659927854992
2024-10-21T12:13:45.973580511Z,AAPL,0.0,0.0,0.0,-0.44326241134751776,-2.5157232704402515,-0.5495224388329191,-0.18239722061378114,-0.0011090470513211523,-9.099181073703367,-0.017327268789257094,-1.1797588922051632
2024-10-21T12:13:46.001375930Z,AAPL,0.0,0.0,0.0,-0.4222081486172683,0.0,0.0,0.0,0.0,0.0,0.0,-0.043985526221017854
2024-10-21T12:13:46.030378750Z,AAPL,0.0,0.0,0.0,0.40716612377850164,0.0,0.0,0.0,0.0,0.0,0.0,0.04241845230231303
2024-10-21T12:13:46.030391116Z,AAPL,-2.7313076135199728,-2.4121815166591287,-0.01687051876845213,-0.053531598513011154,0.0,0.0,0.0,0.0,0.0,0.0,-0.33632921879658667
2024-10-21T12:13:46.063235483Z,AAPL,-1.3157894736842106,-0.17677537336177992,-13.547840812870449,-0.002050966517971594,-1.7990737442109015,-0.04338394793926247,-0.4258037044922291,-0.021140159255866396,-0.2949259333735505,-0.09820770930518045,-1.5639350433156634
2024-10-21T12:13:46.072722298Z,AAPL,2.4992189940643548,0.006565988181221273,0.22780004218519298,1.2368583797155226,0.3641723749241308,0.27388327355722203,0.004822763443453099,2.817298211015636,0.00550812448361333,2.0918242082003435,0.9323790144802317
2024-10-21T12:13:46.072745549Z,AAPL,-1.1389521640091116,0.0,0.0,0.0,0.0,0.0,0.0,0.0,0.0,0.0,-0.04777547216360059
2024-10-21T12:13:46.073052339Z,AAPL,0.0,-7.59133322789815,-0.006736274840013473,-1.0248604769152714,-0.034340659340659344,-0.4322922295471739,-0.0998502246630055,-0.1542831095059434,-0.029338418659234266,-1.054397316079559,-1.0420263790820143
2024-10-21T12:13:46.073137112Z,AAPL,0.1301989150090416,1.3123359580052494,6.795016987542469,0.002050125570191174,1.6661167931375782,0.04960932655339204,0.6548788474132285,0.02140640051375361,0.3203727974370176,0.09796718099436688,1.0087061865448643
2024-10-21T12:13:46.123324204Z,AAPL,0.8872130420317178,0.1896067415730337,0.0,0.0,0.0,0.0,0.0,0.0,0.0,0.0,0.054086626945625396
2024-10-21T12:13:46.134353286Z,AAPL,-0.11289985364833786,-7.420003091667955,-0.004927929037821855,-1.0244966272759548,-0.032232070910556,-0.5760368663594471,-0.11947431302270012,-0.15914351851851852,-0.02998725541644801,-1.07500610798925,-1.057287527513287
2024-10-21T12:13:46.134366429Z,AAPL,0.0,1.2816404998397948,5.193119117169751,0.002049390306383851,1.5675927363029645,0.06951685783802572,0.7810974419058777,0.022092937624272772,0.32740531289530467,0.09992505620784412,0.8611083795297578
2024-10-21T12:13:46.134809159Z,AAPL,-0.7382116821998708,-6.84248039914469,-0.004410143329658214,-1.010303090927278,-0.03419972640218878,-0.683410216982744,-0.1295616497516735,-0.16142050040355124,-0.029964791370140083,-1.0736944851146901,-1.0470283237408529
2024-10-21T12:13:47.415362307Z,AAPL,0.0,0.15397775876817793,5.054227650837106,0.0019549386637994232,1.8292130761568415,0.0675219446320054,1.796138302649304,0.020505109189706435,0.33465165804685126,0.0929368029739777,0.8702641471200584
2024-10-21T12:13:48.136368928Z,AAPL,0.7059031147974941,0.0,0.0,0.0,0.0,0.0,0.0,0.0,0.0,0.0,0.029610422348639424
2024-10-21T12:13:48.136382005Z,AAPL,0.0,-1.109416169740674,-0.0034870543108708922,-0.05445744251714401,-2.364998029168309,-0.7018716577540107,-1.7038539553752534,-0.0014667057788207687,-5.27495714097323,-0.01959343619887338,-1.0542103158107885
2024-10-21T12:13:54.483288659Z,AAPL,0.0,-1.0757025682398815,0.0,0.0,0.0,0.0,0.0,0.0,0.0,0.0,-0.09571382331436455
2024-10-21T12:13:54.519759447Z,AAPL,0.0,1.0719549778909288,0.0,0.0,0.0,0.0,0.0,0.0,0.0,0.0,0.09538037035896146
2024-10-21T12:13:54.519772638Z,AAPL,0.0,-1.1283497884344147,0.0,0.0,0.0,0.0,0.0,0.0,0.0,0.0,-0.10039826572481372
2024-10-21T12:13:55.034111535Z,AAPL,0.0,0.0,0.0,1.7278617710583153,0.3192945111753079,0.6164383561643836,0.020376974019358125,3.4882706898055287,0.0040937468017603115,2.6126954921803125,1.051303377476385
2024-10-21T12:13:55.034202690Z,AAPL,0.0,0.0,-0.06492753623188406,0.0,0.0,0.0,0.0,0.0,0.0,0.0,-0.005971162413757022
2024-10-21T12:13:56.094538941Z,AAPL,-0.08595988538681948,-5.754705670782879,-0.002322340919647004,-1.6036837091140046,-0.03155320659462018,-1.288659793814433,-0.3102378490175801,-0.16383065867371635,-0.025581990278843697,-1.2280212112754674,-1.1124592535466185
2024-10-21T12:13:56.094551306Z,AAPL,0.6268118780850898,0.0,0.0,0.0,0.0,0.0,0.0,0.0,0.0,0.0,0.026292792954409668
2024-10-21T12:13:56.154206963Z,AAPL,0.0,-0.7590132827324478,0.0,0.0,0.0,0.0,0.0,0.0,0.0,0.0,-0.06753545578642593
2024-10-21T12:13:56.211718188Z,AAPL,0.0,0.6949874033533143,0.0,0.0,0.0,0.0,0.0,0.0,0.0,0.0,0.061838563460075525
2024-10-21T12:13:56.211731379Z,AAPL,0.0,-0.6210697927179567,0.0,0.0,0.0,0.0,0.0,0.0,0.0,0.0,-0.05526152503601656
2024-10-21T12:14:01.070964390Z,AAPL,0.0,0.0,0.08232267548695332,0.0,0.0,0.0,0.0,0.0,0.0,0.0,0.007570933600684206
2024-10-21T12:14:01.071015450Z,AAPL,0.0,0.0,-0.07938257993384785,-0.0029271862422246614,-2.3483365949119372,-1.6935483870967742,-1.610223642172524,-0.0012836970474967907,-7.0609002647837595,-0.018583042973286876,-1.2477203646227246
2024-10-21T12:14:01.088137086Z,AAPL,-0.08542276358459226,0.0,0.0,0.0,0.0,0.0,0.0,0.0,0.0,0.0,-0.0035832170943931522
2024-10-21T12:14:06.103454338Z,AAPL,0.016329196603527107,0.4993446101991137,3.8690955989037565,0.003083802328270758,1.8852076528231452,0.15071590052750566,2.493765586034913,0.02201269398686576,0.28897937738079604,0.10042681395932714,0.8758773041969237
2024-10-21T12:14:07.746740079Z,AAPL,0.0,-2.9593094944512948,-0.003224246332419797,-1.6327190430003233,-0.03568242640499554,-1.4836795252225519,-0.36014405762304924,-0.17420223295589515,-0.023223409196470042,-1.166489925768823,-0.8872587970671527
2024-10-21T12:14:07.746754069Z,AAPL,0.0,0.48724039222851573,3.8690955989037565,0.0033976046886944706,1.7257582229816317,0.14609203798392986,2.314814814814815,0.025796465884173867,0.22890438039746125,0.11232799775344003,0.8389102796374013
2024-10-21T12:14:10.801342166Z,AAPL,0.0,0.5122294788065054,0.0,0.0,0.0,0.0,0.0,0.0,0.0,0.0,0.045577135612045676
2024-10-21T12:14:17.947438449Z,AAPL,0.0,0.5003126954346466,0.0,0.0,0.0,0.0,0.0,0.0,0.0,0.0,0.0445168045021219
2024-10-21T12:14:17.957382887Z,AAPL,0.0,-2.7646584494873863,-0.003224246332419797,-2.02485966319166,-0.030326004548900682,-1.3966480446927376,-0.3134796238244514,-0.2548951454060943,-0.015862944162436547,-1.5027322404371584,-0.9538878369563949
2024-10-21T12:14:17.957395933Z,AAPL,0.0,0.45623039635015683,3.861003861003861,0.004020100502512563,1.5314632297194846,0.13966480446927376,2.089864158829676,0.03475842891901286,0.17449238578680204,0.13661202185792348,0.795403404328584
2024-10-21T12:14:17.957453277Z,AAPL,0.0,0.06230170175944621,0.0032175032175032173,2.280718426304286,0.33083891295785745,0.892983699503898,0.021598272138228944,4.1534707439904475,0.0034456025497458867,2.7142402038865883,1.2358975816502435
2024-10-21T12:14:17.957465815Z,AAPL,0.0,-0.4569339730408956,-0.08669128270990528,-0.0038106125559683717,-1.8905080740448996,-1.48830616583983,-1.3606911447084233,-0.002076735371995224,-3.4456025497458866,-0.02548582351067219,-0.8717862490226422
2024-10-21T12:14:18.056884935Z,AAPL,0.0,0.45246309597873424,0.0,0.0,0.0,0.0,0.0,0.0,0.0,0.0,0.04025924461223512
2024-10-21T12:14:21.022254267Z,AAPL,0.0,0.4480788618796908,0.0,0.0,0.0,0.0,0.0,0.0,0.0,0.0,0.03986914439279317
2024-10-21T12:14:21.336689135Z,AAPL,0.0,0.06049064635375826,0.0032046146450889277,2.4311183144246353,0.31842304776345715,0.8798882681564246,0.02089864158829676,4.634457189201715,0.0031725888324873096,2.9098360655737703,1.3262293391067215
2024-10-21T12:14:21.336700928Z,AAPL,0.0,0.0,-0.5774922399480257,0.0,0.0,0.0,0.0,0.0,0.0,0.0,-0.053109977022671014
2024-10-21T12:14:21.392627701Z,AAPL,0.0,0.5158627805003869,0.0,0.0,0.0,0.0,0.0,0.0,0.0,0.0,0.04590041939572668
2024-10-21T12:14:21.426981432Z,AAPL,0.0,0.561884128869942,1.4122631517006001,0.5340114431023522,0.17221349005672112,0.015797788309636653,19.193857965451055,0.0053408104679885165,0.3311695883701948,0.033098882912701695,2.193023558082722
2024-10-21T12:14:21.740586460Z,AAPL,0.0,0.0,0.06593531518217473,5.951642901425914,0.00274310794129749,7.026086956521739,0.06491398896462187,0.30838023282707583,0.023127625949196314,1.9945602901178605,1.9787695054437078
2024-10-21T12:14:21.740617322Z,AAPL,0.0,0.0,-0.06356413166855845,-2.73972602739726,-0.28820421327111784,-0.7682926829268293,-0.006496670456391099,-6.172363243576885,-0.0030830892554339446,-3.8621940163191297,-1.6394514729535978
2024-10-21T12:14:28.747219089Z,AAPL,0.0,0.7072135785007072,0.0,0.0,0.0,0.0,0.0,0.0,0.0,0.0,0.06292642361995485
2024-10-21T12:14:37.348164372Z,AAPL,0.0,-0.11437586274896469,-2.543046357615894,-0.004188481675392671,-1.386981598461961,-0.11258091753447791,-0.6477732793522267,-0.04039044092898014,-0.1829141550613178,-0.17263703064307295,-0.49146204461044724
2024-10-21T12:14:37.348177626Z,AAPL,0.0,0.8749863283386198,0.06136267456622937,4.426410918480265,0.002844950213371266,5.158324821246169,0.06548788474132286,0.23747328425552125,0.027196083763937996,1.740506329113924,1.5853789848210444
2024-10-21T12:14:37.485431160Z,AAPL,0.0,0.8748906386701663,0.0,0.0,0.0,0.0,0.0,0.0,0.0,0.0,0.0778459868754297
2024-10-21T12:14:41.549166803Z,AAPL,0.0,0.0,-2.535122002746382,-0.0031404569364842584,-1.546589081999847,-0.09440641963653529,-0.669008195350393,-0.028801843317972354,-0.24348403519451056,-0.13559322033898305,-0.4921048746243509
2024-10-21T12:14:41.549212050Z,AAPL,0.0,0.14045648357160773,0.4460551993309172,3.3023735810113517,0.00331619963521804,4.3070362473347545,0.06864595846919512,0.17455053237912377,0.03755163349605708,1.3492793621588468,1.250537369746779
2024-10-21T12:14:41.599590898Z,AAPL,0.0,1.0031347962382444,0.06680983058935815,0.0,0.0,0.0,0.0,0.0,0.0,0.0,0.09540116134048962
2024-10-21T12:14:43.205958056Z,AAPL,0.0,-1.0031347962382444,-0.002569703199280483,-0.06378495358505609,-2.272942513495596,-0.7449450159631076,-0.4512085944494181,-0.0015945784333266893,-5.8013052936910805,-0.02178649237472767,-0.9672730746534769
2024-10-21T12:14:49.824694031Z,AAPL,0.0,-1.1149825783972125,0.0,0.0,0.0,0.0,0.0,0.0,0.0,0.0,-0.09920887860472881
2024-10-21T12:14:52.413893215Z,AAPL,0.0,-0.1554907677356657,-3.0886043369152567,-0.002184837229626393,-1.914691943127962,-0.0661922885983783,-0.7168458781362007,-0.023928215353938187,-0.3189561435302646,-0.10893246187363835,-0.5911333296638793
2024-10-21T12:14:52.413904869Z,AAPL,0.0,1.0559662090813093,0.07794557728443176,2.5349881172432003,0.0037947063845934926,3.069908814589666,0.07204610951008646,0.17270411467553215,0.03822142948146261,1.2356079752878404,1.0247982883766695
2024-10-21T12:14:52.473339217Z,AAPL,0.0,1.0559662090813093,0.0,0.0,0.0,0.0,0.0,0.0,0.0,0.0,0.09395772227942571
2024-10-21T12:14:52.473352225Z,AAPL,0.0,-1.0559662090813093,0.0,0.0,0.0,0.0,0.0,0.0,0.0,0.0,-0.09395772227942571
2024-10-21T12:14:52.474399706Z,AAPL,0.0,0.0,0.0,1.0351520379555748,0.49214905085540195,0.31409697120777763,0.007662835249042145,3.1477473932716897,0.005963473723443906,2.092337917485265,0.8342407041087267
2024-10-21T12:14:52.474453011Z,AAPL,0.0,0.0,-0.12043189368770764,0.0,0.0,0.0,0.0,0.0,0.0,0.0,-0.011075707453881221
2024-10-21T12:14:53.024665699Z,AAPL,0.0,-0.9849790691947795,0.0,0.0,0.0,0.0,0.0,0.0,0.0,0.0,-0.08764143117322447
2024-10-21T12:14:59.069065580Z,AAPL,0.0,0.9417304296645085,0.0,0.0,0.0,0.0,0.0,0.0,0.0,0.0,0.08379325532535953
2024-10-21T12:15:05.174000161Z,AAPL,0.0,0.9418412997409936,0.0,0.0,0.0,0.0,0.0,0.0,0.0,0.0,0.08380312031892267
2024-10-21T12:15:05.174010189Z,AAPL,0.0,0.14417878168929474,4.6127234287910825,0.14749262536873156,0.38414634146341464,0.003974167908594138,27.962250961202376,0.0028825712535581736,0.6643792888334372,0.01708306641042067,3.3238605805194137
2024-10-21T12:15:05.174024191Z,AAPL,0.0,-0.9613073780341264,-0.23059185242121447,-0.8428150021070375,-0.6402439024390244,-0.2503725782414307,-0.013981125480601188,-2.8825712535581736,-0.006238303181534622,-1.8193465727098013,-0.8561267916477054
2024-10-21T12:15:08.174665588Z,AAPL,0.0,-0.9388569416735125,0.0,0.0,0.0,0.0,0.0,0.0,0.0,0.0,-0.08353757821721973
2024-10-21T12:15:12.192615974Z,AAPL,-0.5128205128205128,-1.799572601507142,-3.6322360953461974,-0.04123002920460402,-3.6635628148374293,-0.3961516694963214,-0.8895164136957289,-0.0015480475250590194,-5.432199361716575,-0.017497812773403325,-1.470419112884162
2024-10-21T12:15:12.193015032Z,AAPL,2.051282051282051,1.7601760176017602,0.27235587834770764,0.8246005840920804,0.6411234925965501,0.23769100169779286,0.014119308153900459,3.0960950501180386,0.005432199361716575,1.863517060367454,1.041200952856411
2024-10-21T12:15:12.197769369Z,AAPL,-0.7843137254901962,-1.7224674346000646,-3.3493824576093782,-0.04205361836341335,-3.4061879080329263,-0.3945885005636978,-0.8704663212435233,-0.0016778523489932886,-4.783258594917788,-0.01834441641825269,-1.3665830119197127
2024-10-21T12:15:12.197802997Z,AAPL,0.0,-0.120223271790468,-9.322198485142746,-0.0014303593777936707,-2.6786898289351546,-0.03743215422047539,-1.3527223537368955,-0.027471269630511424,-0.23500507397318807,-0.0963855421686747,-1.2765272522355213
2024-10-21T12:15:12.201874823Z,AAPL,2.1929824561403506,1.6815554387808722,0.19509022923101935,0.8966599417171038,0.5220633934120572,0.24727700912569914,0.013127666557269446,3.6771465342893914,0.004251248804336274,2.1037037037037036,1.1261549158249506
2024-10-21T12:15:12.264450843Z,AAPL,0.0,0.0,0.18202502844141072,1.7933198834342077,0.004972032318210068,1.9821411048964772,0.13127666557269446,0.18385732671446958,0.03188436603252205,1.0864197530864197,0.6915492365130955
2024-10-21T12:15:12.264477828Z,AAPL,0.0,-0.11703239289446186,-6.527060103345119,-0.0015302804238876773,-2.5080705239632484,-0.04143360265175057,-1.3008130081300813,-0.025348542458808618,-0.2601241501625776,-0.09613073780341264,-1.0019957538273447
2024-10-21T12:15:12.268335051Z,AAPL,0.0,0.0,0.0,0.0,1.0311936065996392,2.10153974198918,0.13275804845668768,0.1558299894814757,0.04022256485888583,1.0064043915827996,0.5783918316207731
2024-10-21T12:15:12.268635983Z,AAPL,0.0,-4.541154210028382,-0.005416384563303994,-0.3043792565536658,-2.781219881591629,-0.04179728317659352,-1.3554727211114874,-0.02168570189388463,-0.3405836365043734,-0.08727907484180668,-0.86179878436834
2024-10-21T12:15:12.270227323Z,AAPL,0.0,0.0,0.15765153574340854,0.0,0.0,0.0,0.0,0.0,0.0,0.0,0.014498670045635218
2024-10-21T12:15:12.270326143Z,AAPL,-0.15600173335259282,-1.2529365700861395,-2.069857697283312,-0.0016110842597067826,-3.0864197530864197,-0.49191848208011246,-0.8211143695014663,-0.0013560701088246264,-7.200072000720008,-0.0174140182847192,-1.375396805722548
2024-10-21T12:15:12.270365637Z,AAPL,0.0,0.0,-0.13457556935817805,-0.6611570247933884,-0.005207655253222237,-2.8109627547434997,-1.3120899718837862,-0.08549908393838637,-0.004344520473552731,-12.322858903265557,-2.5749166673470922
2024-10-21T12:15:12.318866641Z,AAPL,0.0,0.0,0.0,0.34782608695652173,0.0,0.0,0.0,0.0,0.0,0.0,0.03623642394938462
2024-10-21T12:15:12.318878820Z,AAPL,0.0,0.0,0.0,0.37037037037037035,0.0,0.0,0.0,0.0,0.0,0.0,0.03858508105721511
2024-10-21T12:15:12.318890689Z,AAPL,0.0,0.0,-1.9841269841269842,0.00199990000499975,2.5316455696202533,0.5141388174807198,0.673616680032077,0.0017133556069562237,6.963788300835655,0.00837257980115123,0.8028639865392575
2024-10-21T12:15:12.327814809Z,AAPL,-1.5293442936341044,-0.060010001666944486,-1.9031759248245508,-0.056438921148314974,-0.004048582995951417,-2.9229082937522834,-1.0673443456162643,-0.11817670230725942,-0.0034536349507857016,-7.116171499733143,-1.9125298713527852
2024-10-21T12:15:12.391011950Z,AAPL,0.0,0.8334635620148981,0.12416427889207259,0.002376990729736154,2.206085118117474,0.5413766434648105,0.6165891852214338,0.002079002079002079,5.850091407678245,0.007318635074558596,0.9408862028368998
2024-10-21T12:15:12.404688523Z,AAPL,0.0,0.0,0.0,0.5087763927753752,0.0,0.0,0.0,0.0,0.0,0.0,0.053004181559135485
2024-10-21T12:15:12.446815675Z,AAPL,0.0,0.0,1.007176129925721,0.002872325147206664,0.0,0.0,0.0,0.0,0.0,0.0,0.09292576599998993
2024-10-21T12:15:12.518757844Z,AAPL,0.0,0.0,0.9625797136325351,0.0,0.0,0.0,0.0,0.0,0.0,0.0,0.08852514880219728
2024-10-21T12:15:12.518889885Z,AAPL,3.3819488480236735,0.04445774376950369,0.004828585224529213,2.087138012001043,0.3015724851008832,0.42538825118163404,0.015552099533437015,4.733727810650888,0.004484304932735426,0.8255813953488372,1.0435575022946137
2024-10-21T12:15:12.518901713Z,AAPL,-3.3819488480236735,-0.6559258803755175,-0.12020342117429496,-0.0041232862591485415,-1.607932466836393,-0.7676841528057028,-0.9251101321585904,-0.002699784017278618,-4.013445040886971,-0.007992806474173244,-0.9131020435954542
2024-10-21T12:15:12.521642022Z,AAPL,1.6725904244198202,0.0,0.0,0.0,0.0,0.0,0.0,0.0,0.0,0.0,0.0701599239968912
2024-10-21T12:15:12.529592990Z,AAPL,0.0,0.0,-1.0995052226498077,0.0,0.0,0.0,0.0,0.0,0.0,0.0,-0.10111771738524762
2024-10-21T12:15:12.529605412Z,AAPL,0.0,0.5686462664818567,-0.006586530545035403,-2.419451431309139,-0.02592352559948153,-0.7830853563038371,-0.2149767108563239,-0.3430264286271147,-0.018243181610872936,-0.44907123902837315,-0.443069024746357
2024-10-21T12:15:12.575103526Z,AAPL,0.0,0.5612262794205338,6.628918657643972,0.006105938024729049,1.2295331426136709,0.08592910848549946,1.3591573224600746,0.055850321139346557,0.183188309255173,0.04216295983978075,0.9413322334729072
2024-10-21T12:15:12.619373396Z,AAPL,3.6076662908680945,0.036482267513242364,0.005546311702717692,3.6635628148374293,0.25564550489987214,0.5413533834586466,0.013591573224600747,7.446709485246207,0.0033306965319122362,0.89807104458733,1.5043616018068142
2024-10-21T12:15:12.619385902Z,AAPL,0.0,-0.27869709109911167,0.0,0.0,0.0,0.0,0.0,0.0,0.0,0.0,-0.024797899459638714
2024-10-21T12:15:12.655937741Z,AAPL,0.0,0.037538350478253026,0.0,0.0,0.0,0.0,0.0,0.0,0.0,0.0,0.0033400859598830828
2024-10-21T12:15:12.669684284Z,AAPL,0.0,0.30182984342576874,0.0,0.0,0.0,0.0,0.0,0.0,0.0,0.0,0.02685620464021616
2024-10-21T12:15:13.051576352Z,AAPL,0.0,0.0,0.0,-0.20056827678422198,-1.4342058085335245,-1.0096153846153846,-0.830860534124629,-0.003753049352598987,-3.3175748527826157,-0.00852242462980718,-0.6699423639377597
2024-10-21T12:15:13.051605161Z,AAPL,0.0,0.0,0.10431758910460737,7.258430364433692,0.0023768494860062985,4.855769230769231,0.13788348845225784,0.3744967699653591,0.02306095779844723,0.5875283749499266,1.6007303969679805
2024-10-21T12:15:13.945967888Z,AAPL,0.0,-0.34624540142826227,0.0,0.0,0.0,0.0,0.0,0.0,0.0,0.0,-0.03080821051672492
2024-10-21T12:15:13.946489728Z,AAPL,0.0,0.0,0.0,2.7768136063866713,0.2541757443718228,0.611947547353084,0.015533980582524271,6.286342920006287,0.0028748023573379328,2.182377049180328,1.3577950841902906
2024-10-21T12:15:13.946532120Z,AAPL,0.0,0.0,-0.10818391265150756,0.0,0.0,0.0,0.0,0.0,0.0,0.0,-0.009949302722511601
2024-10-21T12:15:14.001009338Z,AAPL,0.0,0.3945162244797317,0.0,0.0,0.0,0.0,0.0,0.0,0.0,0.0,0.03510325002411131
2024-10-21T12:15:14.001022189Z,AAPL,-2.388059701492537,-0.8299616142753398,0.0,0.0,0.0,0.0,0.0,0.0,0.0,0.0,-0.17401991066410785
2024-10-21T12:15:14.207183672Z,AAPL,0.0,0.2176515398846447,0.0,0.0,0.0,0.0,0.0,0.0,0.0,0.0,0.019366190662447744
2024-10-21T12:15:14.207479344Z,AAPL,0.0,-0.23017608470479917,0.0,0.0,0.0,0.0,0.0,0.0,0.0,0.0,-0.02048059914802996
2024-10-21T12:15:14.278377067Z,AAPL,1.1267605633802817,0.0,0.0,0.0,0.0,0.0,0.0,0.0,0.0,0.0,0.04726407274325783
2024-10-21T12:15:14.278559734Z,AAPL,2.2535211267605635,0.07282184655396619,2.559453983150261,0.21745883814849332,0.2381177359916848,0.00590493061706525,22.662889518413596,0.0034401204042141475,0.4900776531492666,0.02185195301830101,2.677429387744303
2024-10-21T12:15:14.278572418Z,AAPL,0.0,-0.5641748942172073,-0.12436153675327559,-1.1367942402425162,-0.43823038397328884,-0.348692403486924,-0.011841326228537596,-3.1571885236197166,-0.0052314935914203504,-2.1450151057401814,-0.9163800405055468
2024-10-21T12:15:14.278970387Z,AAPL,0.0,0.0,0.1254646840148699,0.0,0.0,0.0,0.0,0.0,0.0,0.0,0.011538555887410935
2024-10-21T12:15:14.280591359Z,AAPL,0.0,-0.667779632721202,0.0,0.0,0.0,0.0,0.0,0.0,0.0,0.0,-0.059417671451496595
2024-10-21T12:15:15.248901194Z,AAPL,0.0,0.7707129094412332,0.0,0.0,0.0,0.0,0.0,0.0,0.0,0.0,0.06857646473881784
2024-10-21T12:15:15.248912868Z,AAPL,0.0,-1.5717092337917484,0.0,0.0,0.0,0.0,0.0,0.0,0.0,0.0,-0.13984748604890554
2024-10-21T12:15:17.923034484Z,AAPL,0.0,0.0,0.0,-0.03799338633645254,-3.951267698386566,-0.44275774826059455,-0.8914043155288291,-0.0012631844880944861,-8.965594530987337,-0.015984015984015984,-1.303608823620011
2024-10-21T12:15:24.014190176Z,AAPL,0.0,-0.10635155096011817,-7.947019867549669,-0.0014361110113811798,-3.0750494748059065,-0.041981528127623846,-1.3845621322256838,-0.02022449185964203,-0.40289350792052014,-0.08343763037129746,-1.1989622704985912
2024-10-21T12:15:24.014202142Z,AAPL,0.0,1.5451472718493482,0.22190260941031437,1.685452438638997,0.006097560975609756,2.00695479384004,0.13981125480601186,0.1441285626779087,0.046787273861509666,0.9395686525731368,0.8001036239276631
2024-10-21T12:15:24.014850794Z,AAPL,0.0,0.0,-9.862338196013972,-0.0014333835017558947,-2.8632175761871013,-0.03957653111704759,-1.3684570646595962,-0.02329735186767104,-0.2968560248279584,-0.08944543828264759,-1.3372514219670504
2024-10-21T12:15:24.014897264Z,AAPL,0.0,0.0,0.31385281385281383,1.6493711772386779,0.006105938024729049,1.905300886625165,0.1411930815390046,0.15480475250590192,0.04074149521287431,0.9623797025371829,0.6571382859538764
2024-10-21T12:15:24.015005588Z,AAPL,0.0,0.0,0.0,0.8088433540037746,0.6935270805812417,0.23863636363636365,0.01443522194153735,2.873769667361161,0.006284861340246681,1.7813088020071084,0.7419054085429091
2024-10-21T12:15:24.015059897Z,AAPL,0.0,0.0,-0.32171581769436997,0.0,0.0,0.0,0.0,0.0,0.0,0.0,-0.029587098325538668
2024-10-21T12:15:24.066509814Z,AAPL,-1.0389610389610389,-1.3383521539104977,0.0,0.0,0.0,0.0,0.0,0.0,0.0,0.0,-0.16266500641380943
2024-10-21T12:15:27.519238798Z,AAPL,0.0,-0.09843856076035301,-9.720534629404616,-0.001377268188548015,-3.330585325638912,-0.0399082111144368,-1.429081814933905,-0.02016671148158107,-0.4064289673009422,-0.08173273395995097,-1.387431485610462
2024-10-21T12:15:27.519251700Z,AAPL,0.0,0.6675567423230974,0.23467529840178028,1.652721826257618,0.006595218466611707,2.015364661279058,0.14290818149339052,0.13444474321054048,0.05542213190467394,0.8990600735594606,0.7147334210465637
2024-10-21T12:15:29.175215826Z,AAPL,0.0,0.0,0.0,0.0,0.0,0.0,0.0,0.0,0.0,0.0,0.0
2024-10-21T12:15:29.175215826Z,AAPL,-2.753824756606398,-0.7956223399635195,-9.856768827968581,-0.04692942254812099,-6.257078142695357,-0.48066875653082547,-2.2094205354117245,-0.02313141535347694,-6.5330133911293435,-0.10473488981016801,-2.5285075253245894
2024-10-21T12:15:29.175239385Z,AAPL,0.0,-0.3622532149972831,-1.0206685378923195,-0.6183335909723295,-0.1654657058980518,-2.4968789013732833,-1.3354531001589824,-0.09826093737814864,-0.0030738492276953817,-12.759170653907496,-2.7260065496479995
2024-10-21T12:15:29.175244705Z,AAPL,0.0,-0.14463792939385287,-0.44038313332599366,-0.32953000782633773,-1.9293379959001569,-0.1364887176664832,-6.259780907668232,-0.1774697878813488,-0.19135849343154376,-0.006713662302786171,-0.9293161863468271
2024-10-21T12:15:29.175252395Z,AAPL,0.0,0.0,-0.40584415584415584,0.0,0.0,0.0,0.0,0.0,0.0,0.0,-0.03732409251699785
2024-10-21T12:15:29.175261243Z,AAPL,0.0,0.0,0.0,0.0,0.0,0.0,0.0,0.0,0.0,0.0,0.0
2024-10-21T12:15:29.175261243Z,AAPL,0.9773944858225533,0.0,0.0,0.0,0.0,0.0,0.0,0.0,0.0,0.0,0.04099863411813891
2024-10-21T12:15:29.175265540Z,AAPL,0.0,-0.16545118101665396,0.0,0.0,0.0,0.0,0.0,0.0,0.0,0.0,-0.01472150906257718
2024-10-21T12:15:29.175269965Z,AAPL,0.0,0.0,0.0,0.0,0.0,0.0,0.0,0.0,0.0,0.0,0.0
2024-10-21T12:15:29.175269965Z,AAPL,0.4147339699863574,0.9388569416735125,0.4793576607346156,1.040447392378723,0.09717868338557993,3.66188587122368,0.7672634271099744,0.18337942075389316,0.002891844997108155,12.706480304955527,2.8919469720893294
2024-10-21T12:15:29.175287761Z,AAPL,0.0,0.4968944099378882,0.0,0.0,0.0,0.0,0.0,0.0,0.0,0.0,0.044212652421672625
2024-10-21T12:15:29.175293157Z,AAPL,0.21609326130224624,0.0,0.0,0.0,0.0,0.0,0.0,0.0,0.0,0.0,0.009064434764096505
2024-10-21T12:15:29.175298862Z,AAPL,0.0,1.1140509678317783,0.8067769261799113,0.09031318281136198,1.9002375296912113,0.6408300274641441,0.43917741373300806,0.0029205607476635517,7.980845969672785,0.007927070947284977,1.200023028389519
2024-10-21T12:15:29.175307953Z,AAPL,0.0,-0.23573200992555832,-0.39938095951275526,-1.134510387860739,-0.10281071221291768,-3.404738260746205,-0.726643598615917,-0.1831661578717837,-0.004984423676012461,-6.6170388751033915,-1.8083493990449582
2024-10-21T12:15:29.175318339Z,AAPL,0.0,0.0,0.7407064487755197,0.09606445615122405,1.910067648229208,0.6408300274641441,0.4293015332197615,0.002925473561032692,9.852216748768473,0.006672226855713094,1.2635053076486282
2024-10-21T12:15:29.175376083Z,AAPL,0.245003223726628,1.5524936929943725,0.05272727272727273,3.8901045465596886,0.0030627871362940277,3.062462098241358,0.06743088334457181,0.342641768031523,0.0593002569677802,0.3735461414381526,1.0981875760239301
2024-10-21T12:15:29.175388906Z,AAPL,0.0,0.34319259426507115,0.354924578527063,0.10944428719690535,3.2533550223668155,0.006521030322791001,3.1129603945137925,0.041731872717788214,0.3278419801655602,0.05229669659199861,0.7052583855168479
2024-10-21T12:15:29.246390784Z,AAPL,0.0,0.0,-0.050635121567942726,-4.785643070787637,-0.002623122827726408,-3.2707253886010363,-0.06105938024729049,-0.5272871078302135,-0.04225649693640397,-0.3906943704492985,-1.0909284171766176
2024-10-21T12:15:29.246423576Z,AAPL,0.0,0.0,0.0,1.6227180527383367,2.9198856378125186,0.006442261233693026,2.878312909660872,0.07165890361877462,0.24711187990362635,0.054269175108538355,0.7438025168356576
2024-10-21T12:15:29.246816914Z,AAPL,0.0,0.0,-0.7003107629010374,-5.166289958023894,-0.0023621117278847287,-3.2314829627259636,-0.05649717514124294,-1.116382919341334,-0.03299422601044817,-0.4057169202397418,-1.2431657293707203
2024-10-21T12:15:29.246910849Z,AAPL,0.0,0.0,0.0,0.14834437086092717,2.576766158471119,0.006909656244601831,2.6450176770983367,0.2677376171352075,0.19735543714229328,0.05693139766581269,0.5527229742852554
2024-10-21T12:15:29.283764753Z,AAPL,0.0,6.366892160764027,0.055312695155678465,2.9462312791554135,0.22307202039515617,0.43917741373300806,0.005012531328320802,22.93577981651376,0.004381161007667032,0.7921896792189679,3.3186436221183966
2024-10-21T12:15:29.283775550Z,AAPL,0.0,-5.025125628140704,-0.053138492195283965,-5.028810895756941,-0.0021741493640613113,-3.5463483146067416,-0.05137426149499101,-0.7259528130671506,-0.03302873499944952,-0.48522276135862374,-1.6352466687484146
2024-10-21T12:15:29.283823523Z,AAPL,0.0,-4.084758743936686,-0.7918831972284088,-0.11725768321513003,-1.3264065436056152,-0.6703910614525139,-0.35200446989803047,-0.0072846476051721,-3.9984006397441023,-0.008725051804995092,-1.054269034387454
2024-10-21T12:15:29.425332139Z,AAPL,3.9555006180469716,3.4408602150537635,0.0657336726039016,1.9714144898965007,0.24284475281873374,0.3710247349823321,0.0061823802163833074,10.708071208673537,0.004029820672980053,0.8986393840312203,1.9426417540350644
2024-10-21T12:15:29.425342648Z,AAPL,-3.67816091954023,-0.2235082817800838,-2.5675314255148436,-0.0031811674884682675,-1.188235294117647,-0.05861664712778429,-0.6813149378300118,-0.06406149903907751,-0.22232327825779397,-0.04126689363458166,-0.6212407795446755
2024-10-21T12:15:29.496494580Z,AAPL,-1.7233950883239983,0.0,0.0,0.0,0.0,0.0,0.0,0.0,0.0,0.0,-0.07229102035267784
2024-10-21T12:15:38.712816410Z,AAPL,1.6899028305872412,0.0,0.0,0.0,0.0,0.0,0.0,0.0,0.0,0.0,0.0708861251535975
2024-10-21T12:15:38.816614723Z,AAPL,-1.5917230401910067,0.0,0.0,0.0,0.0,0.0,0.0,0.0,0.0,0.0,-0.06676779078335268
2024-10-21T12:15:39.207080252Z,AAPL,-0.17699115044247787,-2.573588547530963,-0.8701326952360235,-0.09250279746363298,-1.4385039558858785,-0.6536964980544747,-0.625,-0.002668623657348722,-3.7025038182070626,-0.009602688752850797,-0.9392444587981067
2024-10-21T12:15:39.207103673Z,AAPL,-0.2359882005899705,-6.243496357960458,-0.002300304790384726,-1.4918759231905465,-0.023869196801527628,-0.6644518272425249,-0.15364916773367476,-0.2929037411796032,-0.017016931847187954,-0.6839732628633608,-0.9712490702817278
2024-10-21T12:15:39.207167970Z,AAPL,0.0,0.8929568032146445,0.0,0.0,0.0,0.0,0.0,0.0,0.0,0.0,0.07945347739579521
2024-10-21T12:15:39.207241805Z,AAPL,0.0,1.5488867376573088,0.08365942517878829,1.627339300244101,0.2651180406514329,0.44499381953028433,0.01101624896722666,4.664995043442766,0.0034324451881409023,1.7581510524143622,1.1352969770807257
2024-10-21T12:15:39.207535631Z,AAPL,3.508771929824561,0.10788237341221506,1.7114740069885188,0.28080497425954404,0.16385980883022302,0.007760962359332557,14.703179562580408,0.004655764418320433,0.3638071651223366,0.027137042062415195,1.8553297451158464
2024-10-21T12:15:39.274707573Z,AAPL,-8.105369807497466,-0.0034907059952875466,-1.4931992903607334,-0.026595744680851064,-0.27706587241116576,-0.11869436201780416,-0.5955603681645912,-0.023284242388963268,-0.20340236686390534,-1.3166556945358787,-0.8095955802735587
2024-10-21T12:15:39.274794258Z,AAPL,0.0,0.09929078014184398,0.00291970802919708,1.4009293293570981,0.028758357897764035,0.8798944126704795,0.06430868167202572,0.2559627690517743,0.020161290322580645,1.4483212639894667,0.5453352653037923
2024-10-21T12:15:39.314122970Z,AAPL,1.0037641154328734,3.860072376357057,0.08158508158508158,0.00276529554096094,1.593436933028319,0.08986744551786115,0.3682563063892469,0.034891835310537335,0.2435918728893318,0.13188262446422683,0.6255258068848027
2024-10-21T12:15:39.314137186Z,AAPL,-1.8836825994819872,-1.1462139121713588,-0.09282826770474623,-1.734730755330683,-0.33107362446791744,-0.6438426162493613,-0.0036730945821854912,-4.1862899005756145,-0.0049504950495049506,-2.7099236641221376,-1.3282342680634716
2024-10-21T12:15:40.360537773Z,AAPL,1.7742293191394989,0.08204313881169775,1.7703031644169063,0.31088082901554404,0.22001047668936613,0.010473946059177796,6.440186765416197,0.004184975936388366,0.5923659876242787,0.02548582351067219,0.9942013014031543
2024-10-21T12:15:40.360548894Z,AAPL,0.0,-0.9616540449573266,-0.09675405742821473,-1.8633540372670807,-0.36639623135304894,-0.7678244972577697,-0.00321285140562249,-3.8040893961008084,-0.00641025641025641,-2.6215384615384614,-1.2160549893704922
2024-10-21T12:15:40.361097351Z,AAPL,0.0,0.0,0.099626400996264,0.0,0.0,0.0,0.0,0.0,0.0,0.0,0.009162297779515088
2024-10-21T12:15:40.361146693Z,AAPL,0.0,0.0,0.0,-0.08423022929340196,-2.382606969125385,-1.2727272727272727,-0.21649484536082475,-0.0019011406844106464,-6.4,-0.024691358024691357,-0.9953142638526428
2024-10-21T12:15:43.400846263Z,AAPL,-3.96235760277365,-0.05909666525960321,-0.003452442603141723,-1.7483122728059546,-0.03781790677885979,-1.361933946203609,-0.05125138805842658,-0.23095900477665215,-0.027599530807976266,-1.452624628590294,-0.8110367277151442
2024-10-21T12:15:43.400859035Z,AAPL,0.6330115524608324,2.430133657351154,0.10011620631089657,0.0038643609313109848,1.8229401678548869,0.1638001638001638,0.33906925489531237,0.03163555836760519,0.3016177680285166,0.13656538067599863,0.5174839654338345
2024-10-21T12:15:43.425405296Z,AAPL,0.0,0.0,0.0,2.622377622377622,0.36253776435045315,1.2942989214175655,0.0033650206107512406,4.237063714845612,0.005448477831505824,3.0116648992576884,1.3790380285518478
2024-10-21T12:15:43.425456541Z,AAPL,0.0,0.0,0.0,-0.12124038237351364,-1.9867549668874172,-2.1116138763197587,-0.21089630931458697,-0.002369387513327805,-4.795875547029555,-0.030557677616501144,-0.9403699103244125
2024-10-21T12:15:43.454335483Z,AAPL,0.0,-0.6988120195667366,0.0,0.0,0.0,0.0,0.0,0.0,0.0,0.0,-0.062178870019997314
2024-10-21T12:15:43.462325554Z,AAPL,-1.2121212121212122,0.0016899742278930247,0.13727560718057022,2.9985007496251876,0.33399602385685884,1.240768094534712,0.00333028057613854,5.37526036417389,0.004282884522726056,3.53967594515995,1.5645426206269408
2024-10-21T12:15:43.490467184Z,AAPL,0.0,0.0,0.0,0.14936519790888722,0.0,0.0,0.0,0.0,0.0,0.0,0.015560824324791753
2024-10-21T12:15:43.546099003Z,AAPL,0.0,0.0,-0.25535420098846784,-2.2180740090040625,-0.03452740612861459,-1.924001924001924,-0.05057316250842886,-0.25917417682747246,-0.024123997346360292,-1.6188373804267844,-0.8199234697071176
2024-10-21T12:15:43.594813115Z,AAPL,-0.5431830526887561,-0.6345429307951617,-0.008914642299977713,-0.11426060206548011,-2.071644367716875,-2.0202020202020203,-0.2124072825354012,-0.0023561288802497497,-4.824799469272059,-0.029433406916850625,-1.0165826214358828
2024-10-21T12:15:43.981284269Z,AAPL,0.0,0.0,0.0,-0.12309044949994505,-0.09445100354191265,-9.324009324009324,-0.352763312615488,-0.14789600328657784,-0.00274310794129749,-16.963528413910094,-4.0857699708873945
2024-10-21T12:15:43.981579878Z,AAPL,0.0,0.0,0.0,0.0,2.0858682426560056,1.6055045871559632,0.21056149732620322,0.0026595744680851063,4.8250904704463204,0.017758046614872364,0.8649830877657518
2024-10-21T12:15:46.504444030Z,AAPL,-2.926829268292683,-0.050375787121673773,-5.021128511061397,-0.0502828409805154,-0.32967938679634057,-0.22770398481973433,-0.4345249851866482,-0.026775553919271704,-0.23826284724102453,-0.8898776418242491,-0.8632281059690323
2024-10-21T12:15:46.504456348Z,AAPL,0.5263157894736842,1.833250582438987,0.42033898305084744,2.4125164218320796,0.03179650238473768,1.41643059490085,0.07412898443291327,0.29259210001329966,0.019847176739108862,0.97669256381798,0.8715782634498073
2024-10-21T12:15:46.504469490Z,AAPL,-0.5633802816901409,0.0,0.0,0.0,0.0,0.0,0.0,0.0,0.0,0.0,-0.023632036371628914
2024-10-21T12:15:46.593690522Z,AAPL,0.0,0.0,0.0,-0.13753581661891118,-0.08898069436720425,-6.635333149018524,-1.0055063442662198,-0.16586585927729877,-0.0018493689028618982,-12.115704982583676,-3.002380115135347
2024-10-21T12:15:46.594059334Z,AAPL,0.0,0.0,0.0,0.0,1.9067291650115197,1.1202987463323553,0.6066441983630236,0.003010008277522763,3.400348535724912,0.012322858903265557,0.6910006422252012
2024-10-21T12:15:50.469736889Z,AAPL,0.5714285714285714,0.0,0.0,0.0,0.0,0.0,0.0,0.0,0.0,0.0,0.02396963689122361
2024-10-21T12:15:55.593458354Z,AAPL,0.0,0.0,-1.085972850678733,0.0,0.0,0.0,0.0,0.0,0.0,0.0,-0.09987319163281379
2024-10-21T12:15:55.593967834Z,AAPL,0.0,0.04250485508042945,21.080368906455863,0.00473260766682442,1.5391648887534288,0.09715812484819043,1.842468908337172,0.06329113924050633,0.1511508072827207,0.06379585326953748,2.3014663413974517
2024-10-21T12:15:55.643523614Z,AAPL,0.5970149253731343,0.0,0.0,0.0,0.0,0.0,0.0,0.0,0.0,0.0,0.025042904214711233
2024-10-21T12:16:00.253343668Z,AAPL,-0.6557377049180327,0.0,0.0,0.0,0.0,0.0,0.0,0.0,0.0,0.0,-0.027506140694846765
2024-10-21T12:16:02.523121028Z,AAPL,-0.09806407980387183,-1.837601929482026,-0.008656135035706556,-2.3874246542961823,-0.030478512648582746,-0.9715812484819043,-0.2763703362505758,-0.4641350210970464,-0.013740982480247337,-0.7017543859649122,-0.7428552847437894
2024-10-21T12:16:02.523132984Z,AAPL,0.6879353340785965,0.04649298597194389,8.285862247540136,0.00506906602458497,1.483221969307585,0.09617696561673479,1.7913121361397222,0.08020318139286191,0.14144271570014144,0.06601749463607856,1.1451579000780154
2024-10-21T12:16:02.592915859Z,AAPL,0.0,0.0,-0.15446224256292906,0.0,0.0,0.0,0.0,0.0,0.0,0.0,-0.014205361710359457
2024-10-21T12:16:02.697358278Z,AAPL,0.0,0.0,0.0,2.8338646829613885,0.32002438281011886,0.6120961865435998,0.01842468908337172,8.438818565400844,0.0027481964960494676,1.3588516746411483,1.44848734199648
2024-10-21T12:16:04.305690771Z,AAPL,0.752657822937247,0.0,0.0,0.0,0.0,0.0,0.0,0.0,0.0,0.0,0.0315716357585032
2024-10-21T12:16:08.452195034Z,AAPL,-0.11767092716575371,-2.1587587137395996,-0.004282655246252677,-2.2587498602258753,-0.031673133264708206,-0.9507962918944617,-0.28763183125599234,-0.4595300261096606,-0.013788348845225784,-0.6907378335949764,-0.7545236971646114
2024-10-21T12:16:08.452206841Z,AAPL,0.8641175199827177,0.054046498625541624,4.566644467700504,0.004739898092191018,1.5391648887534288,0.09715812484819043,1.842468908337172,0.06329113924050633,0.1511508072827207,0.06379585326953748,0.8200305785728449
2024-10-21T12:16:09.449805017Z,AAPL,0.0,-2.2364068396775845,-0.0038066235249333844,-2.2412071452346614,-0.031673133264708206,-0.9815950920245399,-0.2844950213371266,-0.38330865057931873,-0.01475361463558572,-0.6789075759913593,-0.7494783843869823
2024-10-21T12:16:09.449860480Z,AAPL,0.0,0.0,0.1139168407062844,0.0044048012333443454,1.529955313186397,0.11600928074245939,1.9138755980861244,0.04504166353877337,0.1616874288024106,0.087070091423596,0.3812761869253933
2024-10-21T12:16:09.753811454Z,AAPL,-4.679274712419575,-0.05913369142068694,-0.003798309752160289,-2.0926136952242826,-0.03147623544224111,-1.1743981209630063,-0.29585798816568043,-0.28720626631853785,-0.01586357326987904,-0.9157127991675338,-0.793350721312932
2024-10-21T12:16:09.753823460Z,AAPL,0.8641175199827177,2.236511042773274,0.11901219875037192,0.003915426781519186,1.6008876208590903,0.11908306043465318,2.044989775051125,0.03463403371045948,0.1895163027092217,0.08120178643930166,0.6370322764703928
2024-10-21T12:16:09.794081348Z,AAPL,-0.8641175199827177,0.0,0.0,0.0,0.0,0.0,0.0,0.0,0.0,0.0,-0.03624702057432821
2024-10-21T12:16:09.813020869Z,AAPL,0.8831971737690439,0.0,0.0,0.0,0.0,0.0,0.0,0.0,0.0,0.0,0.03704735222754808
2024-10-21T12:16:10.366504475Z,AAPL,-0.9031384059607135,0.0,0.0,0.0,0.0,0.0,0.0,0.0,0.0,0.0,-0.037883824393444405
2024-10-21T12:16:10.387079865Z,AAPL,0.0,0.0,0.1062992125984252,0.0,0.0,0.0,0.0,0.0,0.0,0.0,0.009775973334530839
2024-10-21T12:16:10.387136109Z,AAPL,0.0,0.0,-0.11387061941690389,-0.004019696512913275,-1.7537449762513702,-1.8699910952804988,-1.205164992826399,-0.0016140096033571399,-4.513653802753328,-0.02444987775061125,-0.9565872920281866
2024-10-21T12:16:12.011021598Z,AAPL,1.806276811921427,0.05499976293205633,0.003915426781519186,2.395926924228811,0.3069053708439898,1.1920529801324502,0.01892147587511826,2.997714242889797,0.005054972829521042,2.5184747265740466,1.2198283970276154
2024-10-21T12:16:12.011034600Z,AAPL,-0.9031384059607135,-0.7187135028299345,-0.1278377782675777,-0.004004805766920304,-1.7537449762513702,-1.9867549668874172,-1.1920529801324502,-0.0014988571214448983,-5.054972829521041,-0.02364765001477978,-1.1235578417341237
2024-10-21T12:16:12.100581387Z,AAPL,-0.9031384059607135,0.0,0.0,0.0,0.0,0.0,0.0,0.0,0.0,0.0,-0.037883824393444405
2024-10-21T12:16:13.573710917Z,AAPL,-0.9031384059607135,0.0,0.0,0.0,0.0,0.0,0.0,0.0,0.0,0.0,-0.037883824393444405
2024-10-21T12:16:14.439151195Z,AAPL,1.7336656192436883,0.04786860892171831,0.00586596275113653,2.4009603841536613,0.3069053708439898,1.2714429868819375,0.018717828731867104,2.7980833129306424,0.005743825387708214,2.438465941614196,1.1960414868464395
2024-10-21T12:16:14.439163159Z,AAPL,-0.8668328096218442,-0.629822075263738,-0.2043332746168751,-0.004013243704223938,-1.7537449762513702,-2.1190716448032294,-1.1792232101076277,-0.0013990416564653213,-5.743825387708214,-0.02289639381797367,-1.2005388913964357
2024-10-21T12:16:14.647213365Z,AAPL,-0.8668328096218442,0.0,0.0,0.0,0.0,0.0,0.0,0.0,0.0,0.0,-0.03636091846106085
2024-10-21T12:16:20.281774908Z,AAPL,-4.692540815328967,-0.04515352197471403,-0.012084592145015106,-2.0522198516712384,-0.029229082937522834,-1.8921475875118259,-0.28382213812677387,-0.16487428335893883,-0.025274864147605207,-1.300620750812888,-0.9397360255803359
2024-10-21T12:16:20.281786576Z,AAPL,0.7820901358881611,1.7299167477565143,0.560485754320411,0.004327131112072696,1.4245416078984485,0.1855287569573284,1.8382352941176472,0.02430330524951393,0.24685816876122083,0.12610340479192939,0.6142325276003651
2024-10-21T12:16:20.339168043Z,AAPL,0.7692307692307693,0.0,0.0,0.0,0.0,0.0,0.0,0.0,0.0,0.0,0.032266818892031784
2024-10-21T12:16:20.352089791Z,AAPL,0.7547169811320755,0.0,0.0,0.0,0.0,0.0,0.0,0.0,0.0,0.0,0.03165801098840854
2024-10-21T12:16:20.353055730Z,AAPL,-0.7547169811320755,0.0,0.0,0.0,0.0,0.0,0.0,0.0,0.0,0.0,-0.03165801098840854
2024-10-21T12:16:20.448469192Z,AAPL,-0.7547169811320755,0.0,0.0,0.0,0.0,0.0,0.0,0.0,0.0,0.0,-0.03165801098840854
2024-10-21T12:16:34.456311187Z,AAPL,0.0,0.0,0.03864734299516908,4.497751124437781,0.23802776990648908,1.2268743914313534,0.014930944382232178,4.875967574815627,0.003063256241384592,4.201183431952662,1.809568931601967
2024-10-21T12:16:34.456367935Z,AAPL,0.0,0.0,-1.1571841851494695,-0.008444162972345367,-1.3230429988974641,-2.00381679389313,-0.919372491791317,-0.00277623542476402,-2.845557373550544,-0.04402861860209136,-0.8597971932822144
2024-10-21T12:16:35.928124957Z,AAPL,0.0,0.0,-0.039603960396039604,-4.3515725980180955,-0.022050716648291068,-1.7953321364452424,-0.22075055187637968,-0.35188739603326935,-0.013328002132480341,-2.5791324736225087,-1.1803214738416636
2024-10-21T12:16:35.928176126Z,AAPL,0.0,0.0,1.108910891089109,0.009893643334157803,1.0839817547625437,0.1762114537444934,1.4388489208633093,0.05711565920990005,0.13745704467353953,0.26755852842809363,0.4241505520244997
2024-10-21T12:16:36.290091431Z,AAPL,0.0,-0.1342822613132805,-11.594202898550725,-0.3455226029369421,-0.0021585451405752524,-8.550053437833986,-1.4563106796116505,-0.29411764705882354,-0.0012496485363491518,-24.375380865326022,-6.369025918723995
2024-10-21T12:16:37.672726079Z,AAPL,0.0,0.0,-0.022857142857142857,-5.92896976812445,-0.02230649118893598,-1.1648223645894002,-0.20668274199104375,-0.6541778174249182,-0.012536041118214866,-0.8512284774617915,-1.0074171959743576
2024-10-21T12:16:37.672903531Z,AAPL,0.0,0.0,0.509915014164306,0.011641443538998835,1.1654070270582126,0.10180707559175363,1.3582342954159592,0.0883912787271656,0.14711290915777858,0.05581135761127389,0.3279783844521314
2024-10-21T12:16:41.310907658Z,AAPL,-4.615384615384615,-0.038453321939756466,-0.01607717041800643,-5.994065281899109,-0.02390343014222541,-0.8779631255487269,-0.20242914979757087,-0.8896077638495754,-0.013419216317767041,-0.48597305058537665,-1.1346266383694315
2024-10-21T12:16:41.310921026Z,AAPL,0.0,0.29866348092287015,0.37815126050420167,0.011768167107972934,1.2519367833901456,0.07919223916056226,1.330671989354624,0.11980830670926518,0.15822215829407746,0.03619254433586681,0.34486560523969406
2024-10-21T12:16:42.498007357Z,AAPL,0.0,0.0,0.0,0.0,0.0,-0.7927070947284978,-6.7739204064352245,-0.8215962441314554,-0.09740259740259741,-0.0036195819382861282,-0.8741188633456874
2024-10-21T12:16:44.366509790Z,AAPL,0.6451612903225806,1.9058206940363696,0.0,0.0,0.0,0.0,0.0,0.0,0.0,0.0,0.19663853646024979
2024-10-21T12:16:44.533794596Z,AAPL,-0.0599101347978033,-0.3154947351816067,-1.0845986984815619,-4.912496162112373,-0.08074283407347597,-0.008033741715203857,-0.9571667863125151,-6.289308176100628,-0.17472335468841,-0.23119266055045873,-1.4096395530045505
2024-10-21T12:16:44.802532155Z,AAPL,0.0,0.0,0.0,0.0,0.0028044590899530255,0.8041817450743869,5.089058524173028,1.0714285714285714,0.11402198995520565,0.0036700614735296812,0.7345877765131117
2024-10-21T12:16:44.802578420Z,AAPL,0.0,0.0,0.0,-0.2933188484519283,-1.1377373248951148,-0.008213552361396304,-0.8415737428992215,-5.310909493250719,-0.20785905176680194,-0.22992700729927007,-0.7848274449547871
2024-10-21T12:16:47.612239006Z,AAPL,0.0,-0.30619665480154634,0.0,0.0,0.0,0.0,0.0,0.0,0.0,0.0,-0.027244754621232034
2024-10-21T12:16:47.666876898Z,AAPL,0.0,0.3085586454275466,0.0,0.0,0.0,0.0,0.0,0.0,0.0,0.0,0.02745491973575536
2024-10-21T12:16:47.666890051Z,AAPL,0.0,-0.31095735997201385,0.0,0.0,0.0,0.0,0.0,0.0,0.0,0.0,-0.02766835246973721
2024-10-21T12:16:47.926797838Z,AAPL,-4.475107216110386,-0.044345898004434586,-0.009758477677482313,-5.335446381405177,-0.030159089195506295,-0.898069151324652,-0.1224239951030402,-0.6362979031091829,-0.031680658957706324,-0.3927168868261335,-1.0177166036687202
2024-10-21T12:16:47.926810269Z,AAPL,0.0,0.3451102195763772,0.0,0.0,0.0,0.0,0.0,0.0,0.0,0.0,0.030707204347911188
2024-10-21T12:16:48.065603630Z,AAPL,0.0,0.0,0.0,3.065721402567542,0.0034861425832316537,0.8839779005524862,4.524033930254477,0.5379098360655739,0.2932278333721201,0.003489183531053733,0.9734622032842811
2024-10-21T12:16:48.065661214Z,AAPL,0.0,0.0,-0.2773792443806791,-0.7658433850277618,-1.419194607060493,-0.008785416209092905,-0.7520210565895845,-3.690604336460096,-0.4885425148307549,-0.22078149640792008,-0.7410159552180235
2024-10-21T12:16:48.122967378Z,AAPL,0.0,-0.40687620791374224,0.0,0.0,0.0,0.0,0.0,0.0,0.0,0.0,-0.03620301617276621
2024-10-21T12:16:48.228366485Z,AAPL,0.0,-0.4280592862111402,0.0,0.0,0.0,0.0,0.0,0.0,0.0,0.0,-0.038087843329708874
2024-10-21T12:16:48.283159712Z,AAPL,0.0,0.4567252797442339,0.0,0.0,0.0,0.0,0.0,0.0,0.0,0.0,0.040638485041615054
2024-10-21T12:16:48.283173265Z,AAPL,0.0,-0.48068256924833264,0.0,0.0,0.0,0.0,0.0,0.0,0.0,0.0,-0.04277015586065789
2024-10-21T12:16:49.563776410Z,AAPL,0.4584001833600733,0.07436374126546573,1.167883211678832,2.141327623126338,0.004171881518564873,1.1723329425556859,4.236540158870256,0.4583151462243562,0.9071274298056156,0.0050244944102499686,1.070619294481417
2024-10-21T12:16:49.564755651Z,AAPL,0.0,-0.557297109021247,0.0,0.0,0.0,0.0,0.0,0.0,0.0,0.0,-0.049587161545728266
2024-10-21T12:16:49.635124163Z,AAPL,0.0634538591980745,0.2786485545106235,5.162955792191029,0.004809426475892749,0.4351610095735422,7.994670219853432,0.691358024691358,0.27093860875174713,0.014598540145985401,13.196964698119432,3.86523510472138
2024-10-21T12:16:49.635136826Z,AAPL,-0.8657540176397381,-0.08220537169584013,-1.4424810674359898,-1.7408334240017407,-0.004599287110497873,-1.5432098765432098,-3.700848111025443,-0.44500953591862685,-0.9326424870466322,-0.009608455440787892,-1.0731840672053896
2024-10-21T12:16:49.635541646Z,AAPL,0.0,0.2869852202611566,5.824535857298872,0.004138216428719222,0.4818696542585231,7.54242614707731,0.7112616426756986,0.26551469813507533,0.015748031496062992,12.775471095496645,3.7985662870445864
2024-10-21T12:16:49.635636984Z,AAPL,0.0,0.0,-0.49361702127659574,-1.5180265654648957,-0.005124263387138099,-1.2224938875305624,-4.123711340206185,-0.4381389526392656,-1.0327868852459017,-0.006287331027978622,-0.9233795280699019
2024-10-21T12:16:49.669495875Z,AAPL,0.0,0.6842285323297981,0.0,0.0,0.0,0.0,0.0,0.0,0.0,0.0,0.06088126103223821
2024-10-21T12:16:49.706243840Z,AAPL,0.35642682111828916,0.0,0.0,0.0,0.0,0.0,0.0,0.0,0.0,0.0,0.01495098759087238
2024-10-21T12:16:49.706441749Z,AAPL,0.1700174267862456,0.12242744063324539,6.584362139917696,0.003326126725428239,0.6675567423230974,5.660377358490566,0.6919275123558485,0.28510012444846705,0.020060180541624874,9.370973409862948,3.069786724215488
2024-10-21T12:16:49.706453582Z,AAPL,-0.32376866728722326,-0.48768593026091195,-0.4972138876982426,-1.2400217003797567,-0.007846214201647704,-0.9031384059607135,-3.700848111025443,-0.4976892996800569,-1.3606911447084233,-0.004664723032069971,-0.8997009142762806
2024-10-21T12:16:49.707051448Z,AAPL,0.0,0.0,6.137322593018796,0.0029893132052910844,0.9295840111550081,4.6893317702227435,0.6557377049180327,0.31511816931349257,0.024271844660194174,7.538635506973238,2.6042060517222616
2024-10-21T12:16:49.709446277Z,AAPL,-0.293330400029333,0.0,0.0,0.0,0.0,0.0,0.0,0.0,0.0,0.0,-0.012304290561255841
2024-10-21T12:16:50.277262708Z,AAPL,0.0,-0.1762114537444934,0.0,0.0,0.0,0.0,0.0,0.0,0.0,0.0,-0.015678936211209898
2024-10-21T12:16:50.277350058Z,AAPL,0.0,0.0,0.0,-0.07806852681798467,0.0,0.0,0.0,0.0,0.0,0.0,-0.008133157175281137
2024-10-21T12:16:50.277381197Z,AAPL,0.0,0.18940722553490003,2.0100502512562812,0.003086896125945362,5.768132495716734,0.05394470667565745,0.6751054852320675,0.09457755359394704,3.4536891679748822,0.021713169037020953,1.0947194145972903
2024-10-21T12:16:50.981459165Z,AAPL,0.27585255680838594,0.0,-0.009193288899103653,-1.5675927363029645,-0.12492192379762648,-0.4991265285749938,-0.10118043844856661,-0.7577062166350955,-0.3418803418803419,-0.2161206346087725,-0.38299223761384243
2024-10-21T12:16:51.768772781Z,AAPL,0.19912441745516168,8.64864864864865,0.22746419545071608,0.003249390739236393,5.946423314689432,0.04693183151472487,0.6644518272425249,0.11594202898550725,3.7735849056603774,0.018021265092809515,1.7353538189694215
2024-10-21T12:16:54.799759269Z,AAPL,0.0,0.0,0.0,0.0,0.0,0.0,0.0,0.0,0.0,0.0,0.0
2024-10-21T12:16:54.862528040Z,AAPL,0.0,0.0,0.0,0.09702632288204116,0.0,0.0,0.0,0.0,0.0,0.0,0.010108175039335124
2024-10-21T12:16:54.862652964Z,AAPL,0.0,0.0,0.0,-0.11366865586814436,-0.010301313417460725,-0.418848167539267,-3.5372144436256447,-1.2646793134598011,-2.072368421052632,-0.0015559358954411078,-0.7330751773388332
2024-10-21T12:17:02.456505763Z,AAPL,0.3170325750970912,0.0,0.0,0.0,0.0,0.0,0.0,0.0,0.0,0.0,0.013298522488592
2024-10-21T12:17:02.456518211Z,AAPL,-0.6564102564102564,0.0,0.0,0.0,0.0,0.0,0.0,0.0,0.0,0.0,-0.027534352121200457
2024-10-21T12:17:02.692703742Z,AAPL,0.0,0.5816066884769174,0.0,0.0,0.0,0.0,0.0,0.0,0.0,0.0,0.051750178407046835
2024-10-21T12:17:02.695735412Z,AAPL,0.0,0.07811369882829453,7.51526538280883,0.1442693026983703,0.0076045627376425855,2.1992378878606424,0.05312084993359894,1.303780964797914,0.3790271636133923,0.18796189499765048,1.2220772698347246
2024-10-21T12:17:02.695762734Z,AAPL,0.0,0.0,0.0,-0.005705320211096847,-3.571428571428571,-0.04653868528214078,-0.4932182490752158,-0.19900497512437812,-2.5214899713467047,-0.018770530267480056,-0.6116357769494938
2024-10-21T12:17:02.743941560Z,AAPL,0.0,0.0,-0.6731173748422381,0.0,0.0,0.0,0.0,0.0,0.0,0.0,-0.061904292107283265
2024-10-21T12:17:02.743954174Z,AAPL,0.0,0.57975215595333,0.08793356130923302,7.428040854224697,0.0065125366330185605,2.2671156004489337,0.04884004884004884,1.3745704467353952,0.32432432432432434,0.20744931636020744,1.356642425205963
2024-10-21T12:17:04.308725875Z,AAPL,0.0,0.0,0.0,0.0059189109203906486,0.6418485237483953,2.445236882322975,0.5461638491547465,0.8817354793561931,0.022308979364194088,3.4469386875780947,1.0917117288113443
2024-10-21T12:17:04.308776780Z,AAPL,0.0,0.0,0.0,-0.13907461888205402,-0.006531678641410843,-0.411522633744856,-2.93398533007335,-1.453287197231834,-1.3548387096774193,-0.001885902876001886,-0.6283205161156079
2024-10-21T12:17:06.048294911Z,AAPL,0.0,-0.07931844888366628,-3.362521891418564,-0.006060606060606061,-3.051820516694365,-0.04153686396677051,-0.4839685420447671,-0.2146690518783542,-2.2448979591836733,-0.018948365703458078,-0.8584512251329294
2024-10-21T12:17:06.048308319Z,AAPL,0.0,0.5887114577967474,0.07551919446192575,6.557377049180328,0.006143449546920596,2.118510749868904,0.045688178183894916,1.4149274849663955,0.2960039467192896,0.2302338967087018,1.2491457950668319
2024-10-21T12:17:07.403868087Z,AAPL,0.0,0.5813108559802355,0.0,0.0,0.0,0.0,0.0,0.0,0.0,0.0,0.05172385583410328
2024-10-21T12:17:07.458672320Z,AAPL,0.0,-0.5813108559802355,0.0,0.0,0.0,0.0,0.0,0.0,0.0,0.0,-0.05172385583410328
2024-10-21T12:17:07.458684918Z,AAPL,0.0,0.5813108559802355,0.0,0.0,0.0,0.0,0.0,0.0,0.0,0.0,0.05172385583410328
2024-10-21T12:17:10.980069944Z,AAPL,0.0,-0.07847696555733177,-3.1211392158137716,-0.004232356364405883,-3.318002628120894,-0.045714285714285714,-0.373134328358209,-0.20236087689713322,-1.9213973799126638,-0.03598740440845704,-0.8207928736270436
2024-10-21T12:17:10.980083268Z,AAPL,0.0,0.5740940078937926,0.07010710808179163,4.73186119873817,0.006688963210702341,2.3339110340843443,0.03568242640499554,1.3346680013346681,0.25456088247772596,0.4826678367705134,1.1153102719249164
2024-10-21T12:17:16.046891679Z,AAPL,0.0,0.6184770003865481,0.0,0.0,0.0,0.0,0.0,0.0,0.0,0.0,0.055030823655889384
2024-10-21T12:17:16.101320234Z,AAPL,0.0,-0.6817213463996591,0.0,0.0,0.0,0.0,0.0,0.0,0.0,0.0,-0.06065817673531566
2024-10-21T12:17:16.101332500Z,AAPL,0.0,0.7593735168485999,0.0,0.0,0.0,0.0,0.0,0.0,0.0,0.0,0.06756750868428374
2024-10-21T12:17:18.814227520Z,AAPL,0.03813518924587663,0.6080206985769728,0.5135447425856978,0.0783517121300058,9.864364981504314,0.004634457189201715,1.5744349181605612,0.11858879335902757,1.779359430604982,0.1752336448598131,1.3132460885725357
2024-10-21T12:17:20.656823195Z,AAPL,0.0,0.0,-0.0693285402490692,-3.2044862807931103,-0.009170105456212746,-2.2134560596099058,-0.03139717425431711,-1.156737998843262,-0.2786809103576405,-1.2485811577752555,-0.9941038175125133
2024-10-21T12:17:20.662283454Z,AAPL,-0.39498370692208945,-2.266931141966563,-0.26181437360911114,-0.9668842156151801,-0.2678341488539789,-0.004200798151648813,-0.3292181069958848,-5.943536404160476,-2.0,-0.6836679327183939,-1.2661996096514998
2024-10-21T12:17:20.662744252Z,AAPL,1.6006402561024409,0.7144132880871584,1.0472574944364446,0.05861466493828552,0.011837821840781297,0.3993211540381352,1.9900497512437811,1.0186757215619695,1.256857855361596,0.010565240359218171,0.7022637119881885
2024-10-21T12:17:20.719761250Z,AAPL,0.8277289187790998,0.0,0.0,0.0,0.0,0.0,0.0,0.0,0.0,0.0,0.03472063284812525
2024-10-21T12:17:20.762539880Z,AAPL,0.0,0.0,0.650142218610321,0.057040245061793594,11.782032400589102,0.003996802557953637,1.6205375050140394,0.09713453132588636,2.0050125313283207,0.1582695858612503,1.4523197198233557
2024-10-21T12:17:21.078904005Z,AAPL,0.0,0.0,0.7076514816452897,0.0,0.0,0.0,0.0,0.0,0.0,0.0,0.06508027524945259
2024-10-21T12:17:21.133609901Z,AAPL,0.0,0.0,-0.6969855375500958,0.0,0.0,0.0,0.0,0.0,0.0,0.0,-0.06409936501960808
2024-10-21T12:17:21.133623109Z,AAPL,0.0,0.0,1.3500970382246225,0.0,0.0,0.0,0.0,0.0,0.0,0.0,0.12416378562063313
2024-10-21T12:17:21.840211165Z,AAPL,0.5056890012642224,2.638522427440633,0.08776371308016878,0.0025918486360396553,0.4781257470714798,2.8278543655001767,0.29258098223615464,0.6557377049180327,0.017857142857142856,22.785531187695813,4.416543803470709
2024-10-21T12:17:21.840224418Z,AAPL,0.0,0.0,-0.7373271889400922,-0.06727472669642279,-0.004414523783246882,-0.4718093890068413,-1.6260162601626016,-1.0943199583116205,-1.1300448430493273,-0.011376564277588168,-0.513555795058735
2024-10-21T12:17:22.072304747Z,AAPL,0.0,-1.1562364503540974,0.09586136971149414,0.002804852394642732,0.38613765807510375,2.8321925890960586,0.2845528455284553,0.679978413383702,0.01775410563692854,14.760147601476016,2.779362629131402
2024-10-21T12:17:22.085707892Z,AAPL,-0.30455306837216384,-0.6006006006006006,-2.101208194711959,-0.07946210268948656,-0.003460806367883717,-0.5018820577164367,-1.5732546705998034,-1.161504424778761,-1.0778443113772456,-0.007511737089201878,-0.7066501080575396
2024-10-21T12:17:24.840366131Z,AAPL,0.0,0.0,-0.6560065600656007,0.0,0.0,0.0,0.0,0.0,0.0,0.0,-0.060330669265687704
2024-10-21T12:17:24.840795392Z,AAPL,0.0,-0.1704718417047184,0.0,0.0,0.0,0.0,0.0,0.0,0.0,0.0,-0.015168237223508385
2024-10-21T12:17:24.840821231Z,AAPL,0.0,0.0,0.0,0.0037233547426231035,0.2711864406779661,3.2201797933717966,0.25998142989786444,0.7435821776335203,0.016420361247947456,11.20605126768455,2.3584560576358493
2024-10-21T12:17:24.896015668Z,AAPL,0.0,0.0,0.6087816756715624,0.0,0.0,0.0,0.0,0.0,0.0,0.0,0.055987558914470874
2024-10-21T12:17:24.896030774Z,AAPL,0.0,-1.226617601962588,-0.3866485425162362,-1.829407729247656,-0.0023192439264799673,-0.5759539236861051,-1.4414414414414414,-1.3261761919797916,-0.9905660377358491,-0.004470272686633885,-0.779226661840743
2024-10-21T12:17:26.219727754Z,AAPL,0.0,0.0,0.08411565903116786,0.0,0.0,0.0,0.0,0.0,0.0,0.0,0.007735828136485815
2024-10-21T12:17:26.219824269Z,AAPL,0.0,0.0,-0.08111152835148329,-0.5841121495327103,-0.7982438635002993,-0.006851661527920521,-0.23337222870478413,-6.892590465249857,-1.5239477503628445,-0.2857142857142857,-1.0141418507326108
2024-10-21T12:17:26.286945437Z,AAPL,0.0,-1.1933174224343677,0.0,0.0,0.0,0.0,0.0,0.0,0.0,0.0,-0.10617895345896917
2024-10-21T12:17:30.761645371Z,AAPL,0.0,0.1628713617855527,0.3026863412788498,2.6130981544994287,0.001848258016819148,0.7640878701050621,1.4006419608987453,1.0805248263442244,0.874089490114464,0.004552179355866621,0.7467416214568374
2024-10-21T12:17:30.761657680Z,AAPL,0.0,-1.2439744985227803,-0.07991120976692564,-0.8602150537634409,-0.6892095627826836,-0.008454872120059184,-0.22688598979013047,-6.320779562812747,-1.4150943396226414,-0.2899217671421997,-1.0789413527702925
2024-10-21T12:17:30.762940179Z,AAPL,0.0,-1.1885306789481502,0.0,0.0,0.0,0.0,0.0,0.0,0.0,0.0,-0.10575303877416865
2024-10-21T12:17:30.764592400Z,AAPL,0.0,0.0,0.2943773918163085,5.813953488372094,0.0015377518068583733,1.1037527593818985,1.3245033112582782,1.0214007782101167,0.7924528301886793,0.004670714619336758,1.0925032107446515
2024-10-21T12:17:30.764692359Z,AAPL,0.0,0.0,0.0,0.0,-0.0445468509984639,-0.011347517730496455,-0.22701475595913734,-5.209463859344476,-1.303538175046555,-0.29214004173429164,-0.6986018550410035
2024-10-21T12:17:33.378283593Z,AAPL,0.0,0.0,-0.08427623878267655,-10.271774020971538,-0.001608428163577144,-5.139949109414759,-0.02406015037593985,-0.7704160246533127,-0.1887385970430953,-0.5009677786633269,-1.981502481017286
2024-10-21T12:17:33.378297030Z,AAPL,0.0,0.0,0.6392329204954055,0.21398850802456906,1.9279431256777926,0.010441138084051161,1.2527131782945737,0.0703358537014243,1.2418503570319777,0.06783493499152063,0.5015631845833902
2024-10-21T12:17:33.764809990Z,AAPL,0.0,0.0,-0.0971198928332217,-0.7810974419058777,-0.6325110689437066,-0.30851063829787234,-0.0025763235862424324,-0.7039774727208729,-6.386375731772219,-0.46932618169627893,-0.9063314519946937
2024-10-21T12:17:33.764834502Z,AAPL,0.0,0.0,0.0,0.0,0.0,0.012654223347042075,0.2577153533921784,3.859141341051616,1.0875194199896427,0.35938391329150027,0.5578331557937894
2024-10-21T12:17:33.822822391Z,AAPL,0.0,0.9961399576640517,0.0,0.0,0.0,0.0,0.0,0.0,0.0,0.0,0.08863450429447506
2024-10-21T12:17:33.822835795Z,AAPL,0.0,-1.04835539247805,0.0,0.0,0.0,0.0,0.0,0.0,0.0,0.0,-0.09328052732131165
2024-10-21T12:17:35.461400679Z,AAPL,0.0,0.15343915343915343,0.381715812577536,2.774406103693428,0.0015212017493820118,1.6240357287860332,1.5982951518380395,0.5792304509722797,0.6287425149700598,0.007786645902277593,0.8412896879560405
2024-10-21T12:17:35.461412055Z,AAPL,0.0,-2.035623409669211,-0.12200252419015567,-0.684814244136278,-0.5993856297295272,-0.01692047377326565,-0.2755580049600441,-3.098373353989156,-1.037037037037037,-0.48470859780727066,-0.8165951689328051
2024-10-21T12:17:35.469991264Z,AAPL,0.0,0.0,0.4646840148698885,2.574416733708769,0.001498464074323818,1.6920473773265652,1.6533480297602647,0.5422153369481022,0.6222222222222222,0.0076937872667820735,0.8253454931867974
2024-10-21T12:17:35.470045707Z,AAPL,0.0,0.0,0.0,0.0,-0.04207046803395688,-0.0226628895184136,-0.2756529529322583,-2.897500905469033,-1.0110736639383726,-0.7725321888412018,-0.5297302351552424
2024-10-21T12:17:37.663629357Z,AAPL,0.0,0.0,1.109877913429523,0.0,0.0,0.0,0.0,0.0,0.0,0.0,0.10207165811529713
2024-10-21T12:17:37.718594298Z,AAPL,0.0,0.0,-1.146131805157593,0.0,0.0,0.0,0.0,0.0,0.0,0.0,-0.10540580396777387
2024-10-21T12:17:37.718605853Z,AAPL,0.0,0.0,2.292263610315186,0.0,0.0,0.0,0.0,0.0,0.0,0.0,0.21081160793554773
2024-10-21T12:17:38.521127910Z,AAPL,0.0,-0.881445570736007,0.0,0.0,0.0,0.0,0.0,0.0,0.0,0.0,-0.07842923137824254
2024-10-21T12:17:39.973547435Z,AAPL,0.0,0.0,0.0,0.0,0.0015484070762203383,3.7488284910965324,1.7135513351420821,0.45088566827697263,0.586046511627907,0.028839221341023794,0.8035793597333674
2024-10-21T12:17:39.973585910Z,AAPL,0.0,0.0,-0.15098560044736475,0.0,0.0,0.0,0.0,0.0,0.0,0.0,-0.013885626880865835
2024-10-21T12:17:47.135873221Z,AAPL,0.0,0.0,0.0,0.0,0.0,0.0,0.0,0.0,0.0,0.0,0.0
2024-10-21T12:17:47.135873221Z,AAPL,-4.237415477084899,-1.7189514396218308,-0.15472779369627507,-5.113999573833369,-0.001678133915086424,-11.41888072357264,-0.02756529529322583,-0.47534165181224003,-0.14524328249818444,-3.2400589101620025,-3.075026760525919
2024-10-21T12:17:47.135873221Z,AAPL,-9.296920395119118,-0.12008005336891261,-6.148328423209939,-0.004273504273504274,-0.8729095544704205,-0.22497187851518557,-0.2835672763363108,-0.07125890736342043,-1.0625452789181355,-0.2956393200295639,-1.25093993458831
2024-10-21T12:17:47.135900626Z,AAPL,-1.8509949097639982,-0.23446658851113716,-0.9188009647410129,-0.560644520472354,-0.7012315378884166,-0.022383883603805263,-0.2919494927377564,-2.8486646884273,-1.0118043844856661,-1.8694362017804154,-0.9985921372144739
2024-10-21T12:17:47.135905168Z,AAPL,-1.5378700499807765,-0.4928536224741252,-0.2034587995930824,-1.044113808405116,-0.2169178871856185,-9.461856889414548,-0.0029214139643587494,-0.5102040816326531,-5.062223159670955,-3.255813953488372,-2.619780405981163
2024-10-21T12:17:47.135906292Z,AAPL,-2.088301643570738,-1.0253781081773903,-0.36934441366574333,-0.2744990392533626,-0.34942127101987336,-2.7820372398685653,-1.1775962316920585,-0.005520287054926856,-0.8428150021070374,-13.172338090010978,-2.949580234311159
2024-10-21T12:17:47.135913885Z,AAPL,-1.1289867344058706,-0.8697986577181208,-0.666611115740355,-0.5509641873278237,-0.09153318077803203,-3.988035892323031,-0.3817252780282537,-2.1189246457422857,-0.009622323791195575,-2.207505518763797,-1.4126636077995183
2024-10-21T12:17:47.135916592Z,AAPL,0.0,0.0,0.0,-0.545404963185165,0.0,0.0,0.0,0.0,0.0,0.0,-0.056820135726468934
2024-10-21T12:17:47.135925594Z,AAPL,0.0,0.0,-0.27695077200027696,0.0,0.0,0.0,0.0,0.0,0.0,0.0,-0.02547021088745626
2024-10-21T12:17:47.135933669Z,AAPL,0.0,-0.20998950052497373,-0.41602465331278893,-1.5826958586125033,-0.42406573018817917,-0.8064516129032258,-0.6532211970278435,-0.7590019423278053,-3.743565746373421,-0.02211166390270868,-0.8517915397998037
2024-10-21T12:17:47.135937314Z,AAPL,0.0,0.0,0.0,0.0,0.21895013410695713,0.0,0.0,0.0,0.0,0.0,0.01877240913969861
2024-10-21T12:17:47.135940686Z,AAPL,0.0,0.0,0.0,-0.517464424320828,0.0,0.0,0.0,0.0,0.0,0.0,-0.053909298242939614
2024-10-21T12:17:47.135946914Z,AAPL,0.2288329519450801,1.1312849162011174,0.9107086779022298,0.5402485143165856,0.12027904738994467,3.069838833461243,0.495174968320499,2.4420024420024418,0.008206811653672548,2.184598580010923,1.3305599212102468
2024-10-21T12:17:47.135952535Z,AAPL,0.0,0.0,0.0,0.28457598178713717,0.49674014281279105,1.8533381977380516,1.5757337010045303,0.006713662302786171,0.819840131174421,10.156580617858653,2.177681128394001
2024-10-21T12:17:47.135958456Z,AAPL,-0.16628175519630484,-7.745683395191221,-0.001962997497178191,-2.8228060368921186,-0.0265128918936833,-1.3486176668914363,-0.060216780409474105,-0.8060084264517311,-0.08361204013377926,-1.4691151919866443,-1.5091935286944513
2024-10-21T12:17:47.135968023Z,AAPL,0.0,2.3865039089288165,0.09936406995230525,1.0761366693570085,0.36296084595598743,4.618937644341802,0.004266666666666667,0.7906700929037359,4.625168625939487,1.3409961685823755,1.7268221074091528
2024-10-21T12:17:47.136008874Z,AAPL,0.0,0.4828002414001207,0.0,0.0,0.0,0.0,0.0,0.0,0.0,0.0,0.04295858201502289
2024-10-21T12:17:47.136054541Z,AAPL,0.0,0.4264846998613925,0.0,0.0,0.0,0.0,0.0,0.0,0.0,0.0,0.037947739843742896
2024-10-21T12:17:47.136218636Z,AAPL,0.0,0.3856165043863878,0.0,0.0,0.0,0.0,0.0,0.0,0.0,0.0,0.034311371058947715
2024-10-21T12:17:47.136225295Z,AAPL,0.0,0.3550190822756723,0.0,0.0,0.0,0.0,0.0,0.0,0.0,0.0,0.031588874766527435
2024-10-21T12:17:47.136565013Z,AAPL,-0.6086427267194157,-0.11512211166844832,-0.07858987313349051,-0.23057412958266083,-0.9200690051753881,-0.9435364041604756,-3.0024394820791893,-0.008998875140607425,-0.5847953216374269,-5.335704757670076,-1.4779449259930375
2024-10-21T12:17:47.137037920Z,AAPL,0.21729008225981686,0.10940919037199126,0.11292417141889222,1.0284098213137935,0.5753114382785957,3.030877060049252,0.008447729672650475,0.898876404494382,3.255561584373304,0.9126466753585398,1.142082896387237
2024-10-21T12:17:47.156890091Z,AAPL,1.2845215157353886,0.08550391892961762,2.7220142905750255,0.005277741126797731,2.25547119249665,0.0716974368166338,0.9671179883945841,0.13498312710911137,0.5563282336578581,0.08499787505312367,0.6886070898506763
2024-10-21T12:17:47.189701537Z,AAPL,1.2980691221807563,0.0,0.0,0.0,0.0,0.0,0.0,0.0,0.0,0.0,0.05444992965716869
2024-10-21T12:17:47.200038724Z,AAPL,-1.356391997287216,0.0,0.0,0.0,0.0,0.0,0.0,0.0,0.0,0.0,-0.05689639139998823
2024-10-21T12:17:47.200048226Z,AAPL,-0.20007410151908117,-3.5400840769968283,-0.0024638127502309825,-2.4319768841801106,-0.04929143561306223,-0.6308153288124901,-0.16887137630171686,-1.063058709833293,-0.04543389368468878,-1.0107971513898462,-0.9554315810221949
2024-10-21T12:17:47.200058794Z,AAPL,0.0,0.0,1.046777886817141,0.004758505829169641,2.4658203125,0.06115272894052897,1.1672016340822877,0.15629070070330817,0.4679357651813251,0.09178522257916476,0.5045886632279333
2024-10-21T12:17:47.203657195Z,AAPL,-8.428446005267778,-1.0773685273718943,-0.0028702640642939152,-2.2671156004489337,-0.05145356315924878,-0.5855658029571073,-0.18656716417910446,-1.2107870115575126,-0.04039587962027873,-0.985883934573157,-1.0698089367294126
2024-10-21T12:17:47.203729908Z,AAPL,0.0,0.0,0.08949976026849928,0.004489337822671156,2.572920647051331,0.05689091167685962,1.2944983818770226,0.1799640071985603,0.4190077135510904,0.08952551477170993,0.4352762415033772
2024-10-21T12:17:47.207076580Z,AAPL,0.0,-0.07418201086236588,-0.003570472194947782,-2.1687781833798585,-0.054922422078813676,-0.5354035604336769,-0.21382751247327153,-1.2933568489124045,-0.03773228940665975,-0.9417808219178082,-0.6135000976268428
2024-10-21T12:17:47.240037346Z,AAPL,0.0,0.5238687708728964,0.11291460832745237,0.004341219882787063,2.7633378932968538,0.051144354941823296,1.534330648254699,0.17777777777777778,0.40736968799185264,0.08375209380234505,0.5211636097338744
2024-10-21T12:17:47.240066169Z,AAPL,0.0,0.12937447441619768,0.910643141718839,0.5681691086008276,2.102496714848883,0.0051466803911477095,1.5955325089748704,6.237006237006237,0.3997715591090806,0.52087639520463,1.2193923114287428
2024-10-21T12:17:47.260085243Z,AAPL,0.0,0.0,-1.0843046896177826,0.0,0.0,0.0,0.0,0.0,0.0,0.0,-0.09971977659190318
2024-10-21T12:17:47.386463721Z,AAPL,0.1951219512195122,0.5085499968215625,0.8613089182773822,1.7171066752522002,0.005153975003221234,0.5300821627352239,8.955223880597014,1.0115606936416186,0.23834294902109146,0.00951927653498334,1.397407206760701
2024-10-21T12:17:57.663911195Z,AAPL,0.0,0.0,0.19320214669051877,0.0,0.0,0.0,0.0,0.0,0.0,0.0,0.01776813758118664
2024-10-21T12:17:57.664016909Z,AAPL,0.0,0.0,-0.20017873100983022,-0.4672897196261682,-1.8130311614730878,-0.005763688760806916,-1.2702445220704988,-5.256241787122208,-0.4101161995898838,-0.749776852127343,-1.0168225228763217
2024-10-21T12:17:57.861764830Z,AAPL,0.0,0.09160055614623375,0.7052186177715091,1.937984496124031,0.004350663476180117,0.6106870229007634,6.2614140360031305,0.938337801608579,0.25703794369645044,0.012670256572695597,1.0998573468883566
2024-10-21T12:17:57.861778012Z,AAPL,0.0,-0.7147962830593281,-0.1972872996300863,-0.5227391531625718,-1.6061031921300943,-0.006599571027883187,-0.9957679860592482,-4.917025199754148,-0.44638112445530875,-0.835820895522388,-1.0249750763889143
2024-10-21T12:17:57.861832789Z,AAPL,0.0,0.11105602379771938,0.6951685783802573,2.177463255307567,0.0038718420288452234,0.7053429730206312,5.105296745373325,0.8766437069505322,0.2808738296923763,0.01422981145499822,1.020657084249355
2024-10-21T12:17:57.861881332Z,AAPL,0.0,-1.693121693121693,-0.1944782080222261,-0.5931198102016607,-1.4415713127308765,-0.007719027402547278,-0.8188331627430911,-4.618937644341801,-0.48968170689052115,-0.9441738478831023,-1.0796704169931157
2024-10-21T12:17:57.862245512Z,AAPL,0.0,0.0,0.6836438215689625,2.4279210925644916,0.0035103115401491883,0.7897334649555775,4.6421663442940035,0.8069164265129684,0.2916666666666667,0.02030456852791878,0.9969426676197007
2024-10-21T12:17:57.917042270Z,AAPL,0.0,-1.0025062656641603,0.0,0.0,0.0,0.0,0.0,0.0,0.0,0.0,-0.08920096541214652
2024-10-21T12:17:58.077227750Z,AAPL,0.0,-0.961769656167348,0.0,0.0,0.0,0.0,0.0,0.0,0.0,0.0,-0.08557630487965007
2024-10-21T12:18:00.232353557Z,AAPL,0.0,0.0,-0.31241583625100994,0.0,0.0,0.0,0.0,0.0,0.0,0.0,-0.028731810987283578
2024-10-21T12:18:00.862130755Z,AAPL,0.0,-0.8701326952360235,0.0,0.0,0.0,0.0,0.0,0.0,0.0,0.0,-0.07742263476059705
2024-10-21T12:18:01.682081842Z,AAPL,0.0,0.9570522789807393,0.0,0.0,0.0,0.0,0.0,0.0,0.0,0.0,0.08515656226688949
2024-10-21T12:18:01.684033789Z,AAPL,0.0,0.6923386555749363,5.91715976331361,0.0062666457778474075,0.34106412005457026,6.694560669456067,0.4976892996800569,0.5036977813312012,0.007199424046076313,25.437201907790143,5.721157994738447
2024-10-21T12:18:01.684046790Z,AAPL,0.0,-1.0784578053383662,-1.8362989323843417,-2.6320118440532982,-0.00330660494337439,-1.2519561815336464,-2.6307135810588624,-0.8548748219010788,-0.49228364915022466,-0.013600816048962936,-1.1077976515358559
2024-10-21T12:18:02.545068859Z,AAPL,0.0,-1.083570364350535,0.0,0.0,0.0,0.0,0.0,0.0,0.0,0.0,-0.09641388378557893
2024-10-21T12:18:03.624100762Z,AAPL,0.0,0.6745979866649235,4.898958971218616,0.007173601147776184,0.3215692579789372,7.9866888519134775,0.42377156694581775,0.5265357292101964,0.00979671809943669,17.271157167530227,4.507226347074216
2024-10-21T12:18:03.624112266Z,AAPL,0.0,-1.0238034297414897,-1.5426008968609866,-2.7700831024930745,-0.0032485990416632827,-1.478743068391867,-2.283539486203616,-0.8766437069505322,-0.7106598984771573,-0.0088339222614841,-1.1090579638958953
2024-10-21T12:18:03.629412395Z,AAPL,0.0,0.0,-0.012319063751154912,-3.082557607202808,-0.035029337069795954,-1.3821700069108502,-0.05491990846681922,-1.002049647005238,-0.11750881316098709,-0.9636443276390714,-0.7879312790288107
2024-10-21T12:18:03.629498033Z,AAPL,0.0,0.12776412776412777,0.0,0.0,0.0,0.0,0.0,0.0,0.0,0.0,0.011368191832747027
2024-10-21T12:18:03.696618449Z,AAPL,0.0,0.9828009828009828,0.33026357573832965,0.005457025920873124,1.9192399049881235,0.12974375608173855,0.3527336860670194,0.15033826108744675,1.34886572654813,0.08688097306689835,0.48617996443768546
2024-10-21T12:18:04.737516809Z,AAPL,0.0,-0.9828009828009828,0.0,0.0,0.0,0.0,0.0,0.0,0.0,0.0,-0.08744762948266945
2024-10-21T12:18:05.203361341Z,AAPL,0.0,0.6394844466476639,4.512126339537507,0.005531738348776103,0.39119804400978,6.518196632265074,0.37020713970912295,0.7295888824551245,0.012666244458518048,12.230545788105793,3.4807792221532665
2024-10-21T12:18:05.203373864Z,AAPL,0.0,-0.9707559762164786,-1.4441645675902601,-2.212695339510441,-0.003911980440097799,-1.0863661053775122,-2.115469369766417,-1.2159814707585408,-0.797973400886637,-0.0061152728940528965,-1.0053413671314835
2024-10-21T12:18:08.259009052Z,AAPL,0.0,-0.9707559762164786,0.0,0.0,0.0,0.0,0.0,0.0,0.0,0.0,-0.08637588933247534
2024-10-21T12:18:08.926535769Z,AAPL,0.0,0.6185567010309277,4.030226700251889,0.005608524957936062,0.40302267002518893,5.606166783461807,0.3700440528634361,0.8639012684264655,0.013097576948264572,9.436187780136825,2.875868108873177
2024-10-21T12:18:08.926548505Z,AAPL,0.0,-0.9825595676737902,-1.2681248463996069,-2.1528525296017222,-0.004199034222128911,-0.91324200913242,-2.0253164556962027,-1.7341040462427746,-0.8366533864541833,-0.004752851711026616,-1.0041552468052162
2024-10-21T12:18:10.662438649Z,AAPL,0.0,-1.007302946361118,0.0,0.0,0.0,0.0,0.0,0.0,0.0,0.0,-0.0896277642897166
2024-10-21T12:18:11.927260518Z,AAPL,0.0,-0.9825595676737902,0.0,0.0,0.0,0.0,0.0,0.0,0.0,0.0,-0.08742614885641478
2024-10-21T12:18:20.285727761Z,AAPL,0.0,0.0,0.28148507643775783,0.0,0.0,0.0,0.0,0.0,0.0,0.0,0.025887215286528497
2024-10-21T12:18:20.285772241Z,AAPL,0.0,0.0,-0.26885735623599705,-0.5608524957936063,-1.6120906801007557,-0.00934361130576968,-0.3524229074889868,-8.227631127871101,-1.37524557956778,-0.29723991507430997,-1.229300252863605
2024-10-21T12:18:20.342095696Z,AAPL,0.0,0.9590026372572524,0.0,0.0,0.0,0.0,0.0,0.0,0.0,0.0,0.08533010117345112
2024-10-21T12:18:20.342109232Z,AAPL,-0.31809145129224653,-0.244140625,0.0,0.0,0.0,0.0,0.0,0.0,0.0,0.0,-0.03506607452264463
2024-10-21T12:18:30.059494751Z,AAPL,-0.31620553359683795,0.0,0.0,0.0,0.0,0.0,0.0,0.0,0.0,0.0,-0.013263830690795675
2024-10-21T12:18:30.076519305Z,AAPL,-0.3143418467583497,0.0,0.0,0.0,0.0,0.0,0.0,0.0,0.0,0.0,-0.013185654871400021
2024-10-21T12:18:38.165859345Z,AAPL,0.07858546168958742,0.1386392811296534,1.2124886329190665,2.5272468804296317,0.0035020136578532654,1.1816838995568686,2.4377856780091416,0.8503745697509618,0.7673568818514008,0.005946187007581388,0.9531840668172468
2024-10-21T12:18:38.165871291Z,AAPL,-0.3125,-0.25936973155232784,-0.3693570451436389,-0.6220839813374806,-1.364954785872718,-0.014357501794687724,-0.4065040650406504,-4.382761139517896,-1.2396694214876032,-0.5260960334029228,-0.9159366666430949
2024-10-21T12:18:38.170782768Z,AAPL,0.0,-0.1407878705834574,-0.014311270125223614,-3.044920108531806,-0.03440564252537416,-1.4404033129276197,-0.06482982171799027,-0.7253544345532476,-0.12012012012012012,-0.8885298869143781,-0.7673068622997762
2024-10-21T12:18:38.170792741Z,AAPL,0.0,0.0,2.76529554096094,0.0,0.0,0.0,0.0,0.0,0.0,0.0,0.25431472924129334
2024-10-21T12:18:38.189694615Z,AAPL,0.0,-1.167247386759582,-6.130500758725342,-0.07221520129987363,-0.319642000958926,-0.24057738572574178,-0.5269461077844312,-0.05750431282346176,-1.2521343198634036,-0.7895775759968416,-1.0326066406831802
2024-10-21T12:18:38.189791855Z,AAPL,0.0,0.0,0.350547730829421,3.5173254396656803,0.03221130616846513,1.6096579476861168,0.07726980038634901,0.5830903790087464,0.11574074074074073,0.8416220351951034,0.8383096411103695
2024-10-21T12:18:40.408086849Z,AAPL,0.0,0.0,-5.6550951847704365,-0.07336757153338223,-0.3222687721559781,-0.25094102885821834,-0.6048109965635738,-0.049776007964161276,-1.2578616352201257,-0.7434944237918215,-0.8870217172617819
2024-10-21T12:18:40.408137058Z,AAPL,0.0,0.0,0.32510159424820256,3.3360858794384805,0.03274126217565687,2.1253985122210417,0.08350730688935282,0.5076142131979696,0.1142204454597373,1.2418854078464578,0.9469938315859139
2024-10-21T12:18:41.179991523Z,AAPL,0.0,0.0,-5.648769574944072,-0.06939625260235947,-0.32757349930390633,-0.3355704697986577,-0.6572068707991038,-0.04367765887748417,-1.2415349887133185,-1.0825439783491204,-0.9554284910513895
2024-10-21T12:18:41.180118662Z,AAPL,0.0,0.1985768657951349,2.2033433817484243,3.3847184986595176,0.0330169211721007,2.2484541877459248,0.09819967266775777,0.45137464095199015,0.11474469305794606,1.1407829919626653,1.1399479860383817
2024-10-21T12:18:41.233925482Z,AAPL,0.30828516377649323,6.892590465249857,0.36585365853658536,0.0065930443382231745,1.6270640354409989,0.3389830508474576,0.6552006552006552,0.0583373845405931,1.2256267409470751,0.20833333333333334,1.0622417796139383
2024-10-21T12:18:44.453502831Z,AAPL,-0.3187250996015936,0.0,0.0,0.0,0.0,0.0,0.0,0.0,0.0,0.0,-0.013369518584746238
2024-10-21T12:18:44.458571638Z,AAPL,-1.900990099009901,-0.16012810248198558,-0.01309328968903437,-3.3830179199464077,-0.03145148608271741,-3.7313432835820897,-0.11952191235059761,-0.38698328935795956,-0.11191941801902631,-2.0522388059701493,-1.365251210638034
2024-10-21T12:18:44.458583443Z,AAPL,0.0,0.0,2.557544757033248,0.0,0.0,0.0,0.0,0.0,0.0,0.0,0.23520860348307596
2024-10-21T12:18:44.477818456Z,AAPL,0.0,-1.2135849056603774,-5.715902659875495,-0.06798096532970768,-0.31705770450221943,-0.6191950464396284,-1.1153358681875791,-0.0321285140562249,-1.2366498032602586,-1.6273393002441008,-1.2391447048282738
2024-10-21T12:18:44.477924999Z,AAPL,0.0,0.0,0.3167420814479638,3.1621790857858487,0.03300057751010643,3.777148253068933,0.15544041450777202,0.3507373455559984,0.11567379988432619,1.7200938232994527,1.2304913584257844
2024-10-21T12:18:47.144489374Z,AAPL,-0.30947775628626695,0.0,0.0,0.0,0.0,0.0,0.0,0.0,0.0,0.0,-0.012981621527161724
2024-10-21T12:18:47.206323404Z,AAPL,0.0,1.2642225031605563,0.0,0.0,0.0,0.0,0.0,0.0,0.0,0.0,0.11248794310823787
2024-10-21T12:18:47.260861161Z,AAPL,0.0,-1.2640227524095433,0.0,0.0,0.0,0.0,0.0,0.0,0.0,0.0,-0.1124701696933053
2024-10-21T12:18:47.260873969Z,AAPL,0.30710172744721687,-1.3050570962479608,0.0,0.0,0.0,0.0,0.0,0.0,0.0,0.0,-0.10323936745377221
2024-10-21T12:18:47.459461214Z,AAPL,0.3007518796992481,0.0,0.0,0.0,0.0,0.0,0.0,0.0,0.0,0.0,0.0126155983638019
2024-10-21T12:18:47.513983492Z,AAPL,-0.29850746268656714,0.0,0.0,0.0,0.0,0.0,0.0,0.0,0.0,0.0,-0.012521452107355616
2024-10-21T12:18:47.513995474Z,AAPL,0.31007751937984496,6.927406552172031,0.011510791366906475,0.12970469021424436,2.0109507217521156,0.28368794326241137,1.362862010221465,0.04439511653718091,1.4666666666666666,0.1282051282051282,1.1485728760949518
2024-10-21T12:18:48.012656935Z,AAPL,0.08113590263691683,0.13366336633663367,1.194743130227001,1.8917001655237646,0.0039443841830194264,2.818886539816772,6.818181818181818,0.32495164410058025,0.8240680183126226,0.013522650439486139,1.5073742630070401
2024-10-21T12:18:48.012670562Z,AAPL,0.0,-0.8668328096218442,-0.379746835443038,-0.4719207173194903,-1.517162905366964,-0.028288543140028287,-1.1396011396011396,-1.8561484918793503,-1.3734466971877044,-0.8786610878661087,-0.8520732676821183
2024-10-21T12:18:48.012835297Z,AAPL,0.0,-0.7562866326337683,0.0,0.0,0.0,0.0,0.0,0.0,0.0,0.0,-0.06729284401483544
2024-10-21T12:18:48.013209412Z,AAPL,0.0,0.0,1.6764459346186087,1.9237705903570999,0.003620892550013578,2.8208744710860363,5.875152998776009,0.3402187120291616,0.8087291399229781,0.015290519877675839,1.446767021889678
2024-10-21T12:18:48.013312876Z,AAPL,0.0,0.0,-0.45491470349309504,0.0,0.0,0.0,0.0,0.0,0.0,0.0,-0.04183694217599863
2024-10-21T12:18:48.070285169Z,AAPL,0.0,0.5545927209705372,0.0,0.0,0.0,0.0,0.0,0.0,0.0,0.0,0.04934653060581832
2024-10-21T12:18:48.070297042Z,AAPL,-0.44692737430167595,-0.12824623276691247,0.0,0.0,0.0,0.0,0.0,0.0,0.0,0.0,-0.030158290591674776
2024-10-21T12:18:48.199908254Z,AAPL,-2.5396825396825395,-0.0027785495971103086,-0.5439533754249636,-2.2234452394056134,-0.038643609313109846,-2.326934264107039,-0.09740259740259741,-0.4282238442822384,-0.13123359580052493,-2.02020202020202,-1.1057790816928563
2024-10-21T12:18:48.199920865Z,AAPL,0.0,0.5971931919976112,0.018770530267480056,0.11899702507437314,2.029742765273312,0.22002200220022,0.6006006006006006,0.06134969325153374,1.4637391882900863,0.1890359168241966,0.4998282579993808
2024-10-21T12:18:48.199942139Z,AAPL,0.0,-0.0029924440787012794,-0.4957945993802567,-2.0799011532125204,-0.041871663351826655,-2.0865936358894106,-0.08379888268156424,-0.47388260635433493,-0.1349527665317139,-2.142161635832522,-0.9688200454889511
2024-10-21T12:18:48.200029266Z,AAPL,0.0,0.0,3.3912674862229757,0.11746198217094914,2.093481189760597,0.20768431983385255,0.5164622336991608,0.06900517538815411,1.455989410986102,0.21141649048625794,0.7556497700254027
2024-10-21T12:18:48.200502296Z,AAPL,0.0,0.0,0.0,-1.9554695062923524,-0.043668122270742356,-1.8957345971563981,-0.0736196319018405,-0.5301204819277109,-0.1388888888888889,-2.391304347826087,-0.9274014541706439
2024-10-21T12:18:48.200553666Z,AAPL,0.0,0.08330762110459734,0.01794526693584567,0.774818401937046,2.1823681936041486,0.18876828692779613,0.4579278763594734,0.07782101167315175,1.4976174268209665,0.23837902264600713,0.5293215037511174
2024-10-21T12:18:48.213222660Z,AAPL,0.0,-0.0031338138514572234,-3.1974420463629096,-1.9011764705882352,-0.045162018742237776,-1.8034265103697023,-0.06497022198159177,-0.6098406098406098,-0.13812154696132595,-2.722772277227723,-1.262529717297689
2024-10-21T12:18:49.922943623Z,AAPL,0.0,0.0,0.40771751001092105,0.0,0.0,0.0,0.0,0.0,0.0,0.0,0.03749637846279892
2024-10-21T12:18:49.923091366Z,AAPL,0.0,0.0,-0.3835616438356164,-0.36613272311212813,-1.8917001655237646,-0.017263703064307294,-0.4108885464817668,-3.5714285714285716,-1.4716187806587246,-1.6216216216216215,-1.0161443284566962
2024-10-21T12:18:51.254925630Z,AAPL,0.0,0.647092129741972,0.013821700069108501,0.0,0.0,0.0,0.0,0.0,0.0,0.0,0.05884807384034454
2024-10-21T12:18:51.423329256Z,AAPL,0.0,0.0,1.3605442176870748,1.4253897550111359,0.004963394962154114,1.6556291390728477,2.344894968246214,0.6746987951807228,0.8961593172119489,0.02680965147453083,0.892370403498363
2024-10-21T12:18:51.423381788Z,AAPL,0.0,0.0,-0.4115226337448559,-0.35634743875278396,-1.9853579848616454,-0.016556291390728478,-0.39081582804103565,-3.855421686746988,-1.4935988620199148,-1.6890080428954426,-1.0639415234989977
2024-10-21T12:18:51.430250460Z,AAPL,0.0,0.6688403979600368,0.0,0.0,0.0,0.0,0.0,0.0,0.0,0.0,0.05951205618166786
2024-10-21T12:18:53.922913086Z,AAPL,0.0,0.0,0.0,0.09472853258486098,2.536732387291222,0.1661819692563357,0.41450777202072536,0.0880410858400587,1.5976761074800292,0.24183796856106407,0.48282252681855375
2024-10-21T12:19:00.083834280Z,AAPL,0.0,-0.7972892166633446,0.0,0.0,0.0,0.0,0.0,0.0,0.0,0.0,-0.07094117041946674
2024-10-21T12:19:00.083843895Z,AAPL,0.0,-0.004714201532115498,-0.3748698368622006,-1.700766186747495,-0.053561863952865565,-1.6019223067681219,-0.06272869837950862,-0.6367583212735166,-0.15071590052750566,-2.508551881413911,-0.9238647797586681
2024-10-21T12:19:00.083854884Z,AAPL,0.0,1.1212333566923616,0.01422981145499822,0.09329647546648238,2.567687809838566,0.16680567139282734,0.441257584114727,0.08102633355840648,1.632047477744807,0.22026431718061676,0.5881321929703733
2024-10-21T12:19:00.143474250Z,AAPL,0.0,1.382886776145203,0.0,0.0,0.0,0.0,0.0,0.0,0.0,0.0,0.12304644839912346
2024-10-21T12:19:00.197516009Z,AAPL,0.0,1.654601861427094,0.0,0.0,0.0,0.0,0.0,0.0,0.0,0.0,0.1472231032035014
2024-10-21T12:19:00.198016624Z,AAPL,0.0,0.0,0.0,-1.8114967267509643,-0.04667989263624694,-1.8256503879507076,-0.08021390374331551,-0.48970506399554814,-0.14695077149155034,-2.093244529019981,-0.8528659578739359
2024-10-21T12:19:00.198056773Z,AAPL,0.0,0.0,0.4464654816039686,0.0,0.0,0.0,0.0,0.0,0.0,0.0,0.04105989627070414
2024-10-21T12:19:00.251362837Z,AAPL,0.0,-1.804239963915201,0.0,0.0,0.0,0.0,0.0,0.0,0.0,0.0,-0.1605375967498713
2024-10-21T12:19:00.251375630Z,AAPL,0.2962962962962963,8.521214273033909,0.0,0.0,0.0,0.0,0.0,0.0,0.0,0.0,0.7706289888995551
2024-10-21T12:19:02.578739513Z,AAPL,-1.7777777777777777,-0.1978798586572438,-8.221408221408222,-0.03842459173871278,-0.4317323259579061,-0.31746031746031744,-0.8140610545790934,-0.03618272274988693,-1.5770609318996416,-1.5748031496062993,-1.410477668643734
2024-10-21T12:19:02.578752989Z,AAPL,0.0,1.36542072025943,0.5121170553269319,1.9980217606330366,0.041390728476821195,2.233389168062535,0.12232415902140673,0.38095238095238093,0.14124293785310735,1.6910069177555727,1.027577228003031
2024-10-21T12:19:02.578784855Z,AAPL,0.0,-0.19112627986348124,-7.790204396451986,-0.04158004158004158,-0.4141644232760406,-0.3535651149086624,-0.9966024915062288,-0.03322259136212625,-1.5309672929714684,-1.4524328249818448,-1.29386015079164
2024-10-21T12:19:02.583722081Z,AAPL,0.0,0.0,3.2064128256513027,2.167381974248927,0.03977329223426469,2.5031289111389237,0.1532567049808429,0.3510171519744715,0.1371742112482853,1.5624999999999998,1.189068155462062
2024-10-21T12:19:05.633956677Z,AAPL,0.3076923076923077,6.7739204064352245,0.49711495783399906,0.0,0.0,0.0,0.0,0.0,0.0,0.0,0.661354321402226
2024-10-21T12:19:06.744561325Z,AAPL,-0.32,0.0,0.0,0.0,0.0,0.0,0.0,0.0,0.0,0.0,-0.013422996659085223
2024-10-21T12:19:07.485167707Z,AAPL,-1.92,-0.13805004314063848,-7.802240247199692,-0.0469208211143695,-0.379290726341741,-0.4243281471004243,-1.2535612535612535,-0.030935808197989172,-1.4388489208633093,-1.3947001394700138,-1.3862232652248632
2024-10-21T12:19:07.485180575Z,AAPL,0.0,0.982680260410269,0.0,0.0,0.0,0.0,0.0,0.0,0.0,0.0,0.0874368878502554
2024-10-21T12:19:07.567472916Z,AAPL,0.0,0.0,-0.30646992054483546,-0.1674808094905792,-0.3695150115473441,-10.362694300518134,-0.012899064817800709,-0.3143418467583497,-6.324110671936759,-1.4227642276422765,-2.3751833951450543
2024-10-21T12:19:07.624621845Z,AAPL,0.0,0.0,0.0,0.5997001499250375,1.4658726523133303,0.027416038382453736,1.2515644555694618,1.900990099009901,1.0783055198973042,0.8565601631543168,0.7342176497784254
2024-10-21T12:19:08.123983275Z,AAPL,0.08048289738430583,0.1384260446039477,0.8697542944118287,2.301164964763412,0.003956087429532192,2.5591810620601407,6.475984889368591,0.3463917525773196,0.6540358162470802,0.013468013468013467,1.436486827971225
2024-10-21T12:19:08.201710146Z,AAPL,-0.32193158953722334,-0.2554278416347382,-0.21176470588235294,-0.5767012687427913,-1.6484648670925202,-0.02551020408163265,-1.0764262648008611,-1.9801980198019802,-1.0900596937451337,-0.8235294117647058,-0.7890563085488446
2024-10-21T12:19:10.540372657Z,AAPL,0.0,0.9963880931622867,0.21969399764613573,2.9123414071510956,0.041211621677313,2.5510204081632653,0.16146393972012915,0.36303630363036304,0.10381520892810797,1.4379084967320261,1.0667914405799208
2024-10-21T12:19:10.824415398Z,AAPL,0.0,0.0,0.0,0.0,0.0,0.0,0.0,0.12812089356110382,0.0,0.0,0.012468378754692243
2024-10-21T12:19:10.828162441Z,AAPL,0.0,0.0,0.0,0.0,0.0,0.0,0.0,-0.127129003341211,0.0,0.0,-0.012371850681862338
2024-10-21T12:19:14.207440891Z,AAPL,0.0,0.9963880931622867,0.0,0.0,0.0,0.0,0.0,0.0,0.0,0.0,0.08865658288565566
2024-10-21T12:19:21.463656720Z,AAPL,0.0,0.0,0.0,0.0,0.0,0.0,0.0,0.12655147237770747,0.0,0.0,0.012315646930894196
2024-10-21T12:19:21.463763491Z,AAPL,0.0,0.0,0.0,0.0,0.0,0.0,0.0,0.1995583544614378,0.0,0.0,0.019420479189068952
2024-10-21T12:19:31.377322230Z,AAPL,0.08097165991902834,0.131611016329515,0.7603117278084014,1.845444059976932,0.0051137816415239064,2.065049044914817,5.18000518000518,0.35799522673031026,0.717744232412418,0.01212856276531231,1.1863397764660062
2024-10-21T12:19:31.377334380Z,AAPL,-0.311284046692607,-0.2700513097488523,-0.20540129326740209,-0.461361014994233,-2.0455126566095627,-0.020650490449148167,-1.0360010360010359,-1.71939477303989,-1.1962403873540302,-0.7640994542146755,-0.7813956169347465
2024-10-21T12:19:31.410847128Z,AAPL,0.07827788649706457,0.13926499032882012,0.8245722531436817,1.6904384574749076,0.005454793399699987,1.8859028760018859,4.8007681228996635,0.37376523983269555,0.7479964381121995,0.012322858903265557,1.1179169531504638
2024-10-21T12:19:31.410860369Z,AAPL,0.0,-0.9837678307919331,0.0,0.0,0.0,0.0,0.0,0.0,0.0,0.0,-0.0875336576474335
2024-10-21T12:19:31.424732441Z,AAPL,0.0,0.0,-0.24069534209939827,0.0,0.0,0.0,0.0,0.0,0.0,0.0,-0.022135923574511548
2024-10-21T12:19:31.424790390Z,AAPL,0.0,0.0,0.2735354456348302,0.0038624951718810355,3.088212811496713,0.16576875259013676,0.7468259895444361,0.0614943117761607,1.356768424298489,0.13468013468013468,0.5374507415788552
2024-10-21T12:19:31.428123190Z,AAPL,0.0,0.1258741258741259,0.0,0.0,0.0,0.0,0.0,0.0,0.0,0.0,0.011200023314511125
2024-10-21T12:19:31.428166239Z,AAPL,0.0,0.0,-0.26899798251513113,-0.41459369817578773,-2.243409983174425,-0.017152658662092625,-0.6749915626054674,-2.229157378510923,-1.2349309026756836,-0.9305760709010339,-0.8054332109139588
2024-10-21T12:19:31.428177171Z,AAPL,0.0,-0.9694619486185166,0.0,0.0,0.0,0.0,0.0,0.0,0.0,0.0,-0.0862607493927447
2024-10-21T12:19:31.428190903Z,AAPL,0.0,1.866106834616282,0.0,0.0,0.0,0.0,0.0,0.0,0.0,0.0,0.16604238488195225
2024-10-21T12:19:35.701549120Z,AAPL,0.0,-0.9199632014719411,0.0,0.0,0.0,0.0,0.0,0.0,0.0,0.0,-0.08185645170065883
2024-10-21T12:19:38.701678685Z,AAPL,0.0,0.8871146595697494,0.0,0.0,0.0,0.0,0.0,0.0,0.0,0.0,0.07893365535472713
2024-10-21T12:19:38.756179281Z,AAPL,0.0,-0.8730765033286042,0.0,0.0,0.0,0.0,0.0,0.0,0.0,0.0,-0.07768456880813372
2024-10-21T12:19:38.756191248Z,AAPL,0.3193612774451098,4.666990763247448,0.0,0.0,0.0,0.0,0.0,0.0,0.0,0.0,0.4286555356976988
2024-10-21T12:19:40.083326842Z,AAPL,0.0,-0.6875805758487322,0.0,0.0,0.0,0.0,0.0,0.0,0.0,0.0,-0.06117951903643568
2024-10-21T12:19:40.137972145Z,AAPL,0.0,0.6257332811888933,0.0,0.0,0.0,0.0,0.0,0.0,0.0,0.0,0.05567647274062802
2024-10-21T12:19:40.137983855Z,AAPL,0.0,-0.5740940078937926,0.0,0.0,0.0,0.0,0.0,0.0,0.0,0.0,-0.05108171539210113
2024-10-21T12:19:42.737152214Z,AAPL,-2.237762237762238,-0.08749544294567992,-0.025957170668397145,-2.572592969943963,-0.03405414609228674,-2.607561929595828,-0.1048951048951049,-0.5027996800365673,-0.12315270935960591,-2.330508474576271,-1.1853420228075615
2024-10-21T12:19:42.737165303Z,AAPL,0.0,0.5854372484449323,0.7761966364812419,0.005443658138268917,1.6501919777795933,0.27700831024930744,0.6890611541774333,0.06980802792321117,1.3142174432497014,0.22371364653243847,0.5338059083573985
2024-10-21T12:19:45.745918365Z,AAPL,0.0,0.579080709373869,0.0,0.0,0.0,0.0,0.0,0.0,0.0,0.0,0.05152542193188051
2024-10-21T12:19:45.800477942Z,AAPL,0.0,-0.5802146794313896,0.0,0.0,0.0,0.0,0.0,0.0,0.0,0.0,-0.051626320277700116
2024-10-21T12:19:45.800491117Z,AAPL,0.4,3.256886958881802,0.0,0.0,0.0,0.0,0.0,0.0,0.0,0.0,0.306569913141917
2024-10-21T12:19:57.871002706Z,AAPL,0.42105263157894735,0.0,0.0,0.0,0.0,0.0,0.0,0.0,0.0,0.0,0.01766183770932266
2024-10-21T12:20:02.012790106Z,AAPL,-2.526315789473684,-0.07835967088938225,-0.03023431594860166,-4.5577617328519855,-0.025943702166299133,-5.082592121982211,-0.12133468149646107,-0.46808510638297873,-0.10325245224574084,-2.795425667090216,-1.8247301570470442
2024-10-21T12:20:02.012801350Z,AAPL,0.4444444444444444,2.9837757195250822,0.93603744149766,0.011025358324145534,1.2383521333987249,0.6688963210702341,0.8639308855291576,0.061855670103092786,1.095617529880478,0.2604166666666667,0.8041829097258513
2024-10-21T12:20:02.012823085Z,AAPL,0.0,-0.46893317702227433,0.0,0.0,0.0,0.0,0.0,0.0,0.0,0.0,-0.041724718873911444
2024-10-21T12:20:02.068202840Z,AAPL,0.5,0.0,0.0,0.0,0.0,0.0,0.0,0.0,0.0,0.0,0.02097343227982066
2024-10-21T12:20:02.174072577Z,AAPL,0.0,0.4241781548250265,0.0,0.0,0.0,0.0,0.0,0.0,0.0,0.0,0.03774250816484249
2024-10-21T12:20:02.174084216Z,AAPL,0.0,-0.4028197381671702,0.0,0.0,0.0,0.0,0.0,0.0,0.0,0.0,-0.035842079757750715
2024-10-21T12:20:02.195761354Z,AAPL,0.0,0.0,-0.948200175592625,-0.4056795131845842,-0.2379535990481856,-20.02503128911139,-0.010720986330742428,-0.39643211100099107,-4.4493882091212456,-2.4676850763807288,-3.8242467560129345
2024-10-21T12:20:02.197099790Z,AAPL,0.0,0.0,0.0,1.352265043948614,0.9518143961927424,0.05006257822277847,1.0720986330742428,1.9821605550049555,0.9343715239154616,1.4806110458284372,0.8479106804035719
2024-10-21T12:20:17.529659579Z,AAPL,0.0,0.048458742764840496,3.316749585406302,4.910988336402701,0.0024373895557857537,4.4543429844097995,4.841442749939482,0.4332129963898917,0.5659106220525488,0.024390243902439025,2.0309729918503274
2024-10-21T12:20:17.529671598Z,AAPL,0.0,-0.34353931378022073,-0.8977556109725686,-1.2277470841006752,-0.9749558223143014,-0.044543429844097995,-0.9682885499878964,-2.0629190304280556,-0.9431843700875814,-1.5365853658536586,-0.9565007983673028
2024-10-21T12:20:18.175151492Z,AAPL,0.8,0.0,0.0,0.0,0.0,0.0,0.0,0.0,0.0,0.0,0.03355749164771306
2024-10-21T12:20:26.003671349Z,AAPL,-4.363636363636363,-0.05475201898069992,-0.03424657534246575,-5.369484316852738,-0.025131942699170646,-4.048582995951417,-0.14829461196243202,-0.449438202247191,-0.09189065012634964,-2.528735632183908,-1.7952993428095334
2024-10-21T12:20:26.003684074Z,AAPL,0.0,0.3824640244776976,1.0300429184549356,0.01063264221158958,1.2691631063081177,0.4048582995951417,0.9886307464162135,0.06128702757916241,1.0107971513898462,0.22988505747126436,0.5276863454582326
2024-10-21T12:20:29.005849003Z,AAPL,0.0,0.39767360938509716,0.0,0.0,0.0,0.0,0.0,0.0,0.0,0.0,0.03538418770139331
2024-10-21T12:20:29.035461864Z,AAPL,0.0169419737399407,2.2548973551933105,10.269576379974325,0.36507453605111045,0.0025146162067014523,14.5010768126346,0.09898539965355109,0.40899795501022496,0.13767783386874713,2.528735632183908,3.7058719783037724
2024-10-21T12:20:32.533970326Z,AAPL,0.0,0.0,2.0020020020020017,4.424778761061947,0.0026659557451346304,2.0130850528434827,4.596644449551827,0.44350580781414994,0.5970149253731343,0.02249718785151856,1.487759067339326
2024-10-21T12:20:32.534015766Z,AAPL,0.0,0.0,-0.45665961945031713,-1.0973936899862826,-1.103448275862069,-0.016116035455278004,-0.9387467730579676,-2.0931449502878072,-1.0179350460494425,-1.3418530351437699,-0.8546076291784441
2024-10-21T12:20:32.588585911Z,AAPL,-0.955794504181601,-0.0835526590633747,0.0,0.0,0.0,0.0,0.0,0.0,0.0,0.0,-0.04752692802033209
2024-10-21T12:20:32.846313500Z,AAPL,0.24464831804281345,0.04544689446221175,1.2610340479192939,3.9970022483137644,0.0030550675933705036,1.1201344161299356,4.463289444320464,0.45016077170418006,0.6471494607087828,0.01984126984126984,1.2541284750759962
2024-10-21T12:20:32.846324686Z,AAPL,0.0,-0.6676681689200467,-0.3051709522463973,-0.9920634920634921,-1.2709508300897607,-0.00983767830791933,-0.9109542245502164,-2.1242697822623473,-1.1055540931824166,-1.1909262759924386,-0.8867894261220064
2024-10-21T12:20:32.900943370Z,AAPL,-1.1535688536409516,-0.08005123278898495,0.0,0.0,0.0,0.0,0.0,0.0,0.0,0.0,-0.05551139209298961
2024-10-21T12:20:33.387796787Z,AAPL,-1.1611030478955007,0.0,0.0,0.0,0.0,0.0,0.0,0.0,0.0,0.0,-0.048704632289859294
2024-10-21T12:20:34.158518772Z,AAPL,-1.1355571327182399,0.0,0.0,0.0,0.0,0.0,0.0,0.0,0.0,0.0,-0.04763306124586665
2024-10-21T12:20:53.732903004Z,AAPL,3.775959723096287,0.008718775883865906,8.224811514736121,3.9860488290981566,0.10813733441470667,0.007336757153338224,4.38082845369768,0.04179728317659352,1.109877913429523,0.25850926324859974,1.9209074105104542
2024-10-21T12:20:54.066325257Z,AAPL,0.9253903990746096,0.0,0.0,0.0,0.0,0.0,0.0,0.0,0.0,0.0,0.03881722573477508
2024-10-21T12:20:54.066539893Z,AAPL,0.21750951604132682,0.05339661821417977,0.4852602207934005,3.1298904538341157,0.004103405826836274,0.7229351165732876,3.4358357670503348,0.4582651391162029,0.7114624505928854,0.01762891141472014,0.9399744256557068
2024-10-21T12:20:54.087884313Z,AAPL,-0.8084891359272359,-0.1059265928711403,-0.11473494103898864,-0.7167174341515857,-1.6713673874438526,-0.007804878048780488,-0.6324110671936759,-2.092050209205021,-1.33885878227606,-1.1290322580645162,-0.838960166139578
2024-10-21T12:20:54.138010479Z,AAPL,0.19147917663954045,0.06166847484725633,0.3753753753753754,2.5477707006369426,0.004598229681572595,0.7670182166826462,2.805049088359046,0.4585152838427948,0.8168557536466775,0.01839080459770115,0.8221951335401632
2024-10-21T12:20:54.138024196Z,AAPL,0.0,-0.4851130919895701,-0.09189143197481495,-0.6270575325286095,-1.855502725269628,-0.007832386919913843,-0.5606166783461808,-2.094240837696335,-1.3474494706448508,-1.1239964317573596,-0.8361975451164403
2024-10-21T12:20:54.138635039Z,AAPL,0.0,0.0,0.3077870113881194,2.2605255721955357,0.005161956381468577,0.7696748123917644,2.5188916876574305,0.45901639344262296,0.8221859706362153,0.018306636155606407,0.7450754314244645
2024-10-21T12:20:54.138679423Z,AAPL,0.0,0.0,-0.08130081300813008,0.0,0.0,0.0,0.0,0.0,0.0,0.0,-0.00747695641966526
2024-10-21T12:20:54.140701289Z,AAPL,0.0,-0.5603810591202018,0.0,0.0,0.0,0.0,0.0,0.0,0.0,0.0,-0.04986156514352264
2024-10-21T12:20:54.259923109Z,AAPL,0.0,0.5681414672253391,0.0,0.0,0.0,0.0,0.0,0.0,0.0,0.0,0.05055207044875572
2024-10-21T12:20:54.259936081Z,AAPL,-1.4420910319963949,-0.14775413711583926,0.0,0.0,0.0,0.0,0.0,0.0,0.0,0.0,-0.07363805934701176
2024-10-21T12:20:54.367974373Z,AAPL,0.0,0.0,0.0,-0.8130081300813008,0.0,0.0,0.0,0.0,0.0,0.0,-0.08469895841827707
2024-10-21T12:20:54.367988079Z,AAPL,0.0,0.0,0.4245383145828911,4.359673024523161,0.0,0.0,0.0,0.0,0.0,0.0,0.49323284005464424
2024-10-21T12:20:54.646524020Z,AAPL,0.0,0.0,0.42225271825187377,0.0,0.0,0.0,0.0,0.0,0.0,0.0,0.03883313162118979
2024-10-21T12:20:54.647311583Z,AAPL,0.0,0.0,0.0,0.0,-0.010995052226498075,-4.750705550329257,-0.028715003589375447,-0.6666666666666666,-0.19442644199611145,-3.174603174603175,-1.2642856172988202
2024-10-21T12:20:54.647352236Z,AAPL,0.0,0.0,0.055606052504945734,1.1173184357541899,9.923506305561299,0.010672358591248666,1.4003466204506065,0.0676818950930626,1.261431725007884,0.4647560030983734,1.3066910654575739
2024-10-21T12:20:54.647382777Z,AAPL,0.0,0.0,0.06303662645364634,0.0,0.0,0.0,0.0,0.0,0.0,0.0,0.005797261938690573
2024-10-21T12:20:54.647423336Z,AAPL,0.0,0.0,-0.059906811626359,-0.2604166666666667,-2.3405500292568755,-0.014089468122578374,-0.25292443882390137,-3.7488284910965324,-1.2731130645650197,-2.4254090471607315,-1.1246547745913122
2024-10-21T12:20:54.647922749Z,AAPL,0.4165581879718823,0.0,0.0,0.0,0.0,0.0,0.0,0.0,0.0,0.0,0.017473309892066156
2024-10-21T12:20:54.648117162Z,AAPL,0.10204081632653061,0.5451792024230186,0.23050769319426037,0.975609756097561,0.004527447651386531,2.0725388601036268,1.1624527753560012,0.8823529411764706,0.7353370294718413,0.05082592121982211,0.7457146839498888
2024-10-21T12:20:54.648128723Z,AAPL,0.0,-6.864006864006864,-0.0667531985907658,-0.24390243902439024,-1.5992003998000999,-0.02072538860103627,-0.23249055507120023,-4.201680672268908,-1.225561715786402,-3.2020330368487926,-1.83267711966116
2024-10-21T12:20:54.648446832Z,AAPL,0.0,0.0,0.2652871733651678,0.9580838323353293,0.0037119524870081666,1.9714144898965007,1.136040897472309,0.9621993127147767,0.7444608567208272,0.05517241379310345,0.686532545273904
2024-10-21T12:20:54.697200659Z,AAPL,0.0,0.0,0.0,-0.48484848484848486,0.0,0.0,0.0,0.0,0.0,0.0,-0.050511378838536146
2024-10-21T12:20:54.697212843Z,AAPL,0.0,0.0,0.6164753024581953,0.06331425788384269,0.0,0.0,0.0,0.0,0.0,0.0,0.06329117692026143
2024-10-21T12:20:54.708231641Z,AAPL,-0.418848167539267,-0.5836008170411439,0.0,0.0,0.0,0.0,0.0,0.0,0.0,0.0,-0.06949697925947265
2024-10-21T12:20:56.393593183Z,AAPL,0.0,0.0,-0.1092896174863388,-0.25513458349279244,-1.062628677691439,-0.018796992481203006,-0.22216051096917522,-5.037783375314861,-1.2563565659587197,-3.800904977375566,-1.3588704488168935
2024-10-21T12:20:56.654348888Z,AAPL,0.1038961038961039,0.3862246540070808,0.40080160320641284,1.0454783063251436,0.0024650274234300855,1.8796992481203008,1.1108025548458762,1.057934508816121,0.7538139395752318,0.06033182503770739,0.7421691307383683
2024-10-21T12:20:56.654361253Z,AAPL,0.0,-4.838221953432114,-0.13511991892804864,-0.2734107997265892,-0.8990784445942909,-0.019714144898965006,-0.2272081794944618,-4.581901489117984,-1.240768094534712,-3.475862068965517,-1.682911862257163
2024-10-21T12:20:56.655676466Z,AAPL,0.0,0.0,0.5094243504839531,1.122334455667789,0.0021090372245070126,1.9714144898965007,1.136040897472309,0.9621993127147767,0.7444608567208272,0.05517241379310345,0.7259591551426827
2024-10-21T12:21:00.388313049Z,AAPL,0.0,0.0,-0.15184698496130822,0.0,0.0,0.0,0.0,0.0,0.0,0.0,-0.013964845454863192
2024-10-21T12:21:01.707857424Z,AAPL,-0.418848167539267,1.4066424783700808,2.6143790849673203,0.0030513387748874817,0.18687222611539359,8.233841086867024,0.24404416037187682,0.5829285218598196,0.012037315678603671,29.368575624082233,6.275115588481274
2024-10-21T12:21:01.856825426Z,AAPL,0.4266666666666667,0.0,0.0,0.0,0.0,0.0,0.0,0.0,0.0,0.0,0.0178973288787803
2024-10-21T12:21:01.856837629Z,AAPL,0.0,-3.991020204539786,-0.9354120267260579,-1.408202781200493,-0.001677570877369569,-1.4139271827500886,-1.1894142134998513,-0.9810791871058163,-0.7727690892364305,-0.008469193309337285,-1.073124314655456
2024-10-21T12:21:06.853945458Z,AAPL,0.0,0.0,-0.20754340451007783,-4.224608343601479,-0.001679613688851564,-6.0606060606060606,-0.024509803921568627,-0.9151223976206817,-0.18891687657430728,-0.91324200913242,-1.5731071295483585
2024-10-21T12:21:06.917506080Z,AAPL,0.0,0.0,0.22569444444444445,0.0,0.0,0.0,0.0,0.0,0.0,0.0,0.020756342560841582
2024-10-21T12:21:06.917557816Z,AAPL,0.0,0.0,-0.2573203194321207,-0.33721126285617936,-0.695198783402129,-0.010700909577314071,-0.2593192868719611,-4.118616144975288,-1.3405681455473986,-0.5065326633165829,-0.747488869741472
2024-10-21T12:21:06.921270364Z,AAPL,0.0,0.0,0.8873114463176575,1.2636234402148159,0.0018335166850018336,0.9429514380009429,1.3395847287340925,0.8491710473109583,0.8267716535433071,0.007889546351084813,0.6385144493442716
2024-10-21T12:21:06.921738635Z,AAPL,0.0,0.0,0.0,0.0,0.059268039709586606,0.009214466712738999,1.3176777560339203,0.08789277081960008,1.330671989354624,0.11980830670926518,0.2844871893134311
2024-10-21T12:21:06.921761416Z,AAPL,0.0,0.0,-8.236101578586137,-0.08764241893076248,-0.0021448871253150303,-4.085760517799353,-0.02625533311453889,-0.9420631182289213,-0.2084056964223689,-0.8728426899424717,-1.598307867157065
2024-10-21T12:21:06.954173708Z,AAPL,0.0,0.0,1.3328890369876707,3.3121722329561134,0.06865381314720521,0.008090614886731393,1.3258943222842139,0.09420631182289213,1.3893713094824593,0.11902400317397341,0.7593630806460481
2024-10-21T12:21:07.982705400Z,AAPL,0.0,0.0,0.0,0.0,0.07291470236972783,0.23659305993690852,0.0026435794065164235,4.6479521398987576,0.1456133964324718,0.7898894154818326,0.6308617011044636
2024-10-21T12:21:07.982732401Z,AAPL,0.0,0.0,0.0,0.0,0.0,-0.007886435331230283,-1.3350076002907938,-0.09203865623561895,-1.456133964324718,-0.11848341232227488,-0.29242174381926345
2024-10-21T12:21:08.049468728Z,AAPL,0.0,0.0,1.212672426860694,0.0,0.0,0.0,0.0,0.0,0.0,0.0,0.11152531630969555
2024-10-21T12:21:08.155736487Z,AAPL,0.0,0.0,1.176989848462557,0.0,0.0,0.0,0.0,0.0,0.0,0.0,0.10824371218111836
2024-10-21T12:21:08.156275244Z,AAPL,0.24316109422492402,0.0,0.0,0.0,0.0,0.0,0.0,0.0,0.0,0.0,0.010199845485627069
2024-10-21T12:21:08.214593412Z,AAPL,0.0,0.0,-1.1320220744304512,0.0,0.0,0.0,0.0,0.0,0.0,0.0,-0.10410818051437123
2024-10-21T12:21:08.214604801Z,AAPL,0.0,0.0,2.2017338654190173,0.0,0.0,0.0,0.0,0.0,0.0,0.0,0.20248589836110129
2024-10-21T12:21:09.374232780Z,AAPL,0.0,0.0,-0.13935414712582073,-0.1697648756472286,-2.187884589087926,-0.007735447689035002,-0.25754941729444336,-5.062009617818274,-1.5526802218114601,-0.5037984806077569,-0.9570436299917032
2024-10-21T12:21:13.168540873Z,AAPL,-0.24096385542168675,0.0,0.0,0.0,0.0,0.0,0.0,0.0,0.0,0.0,-0.010107678207142487
2024-10-21T12:21:16.960024614Z,AAPL,0.0,0.0,-5.654376251619744,-0.04805501470649157,-0.006967427277477791,-3.6881504473251776,-0.02809778027535825,-0.8279859242392879,-0.22189349112426038,-0.8427504309519249,-1.286240402416954
2024-10-21T12:21:16.960037598Z,AAPL,0.0,0.0,0.9858287122612446,1.8888713993388953,0.23819301848049282,0.008035355564483728,1.419436441571218,0.07593014426727411,1.4245014245014245,0.18270401948842876,0.6144650083458076
2024-10-21T12:21:17.837910042Z,AAPL,0.0,0.13461040641988092,0.5118362124120281,0.5929219937002038,0.011111111111111112,0.873743993010048,1.3674278681799537,0.7909604519774012,0.8780487804878049,0.0311284046692607,0.5424584948983029
2024-10-21T12:21:17.837922361Z,AAPL,0.0,-2.0709293295366296,-0.13480233311730394,-0.14358017157830502,-5.657708628005658,-0.008930564858227283,-0.2811753128075355,-3.5056967572304996,-1.4423076923076923,-1.8708240534521159,-1.4936884426413175
2024-10-21T12:21:17.892771425Z,AAPL,0.0,0.0,1.0270894851713956,0.0,0.0,0.0,0.0,0.0,0.0,0.0,0.09445789083259233
2024-10-21T12:21:18.021293469Z,AAPL,0.0,0.0,0.0,0.0,-0.010946907498631636,-5.348159915276675,-0.02873356799080526,-0.624512099921936,-0.1947419668938656,-3.1976744186046515,-1.3486846371209984
2024-10-21T12:21:18.047828600Z,AAPL,0.0,0.0,0.9685230024213075,0.0,0.0,0.0,0.0,0.0,0.0,0.0,0.08907173265073386
2024-10-21T12:21:18.102401275Z,AAPL,0.0,0.0,-0.9569377990430622,0.0,0.0,0.0,0.0,0.0,0.0,0.0,-0.08800628130323704
2024-10-21T12:21:18.102413183Z,AAPL,0.0,0.0,1.8475750577367205,0.0,0.0,0.0,0.0,0.0,0.0,0.0,0.16991512972172323
2024-10-21T12:21:18.739881846Z,AAPL,0.0,1.0629816635663034,0.0,0.0,0.0,0.0,0.0,0.0,0.0,0.0,0.09458194312901
2024-10-21T12:21:21.742772097Z,AAPL,0.0,-1.0629816635663034,0.0,0.0,0.0,0.0,0.0,0.0,0.0,0.0,-0.09458194312901
2024-10-21T12:21:26.102195386Z,AAPL,0.0,0.0,1.9905449116695697,0.0,0.0,0.0,0.0,0.0,0.0,0.0,0.18306357593805964
2024-10-21T12:21:26.482363138Z,AAPL,0.0,0.0,-1.0045203415369162,0.0,0.0,0.0,0.0,0.0,0.0,0.0,-0.09238228424096706
2024-10-21T12:21:26.509547941Z,AAPL,0.0,0.0,0.9888751545117429,0.0,0.0,0.0,0.0,0.0,0.0,0.0,0.09094345014772084
2024-10-21T12:21:26.750764565Z,AAPL,0.0,0.0,-1.0235414534288638,0.0,0.0,0.0,0.0,0.0,0.0,0.0,-0.09413159054440398
2024-10-21T12:21:26.750773173Z,AAPL,0.0,0.0,-5.619292905642706,-0.0016306563391765185,-2.6751423652496356,-0.06791171477079797,-0.5369127516778524,-0.059940059940059943,-1.4430960970810103,-0.16570008285004142,-0.9712482126622832
2024-10-21T12:21:26.750785721Z,AAPL,0.0,0.0,1.8458698661744348,1.9810152703260422,0.005049229992426155,3.208895949166005,0.06102212051868802,0.38113387327298714,0.19960079840319359,1.7113963438350834,1.1647617985129506
2024-10-21T12:21:26.804818995Z,AAPL,0.0,1.092001092001092,0.0,0.0,0.0,0.0,0.0,0.0,0.0,0.0,0.0971640327585216
2024-10-21T12:21:26.804831024Z,AAPL,0.0,-2.184002184002184,0.0,0.0,0.0,0.0,0.0,0.0,0.0,0.0,-0.1943280655170432
2024-10-21T12:21:26.876199312Z,AAPL,0.0,0.0,1.8617640214102862,0.0,0.0,0.0,0.0,0.0,0.0,0.0,0.17122003995696103
2024-10-21T12:21:28.271344736Z,AAPL,0.0,0.0,2.052861175263023,0.0,0.0,0.0,0.0,0.0,0.0,0.0,0.18879458857969247
2024-10-21T12:21:29.830172186Z,AAPL,0.0,0.0,0.0,0.0,0.14082797134879202,0.005189413596263622,4.325481798715203,0.035842293906810034,1.4321518080916578,0.205620287868403,0.6071068926439692
2024-10-21T12:21:43.255561253Z,AAPL,0.0,0.14196014196014195,0.48816206980717597,0.6374248037926776,0.004856136943061794,0.5189413596263622,4.282655246252677,0.3763440860215054,0.9022556390977443,0.013708019191226868,0.7430597571849986
2024-10-21T12:21:43.255575289Z,AAPL,0.0,-2.176278563656148,0.0,0.0,0.0,0.0,0.0,0.0,0.0,0.0,-0.19364083351167824
2024-10-21T12:21:43.310928524Z,AAPL,0.0,-1.1185682326621924,-0.11998154130133826,-0.15747411519231527,-2.041337075784639,-0.0051236070193416165,-0.7889546351084813,-1.8578727357176033,-1.5267175572519083,-0.8823529411764706,-0.8392240216181069
2024-10-21T12:21:45.092124924Z,AAPL,0.0,0.0,1.804239963915201,0.0,0.0,0.0,0.0,0.0,0.0,0.0,0.16592975004399227
2024-10-21T12:21:45.108232814Z,AAPL,0.0,0.0,0.0,0.0,-0.005085176709890668,-2.765986580857182,-0.07187780772686433,-0.3747072599531616,-0.21156558533145273,-1.593625498007968,-0.708591922627756
2024-10-21T12:21:45.108296167Z,AAPL,0.0,0.0,0.0,0.045615414864333466,0.0,0.0,0.0,0.0,0.0,0.0,0.0047522010959967645
2024-10-21T12:21:48.360630060Z,AAPL,0.0,0.16833926837164132,0.43754101947057533,0.6211421250824954,0.005356903709655819,0.5403944879762226,3.352891869237217,0.4085603112840467,0.901932712956335,0.014820303816228234,0.6531501076980014
2024-10-21T12:21:48.360641832Z,AAPL,0.0,0.0,-0.8587376556462001,-0.15511090429657204,-2.1427614838623272,-0.005403944879762226,-0.6705783738474435,-1.9455252918287937,-1.5032211882605584,-0.9336791404223788,-0.818937308093198
2024-10-21T12:21:48.415524174Z,AAPL,0.0,0.0,1.6859852476290833,0.0,0.0,0.0,0.0,0.0,0.0,0.0,0.15505427011487075
2024-10-21T12:21:48.426249325Z,AAPL,0.0,0.0,0.0,-0.04493163419452299,0.0,0.0,0.0,0.0,0.0,0.0,-0.0046809650180577814
2024-10-21T12:21:48.426358775Z,AAPL,0.0,0.0,0.0,0.04220265389765856,5.53888760673898,0.0057987822557262975,3.126934984520124,0.03925417075564279,1.3893713094824593,0.23041474654377883,0.9558743648751901
2024-10-21T12:21:48.440341021Z,AAPL,0.0,1.7086715079026058,0.39556962025316456,0.6731456939711389,0.0042256496936403974,0.6160480517480363,2.719238613188307,0.4327666151468315,0.8624229979466119,0.016346546791990192,0.7385602138265956
2024-10-21T12:21:48.582445356Z,AAPL,0.0,0.0,-0.10387534958050339,-1.9942664838589055,-0.004411602514613433,-3.0643203883495143,-0.05157962604771115,-0.4296455424274973,-0.20833333333333334,-1.8448637316561844,-1.0111051914248845
2024-10-21T12:21:48.582457462Z,AAPL,0.0,0.0,0.8804754567466432,0.04263343445109453,5.12656199935918,0.005986231667165519,2.3598130841121496,0.04489337822671156,1.4144271570014144,0.25773195876288657,0.9325717865202403
2024-10-21T12:21:48.968862759Z,AAPL,0.0,-1.8682858477347035,0.0,0.0,0.0,0.0,0.0,0.0,0.0,0.0,-0.16623626903057667
2024-10-21T12:21:49.023156980Z,AAPL,0.0,1.8682858477347035,0.0,0.0,0.0,0.0,0.0,0.0,0.0,0.0,0.16623626903057667
2024-10-21T12:21:49.023170310Z,AAPL,0.0,-1.9598236158745714,0.0,0.0,0.0,0.0,0.0,0.0,0.0,0.0,-0.17438111317710173
2024-10-21T12:21:53.593348279Z,AAPL,0.0,0.0,0.9109542245502164,0.0,0.0,0.0,0.0,0.0,0.0,0.0,0.08377732995844472
2024-10-21T12:21:53.647894830Z,AAPL,0.0,0.0,-0.9242144177449167,0.0,0.0,0.0,0.0,0.0,0.0,0.0,-0.08499682436403207
2024-10-21T12:21:53.647907823Z,AAPL,0.0,0.0,1.8327605956471935,0.0,0.0,0.0,0.0,0.0,0.0,0.0,0.16855269454640587
2024-10-21T12:21:55.660629861Z,AAPL,0.0,0.0,0.0,0.0,0.0,0.0,0.0,0.0,0.0,0.0,0.0
2024-10-21T12:22:01.337904135Z,AAPL,0.0,-2.3323615160349855,0.0,0.0,0.0,0.0,0.0,0.0,0.0,0.0,-0.20752877667315722
2024-10-21T12:22:03.706361217Z,AAPL,-0.013110455588331694,-4.183006535947713,-0.12336892052194544,-2.8066892761080573,-0.0024922118380062306,-3.7693599552155255,-0.029985007496251874,-0.6914433880726015,-0.20876826722338207,-2.906208718626156,-1.7619785432650186
2024-10-21T12:22:03.777516702Z,AAPL,0.0,-0.2704108164326573,-5.159071367153913,-0.0024686786397580696,-1.252557822285608,-0.07316627034936893,-0.29996250468691416,-0.11121408711770157,-1.5482054890921886,-0.27643400138217,-0.8403500020477122
2024-10-21T12:22:03.777529729Z,AAPL,0.0,1.979707993071022,0.11550422034651267,2.908562079621887,0.00254323499491353,3.629177146963708,0.029122679286494358,0.8,0.21428571428571427,3.1768953068592056,1.6093019967043527
2024-10-21T12:22:03.781981187Z,AAPL,0.0,-1.8034265103697023,0.0,0.0,0.0,0.0,0.0,0.0,0.0,0.0,-0.1604652173103988
2024-10-21T12:22:09.127308929Z,AAPL,0.0,0.0,-0.13562605957859047,-0.2432350258437215,-1.017293997965412,-0.007186489399928135,-0.2912267928649436,-4.0,-1.5,-1.8194945848375452,-0.9679201105594429
2024-10-21T12:22:16.157355560Z,AAPL,0.0,0.0,-5.401755570560432,-0.002628639022146284,-1.244455396747166,-0.07887990534411359,-0.28933092224231466,-0.12207527975584945,-1.5198618307426597,-0.311284046692607,-0.8417218191543453
2024-10-21T12:22:16.158383793Z,AAPL,0.0,0.18149408523740074,0.0,0.0,0.0,0.0,0.0,0.0,0.0,0.0,0.016148974000721128
2024-10-21T12:22:20.068422134Z,AAPL,0.0,1.1869436201780414,0.12486064659977704,3.4312674244048895,0.002390057361376673,4.414335664335664,0.02874595759971254,0.8281573498964804,0.20066889632107024,3.7130801687763713,1.792079632694891
2024-10-21T12:22:20.078770275Z,AAPL,0.0,0.15808122104115563,0.0,0.0,0.0,0.0,0.0,0.0,0.0,0.0,0.014065745036576007
2024-10-21T12:22:20.078850920Z,AAPL,0.0,0.0,-5.243609351103343,-0.002695781102574471,-1.3253723508956106,-0.08016032064128256,-0.3170828378913991,-0.11278195488721804,-1.487994589110585,-0.2991772625280479,-0.8313650160583672
2024-10-21T12:22:20.140239259Z,AAPL,0.0,0.0,0.3872966692486445,1.173106532737004,0.0025404890441409972,0.8898776418242491,1.5741833923652107,0.8022922636103151,0.8256880733944955,0.03233629749393695,0.5981284865544934
2024-10-21T12:22:20.140291372Z,AAPL,0.0,0.0,-0.10659086871558003,-0.3004356316659156,-1.0356657388827755,-0.009080590238365494,-0.33613445378151263,-3.54924578527063,-1.3530927835051547,-1.947449768160742,-0.9407246453094578
2024-10-21T12:22:20.142525001Z,AAPL,0.0,0.9265693768820941,0.0,0.0,0.0,0.0,0.0,0.0,0.0,0.0,0.0824442557318658
2024-10-21T12:22:20.142535602Z,AAPL,0.0,0.13812154696132597,0.3033060357901122,1.234186979327368,0.002766634389265459,0.9250693802035153,1.8709073900841908,0.695364238410596,0.7959570435881238,0.02971768202080238,0.6300242064335996
2024-10-21T12:22:20.142546696Z,AAPL,0.0,-0.8976660682226212,-0.08499787505312367,-0.31648073423530343,-1.1297839288236124,-0.00944733112895607,-0.4046535154274153,-3.1055900621118013,-1.3051584835301429,-1.796151104775481,-0.9637091800191967
2024-10-21T12:22:20.146234448Z,AAPL,0.0,0.0,0.2681324574339724,1.2684319010623115,0.002970223509319076,0.9427292010370021,2.109704641350211,0.6516679596586501,0.7806691449814126,0.028612303290414875,0.6384878965717904
2024-10-21T12:22:20.260745295Z,AAPL,0.0,-0.8547008547008547,0.0,0.0,0.0,0.0,0.0,0.0,0.0,0.0,-0.07604954102445825
2024-10-21T12:22:20.322223273Z,AAPL,0.0,-0.8176614881439085,0.0,0.0,0.0,0.0,0.0,0.0,0.0,0.0,-0.07275385363746212
2024-10-21T12:22:21.536007375Z,AAPL,0.0,0.0,-0.05961935335932125,-0.3268240869352071,-1.358119005177829,-0.009590026372572525,-0.5085823267641449,-2.917578409919767,-1.2727272727272727,-1.7439446366782008,-0.8829931632406026
2024-10-21T12:22:21.539297131Z,AAPL,0.0,0.0,0.21925016443762332,1.3099721630915342,0.003608154429009562,0.9569377990430622,2.680965147453083,0.6122448979591837,0.7613293051359517,0.027777777777777776,0.6913780391483796
2024-10-21T12:22:21.583281944Z,AAPL,0.0,0.7524454477050414,0.06357209404285635,3.9299164892746026,0.003608154429009562,4.832535885167464,0.05361930294906166,0.5830903790087464,0.18126888217522658,3.0555555555555554,1.7317491698088703
2024-10-21T12:22:22.095263170Z,AAPL,0.0,0.0,-0.06351820267011704,-0.3050407992068939,-1.4570621983425918,-0.00874125874125874,-0.5738880918220947,-2.7247956403269753,-1.289530242554498,-1.5730337078651686,-0.8515596008294114
2024-10-21T12:22:22.945397458Z,AAPL,0.0,0.7268762493185535,0.0,0.0,0.0,0.0,0.0,0.0,0.0,0.0,0.06467596801643916
2024-10-21T12:22:22.945406901Z,AAPL,0.0,0.10157058214991066,0.23618327822390175,1.2487317568094904,0.0035149384885764497,0.8934554389099844,3.0441400304414,0.5429864253393665,0.7638678387390119,0.024038461538461536,0.7155119769368754
2024-10-21T12:22:22.945697032Z,AAPL,0.0,-0.7667976612671332,-0.06376195536663125,-0.3121829392023726,-1.40597539543058,-0.008934554389099843,-0.60882800608828,-2.585649644473174,-1.2731130645650197,-1.5144230769230769,-0.8953507535457441
2024-10-21T12:22:22.986296201Z,AAPL,0.0,-0.7667976612671332,0.0,0.0,0.0,0.0,0.0,0.0,0.0,0.0,-0.06822809393165238
2024-10-21T12:22:23.024563308Z,AAPL,0.0,0.7839294463498285,0.0,0.0,0.0,0.0,0.0,0.0,0.0,0.0,0.0697524452708407
2024-10-21T12:22:23.028903196Z,AAPL,0.0,0.10984540276647681,0.2727210745210336,1.0315260137966604,0.004010829238945152,0.7186489399928134,2.9455081001472756,0.559254327563249,0.8216498206716661,0.022197558268590458,0.6689095275116778
2024-10-21T12:22:23.028915916Z,AAPL,0.0,-0.8330729980214516,-0.07363469012067907,-0.2578815034491651,-1.6043316955780609,-0.007186489399928135,-0.5891016200294551,-2.663115845539281,-1.3694163677861102,-1.3984461709211988,-0.9091036640456427
2024-10-21T12:22:23.079803882Z,AAPL,0.1092896174863388,0.02178886588953045,0.5853944094833895,0.07465087843490571,4.499437570303712,0.007198128486593485,2.807505211952745,0.05329780146568954,1.3084723585214262,0.3320420586607637,0.9092010294002508
2024-10-21T12:22:23.079851405Z,AAPL,0.0,0.0,0.0,0.0,0.0,0.0,0.0,0.0,0.0,0.0,0.0
2024-10-21T12:22:23.079869699Z,AAPL,0.0,0.0,0.0,0.0,0.0,0.0,0.0,0.0,0.0,0.0,0.0
2024-10-21T12:22:23.079869699Z,AAPL,0.0,0.0,0.0,0.0,0.0,0.0,0.0,0.0,0.0,0.0,0.0
2024-10-21T12:22:23.079869699Z,AAPL,0.0,0.0,0.0,0.0,0.0,0.0,0.0,0.0,0.0,0.0,0.0
2024-10-21T12:22:23.079869699Z,AAPL,0.0,0.0,0.0,0.0,0.0,0.0,0.0,0.0,0.0,0.0,0.0
2024-10-21T12:22:23.079869699Z,AAPL,1.8497109826589595,0.0,0.0,0.0,0.0,0.0,0.0,0.0,0.0,0.0,0.07758957606407643
2024-10-21T12:22:23.079955251Z,AAPL,0.0,0.14983351831298558,0.6213109661385524,1.0785305021907652,0.002390914524805738,0.7696748123917644,2.2650056625141564,0.4852686308492201,0.8095085126887247,0.01972386587771203,0.6403048566046898
2024-10-21T12:22:23.083910618Z,AAPL,-0.2127659574468085,-1.1754334410813987,-0.22023922536548318,-2.9936385181489333,-0.002465179341797116,-3.548840477863668,-0.04576659038901602,-0.4576659038901602,-0.19880715705765406,-2.0676691729323307,-1.3446937903919576
2024-10-21T12:22:23.088151194Z,AAPL,4.052684903748734,0.03221130616846513,1.8428933425478,0.07089597848673757,2.905217286042852,0.006918021445866482,2.116291251964379,0.047961630695443645,1.3486176668914363,0.28971511347175277,0.9818496750386045
2024-10-21T12:22:23.116151189Z,AAPL,0.0,-1.382886776145203,-0.33047735618115054,-0.24860161591050342,-0.9082652134423252,-0.007049700387733521,-0.418848167539267,-2.290950744558992,-1.400933955970647,-1.1786716557530401,-0.8358304138210098
2024-10-21T12:22:23.241854315Z,AAPL,0.0,-1.484230055658627,0.0,0.0,0.0,0.0,0.0,0.0,0.0,0.0,-0.1320637669738273
2024-10-21T12:22:26.043027067Z,AAPL,0.0,-1.5399422521655437,0.0,0.0,0.0,0.0,0.0,0.0,0.0,0.0,-0.13702092473319138
2024-10-21T12:22:26.221438925Z,AAPL,0.0,0.0,2.157497303128371,0.0,0.0,0.0,0.0,0.0,0.0,0.0,0.19841761372574476
2024-10-21T12:22:29.394160247Z,AAPL,0.0,0.0,2.10194429847609,0.0,0.0,0.0,0.0,0.0,0.0,0.0,0.193308594770116
2024-10-21T12:22:36.707463498Z,AAPL,0.0,0.0,0.9876543209876543,1.6104680422747861,0.001665972511453561,1.309328968903437,1.7204301075268817,0.484149855907781,0.7272727272727273,0.02318840579710145,0.7316208633372141
2024-10-21T12:22:36.707506060Z,AAPL,0.0,0.0,-0.24644549763033174,-0.4564125969876769,-0.6346939585068825,-0.01568012544100353,-0.33003300330033003,-2.3296447291788,-1.1830985915492958,-1.5460122699386503,-0.7381062420169315
2024-10-21T12:22:40.428425309Z,AAPL,0.0,0.0,0.0,0.0,0.0,0.0,0.0,0.0,0.0,0.0,0.0
2024-10-21T12:22:40.428425309Z,AAPL,0.0,0.0,0.0,0.0,0.0,0.0,0.0,0.0,0.0,0.0,0.0
2024-10-21T12:23:09.008613373Z,AAPL,0.11756061719324026,0.7311277645768598,0.04482294935006723,1.5618898867629831,0.04137832631804238,22.44039270687237,0.0031493583182426585,2.1944595328625747,0.10646792653713069,2.680965147453083,4.074846394182961
2024-10-21T12:23:09.008621599Z,AAPL,0.0,0.6937218175511619,0.9172208209126347,0.03923107100823853,0.29592365169786194,0.5353022611905861,3.583159151985668,0.004349717268377556,4.853435848149928,0.2689979825151312,1.0870559007411802
2024-10-21T12:23:09.008973422Z,AAPL,0.0,-0.6599571027883188,-0.04801920768307323,-1.5183146707155057,-0.044851718671461156,-14.260249554367201,-0.0031026993484331365,-2.0844082138066247,-0.09823182711198429,-2.544529262086514,-2.865277774414311
2024-10-21T12:23:09.009065871Z,AAPL,14.914904589994842,0.025559105431309903,0.984251968503937,0.03813155386081983,0.3217632626794835,0.3417796110783736,3.5327886950761758,0.004131377814501136,4.511949966495421,0.2552648372686663,1.596097953926462
2024-10-21T12:23:09.047049975Z,AAPL,0.0,-0.6102212051868803,-0.05170630816959669,-1.4771048744460855,-0.04896167482694581,-10.450685826257349,-0.003057402736375449,-1.9848678392453571,-0.09117848187827673,-2.4213075060532687,-2.286567388763491
2024-10-21T12:23:09.047528450Z,AAPL,0.0,-0.029607698001480384,-2.0687871735195245,-0.21418020679468242,-2.0260003376667233,-0.008708904855214456,-1.5439883818696019,-0.03930431364842291,-0.9117848187827673,-0.36319612590799033,-0.6868970702179771
2024-10-21T12:23:09.079779485Z,AAPL,0.0,1.1843079200592155,0.0,0.0,0.0,0.0,0.0,0.0,0.0,0.0,0.10537730628999693
2024-10-21T12:23:09.081699019Z,AAPL,0.0,0.0,1.968019680196802,0.0,0.0,0.0,0.0,0.0,0.0,0.0,0.18099200779706312
2024-10-21T12:23:09.087775155Z,AAPL,0.0,0.0,-2.0045101478326233,0.0,0.0,0.0,0.0,0.0,0.0,0.0,-0.1843479107228919
2024-10-21T12:23:09.087785825Z,AAPL,0.0,0.0,-0.29614500893540974,-9.966777408637872,-0.0016333197223356473,-4.59613196814562,-0.03256533420174225,-0.36473055530227044,-0.13419816595839856,-2.4774774774774775,-2.162078014239782
2024-10-21T12:23:09.087797026Z,AAPL,0.0,0.0,2.0817069997397866,0.25686448184233834,1.928562818915987,0.009310986964618248,1.6999074307834723,0.03520506953001232,0.886328384666519,0.32644178454842215,0.6885817838645862
2024-10-21T12:23:09.133329159Z,AAPL,0.0,0.0,2.082248828735034,0.0,0.0,0.0,0.0,0.0,0.0,0.0,0.19149727009241582
2024-10-21T12:23:09.155634175Z,AAPL,0.0,0.0,0.0,-8.440302444170916,-0.0016884761502743773,-4.208333333333333,-0.035124692658939236,-0.34928396786587496,-0.13550135501355012,-2.2762545266425245,-1.8877081981425028
2024-10-21T12:23:09.155732424Z,AAPL,0.0,0.0,0.0,0.18296973961998594,2.0261713803292527,0.008333333333333333,1.7737969792764314,0.0349283967865875,0.9033423667570009,0.3103983445421624,0.5039580590876236
2024-10-21T12:23:09.242822823Z,AAPL,0.0,0.0,1.0222335803731153,2.675137936799866,0.001717401571422438,0.8164931618697694,1.6966406515100103,0.3798498688613548,0.5745554035567715,0.021378941742383754,0.7492167330778907
2024-10-21T12:23:09.242876186Z,AAPL,0.0,0.0,0.0,0.0,-0.0506108202443281,-0.008164931618697694,-0.33932813030200204,-1.8088088993397846,-0.9575923392612858,-1.3468733297701765,-0.5150913874330019
2024-10-21T12:23:09.312635376Z,AAPL,0.0,1.2357120790855731,0.05275652862041677,0.0,0.0,0.0,0.0,0.0,0.0,0.0,0.11480298031359562
2024-10-21T12:23:09.319468618Z,AAPL,0.0,-1.199580146948568,0.0,0.0,0.0,0.0,0.0,0.0,0.0,0.0,-0.10673619792906422
2024-10-21T12:23:09.729465211Z,AAPL,0.0,1.2004801920768309,0.0,0.0,0.0,0.0,0.0,0.0,0.0,0.0,0.10681628211118388
2024-10-21T12:23:09.784075201Z,AAPL,0.0,1.2013815888271513,0.0,0.0,0.0,0.0,0.0,0.0,0.0,0.0,0.10689648655788096
2024-10-21T12:23:11.099071185Z,AAPL,0.0,0.0,0.0,0.0,0.0,0.0,0.0,0.0,0.0,0.0,0.0
2024-10-21T12:23:11.099071185Z,AAPL,-0.5890582431337898,0.0,0.0,0.0,0.0,0.0,0.0,0.0,0.0,0.0,-0.02470914634247335
2024-10-21T12:23:11.099138993Z,AAPL,0.0,-0.03244646333549643,-0.29082774049217003,-5.385392123864019,-0.0017493986442160508,-7.018763029881862,-0.035695163305372125,-0.37875201212006443,-0.1457017969888295,-2.3617820719269993,-2.0154686006749283
2024-10-21T12:23:11.171874633Z,AAPL,0.0,-1.29764801297648,0.0,0.0,0.0,0.0,0.0,0.0,0.0,0.0,-0.11546207688384902
2024-10-21T12:23:11.208162821Z,AAPL,0.0,1.2769353551476457,0.0547945205479452,0.09872792861211314,2.078371941978783,0.018561484918793503,1.920152091254753,0.039350713231677326,1.0758472296933834,0.3194888178913738,0.6516909799405564
2024-10-21T12:23:12.139603042Z,AAPL,0.0,1.238390092879257,0.0,0.0,0.0,0.0,0.0,0.0,0.0,0.0,0.11018942786206336
2024-10-21T12:23:12.190123660Z,AAPL,0.0,0.0,0.0,0.0,0.0017917133258678612,1.774622892635315,1.8315018315018314,0.42988741044012285,0.6855277475516866,0.022026431718061675,0.5408769582062523
2024-10-21T12:23:12.190244811Z,AAPL,0.0,0.0,-0.3714759535655058,-0.3595505617977528,-0.7166853303471444,-0.01774622892635315,-0.3663003663003663,-2.0470829068577276,-1.1425462459194777,-1.3876651982378856,-0.6941639658956474
2024-10-21T12:23:12.195254017Z,AAPL,0.0,0.0,1.3821700069108502,1.4008054631413063,0.0018243181610872938,1.6999575010624735,1.7667844522968197,0.448,0.693450742982939,0.02280501710376283,0.7995054706667156
2024-10-21T12:23:13.923503589Z,AAPL,0.0,0.0,0.0,0.0,-0.04746835443037975,-0.02163331530557058,-0.33855268726195514,-2.154011847065159,-1.12933584296854,-1.5189873417721518,-0.5930168251003758
2024-10-21T12:23:14.014125157Z,AAPL,0.0,-0.024271844660194174,-0.3656821378340366,-3.993676678592229,-0.0018885741265344666,-8.58478538036549,-0.0353356890459364,-0.4266666666666667,-0.1651073197578426,-2.508551881413911,-2.128622607031895
2024-10-21T12:23:14.014138266Z,AAPL,0.0,1.8099547511312217,0.0,0.0,0.0,0.0,0.0,0.0,0.0,0.0,0.16104608687532335
2024-10-21T12:23:24.180057341Z,AAPL,0.0,0.8662696264212236,0.07624857033930614,0.08243500317057705,2.3490261329157285,0.016999575010624733,1.784452296819788,0.042666666666666665,1.1007154650522841,0.3420752565564424,0.6310869132298663
2024-10-21T12:23:24.244388472Z,AAPL,0.0,0.0,0.0,-3.4066713981547196,-0.002120665889089174,-7.070353517675884,-0.03695150115473441,-0.4226096143687269,-0.169061707523246,-2.3796646836127637,-1.7963807484367682
2024-10-21T12:23:24.244727755Z,AAPL,0.0,0.0,0.0,0.08231036684879019,2.5412960609911055,0.0145032632342277,1.9376498800959232,0.04056795131845842,1.113895850737956,0.3139717425431711,0.5748404597685559
2024-10-21T12:23:24.253824768Z,AAPL,0.0,0.7677543186180422,0.0,0.0,0.0,0.0,0.0,0.0,0.0,0.0,0.06831321535402392
2024-10-21T12:23:24.273148439Z,AAPL,0.0,0.0,0.0,0.0,0.0021211157068618093,1.400070003500175,1.8475750577367205,0.4437400950871632,0.7100591715976332,0.02163331530557058,0.4928224236760708
2024-10-21T12:23:24.273199301Z,AAPL,0.0,0.0,-0.5876591576885407,-0.2898130705694827,-0.8320765510426958,-0.014000700035001751,-0.3695150115473441,-2.1130480718436346,-1.183431952662722,-1.3628988642509463,-0.7226307403263346
2024-10-21T12:23:24.281024032Z,AAPL,0.0,0.0,1.9588638589618024,1.1590003621876133,0.002083224832039998,1.3531799729364005,1.78173719376392,0.46306504961411243,0.718562874251497,0.022383883603805263,0.7832878437803761
2024-10-21T12:23:25.922987113Z,AAPL,0.0,0.0,0.0,0.0,-0.060413520129159945,-0.013531799729364004,-0.35634743875278396,-2.205071664829107,-1.1976047904191618,-1.4101846670397316,-0.588592382261083
2024-10-21T12:23:26.667483730Z,AAPL,0.0,0.0,0.0,0.0,0.0020862671465081105,1.309328968903437,1.7204301075268817,0.484149855907781,0.7272727272727273,0.02318840579710145,0.47304761652703453
2024-10-21T12:23:26.667566801Z,AAPL,0.0,0.0,-0.5284552845528455,-0.2959893443836022,-0.8186655751125664,-0.01309328968903437,-0.34408602150537637,-2.3054755043227666,-1.2121212121212122,-1.4608695652173913,-0.7508803005322222
2024-10-21T12:23:26.671669972Z,AAPL,0.0,0.0,2.0544427324088343,1.2962812930405898,0.0019309678976587015,1.509433962264151,1.597444089456869,0.5128205128205128,0.7183580387685291,0.02551020408163265,0.8155777236352256
2024-10-21T12:23:29.923042073Z,AAPL,0.0,0.0,0.0,0.0,-0.047464743736023,-0.018639328984156572,-0.3073376872839032,-2.4691358024691357,-1.168939604787086,-1.710794297352342,-0.6541583473601238
2024-10-21T12:23:31.049271170Z,AAPL,0.0,-0.016927634363097757,-0.5948717948717949,-3.88789891462822,-0.0019315273552561688,-7.622641509433962,-0.03194888178913738,-0.4884004884004884,-0.1710376282782212,-2.8061224489795915,-2.0548649217301147
2024-10-21T12:23:31.049283153Z,AAPL,0.0,0.6771053745239103,0.10256410256410256,0.0939347315572111,2.3181686467690525,0.01509433962264151,1.6134185303514377,0.04884004884004884,1.1402508551881414,0.3826530612244898,0.6085802548843804
2024-10-21T12:23:31.105200821Z,AAPL,0.0,0.6771053745239103,0.0,0.0,0.0,0.0,0.0,0.0,0.0,0.0,0.06024745696055262
2024-10-21T12:23:33.817825903Z,AAPL,0.0,-0.01721170395869191,-0.5669599217986315,-3.471719947924201,-0.0020879006159306816,-6.612111292962357,-0.034408602150537634,-0.4610951008645533,-0.17316017316017315,-2.550724637681159,-1.8227788852216902
2024-10-21T12:23:33.817837243Z,AAPL,0.0,1.3530655391120507,0.0,0.0,0.0,0.0,0.0,0.0,0.0,0.0,0.12039301547381467
2024-10-21T12:23:34.381673108Z,AAPL,0.0,0.0,0.0,0.0,0.0023867772540127692,0.9844942160964804,1.8805829807240244,0.4743083003952569,0.7647951441578149,0.020887728459530026,0.4449086889337331
2024-10-21T12:23:34.381786514Z,AAPL,0.0,0.0,0.0,0.0,-0.06444298585834476,-0.009844942160964805,-0.3761165961448049,-2.258610954263128,-1.274658573596358,-1.3159268929503916,-0.5875659060149088
2024-10-21T12:23:35.765078516Z,AAPL,0.0,0.0,0.0,0.0,0.0,0.0,0.0,0.0,0.0,0.0,0.0
2024-10-21T12:23:35.765078516Z,AAPL,-0.38461538461538464,0.0,0.0,0.0,0.0,0.0,0.0,0.0,0.0,0.0,-0.016133409446015892
2024-10-21T12:23:35.765293055Z,AAPL,0.0,0.0,0.0,0.0,0.0,0.0,0.0,0.0,0.0,0.0,0.0
2024-10-21T12:23:35.765293055Z,AAPL,-1.5910430170889804,-0.09156208066935037,-14.358360753813939,-0.0023094688221709007,-1.3588967373023881,-0.08741258741258741,-0.4108885464817668,-0.0670391061452514,-1.3664596273291925,-0.19950124688279303,-1.7264722520499485
2024-10-21T12:23:35.765317844Z,AAPL,-0.48694286275279797,-0.006611570247933884,-3.3071517155849524,-0.23540489642184556,-1.1001856563295056,-0.2342225113858165,-0.0043332250027082655,-0.46756282875511396,-5.517241379310345,-2.0568070519098924,-1.3460903466896403
2024-10-21T12:23:35.765319866Z,AAPL,0.0,-0.34396766703929826,-0.013479359730412805,-0.9431737797689224,-0.28680002868000287,-3.252032520325203,-0.1292948641206752,-0.004730368968779565,-1.0893246187363834,-7.886435331230284,-1.9790049851516722
2024-10-21T12:23:35.765327695Z,AAPL,0.0,-0.35530289571860013,0.0,0.0,0.0,0.0,0.0,0.0,0.0,0.0,-0.031614127908550775
2024-10-21T12:23:35.765330068Z,AAPL,0.0,-0.3640666241922272,0.0,0.0,0.0,0.0,0.0,0.0,0.0,0.0,-0.032393906616407085
2024-10-21T12:23:35.765336405Z,AAPL,0.0,-0.14134275618374556,0.0,0.0,0.0,0.0,0.0,0.0,0.0,0.0,-0.012576390529839738
2024-10-21T12:23:35.765353728Z,AAPL,0.0,0.38384032242587085,0.0,0.0,0.0,0.0,0.0,0.0,0.0,0.0,0.03415333000618603
2024-10-21T12:23:35.765358258Z,AAPL,-1.235839340885685,0.0,0.0,0.0,0.0,0.0,0.0,0.0,0.0,0.0,-0.051839585449608226
2024-10-21T12:23:35.765377342Z,AAPL,0.0,0.4142931123770067,0.0,0.0,0.0,0.0,0.0,0.0,0.0,0.0,0.036862957223662826
2024-10-21T12:23:35.765712149Z,AAPL,0.0,0.43850032887524665,0.0,0.0,0.0,0.0,0.0,0.0,0.0,0.0,0.03901686603754271
2024-10-21T12:23:35.833227941Z,AAPL,0.0,-4.821697639377198,-0.0029342723004694834,-1.2115396149463205,-0.044409903408460086,-0.5352602703064365,-0.16047071409467772,-0.7727432384966632,-0.10462987182840701,-0.7116286592269125,-0.8487621718054356
2024-10-21T12:23:35.833269631Z,AAPL,0.0,0.1273479783508437,3.258877045284812,0.0024031240612796636,2.4087765323157644,0.05075498033244512,1.226617601962588,0.11538461538461539,1.1494252873563218,0.06046863189720333,0.7710270674018467
2024-10-21T12:23:35.833775320Z,AAPL,0.5460750853242321,0.022558087074216106,0.08187772925764193,2.6942074539739562,0.005508883073956755,2.2996357012750455,0.14853323431117713,0.8348987685243164,0.16051364365971107,0.6156429271022806,0.8481738529642041
2024-10-21T12:23:35.833795471Z,AAPL,0.21908330931104067,0.00944733112895607,1.0697332352744533,0.22836263987211694,2.0956123117223315,0.12258796821793416,0.015420200462606014,0.9109542245502164,4.839099927413501,0.5842259006815969,0.9476711295156492
2024-10-21T12:23:35.836802755Z,AAPL,0.0,0.0,-2.921840759678598,-0.0024973465692701502,-2.372841536473629,-0.04795588058985733,-1.5473887814313345,-0.15360983102918585,-0.9517629245078952,-0.05609311457018651,-0.7423031366207622
2024-10-21T12:23:35.873762810Z,AAPL,0.013054830287206267,2.200825309491059,0.2272856412296153,1.079767849912269,0.1194293929005861,0.00516328901510262,1.7582417582417582,4.743833017077798,0.8823529411764706,0.3552798533765685,1.1126769332576785
2024-10-21T12:23:35.901086187Z,AAPL,0.0,0.0,0.0,1.141389641889,0.004423310848169855,2.6074609526268233,0.17582417582417584,0.9487666034155597,0.12605042016806722,0.6203299027209925,0.7089960700349422
2024-10-21T12:23:35.969121189Z,AAPL,0.0,0.0,0.0,1.2104705704342564,0.0,0.0,0.0,0.0,0.0,0.0,0.12610648370946384
2024-10-21T12:23:36.000147454Z,AAPL,0.0,0.0,0.7877116975187082,3.631411711302769,0.0,0.0,0.0,0.0,0.0,0.0,0.45076258934176894
2024-10-21T12:23:36.364328399Z,AAPL,0.0,0.0,0.0,0.0896637608966376,4.6865846514352665,0.0055225735192599755,7.292418772563177,0.09694619486185167,0.8255933952528379,0.08573878250928837,1.2330354062362552
2024-10-21T12:23:36.417876919Z,AAPL,0.0,0.0,0.804707539103757,0.0,0.0,0.0,0.0,0.0,0.0,0.0,0.07400618736559489
2024-10-21T12:23:37.809399308Z,AAPL,0.0,1.3745704467353952,0.0,0.0,0.0,0.0,0.0,0.0,0.0,0.0,0.12230647834861327
2024-10-21T12:23:37.809411756Z,AAPL,0.0,-1.3568521031207599,0.0,0.0,0.0,0.0,0.0,0.0,0.0,0.0,-0.12072993622607349
2024-10-21T12:23:37.892403782Z,AAPL,0.0,-1.3623978201634876,0.0,0.0,0.0,0.0,0.0,0.0,0.0,0.0,-0.12122338283190211
2024-10-21T12:23:39.411730598Z,AAPL,0.0,0.0,0.0,0.0,0.003053668218948011,0.658544616397761,3.627788862688192,0.7495984294128146,0.5762634347130117,0.007132667617689016,0.5797390893073631
2024-10-21T12:23:39.411789045Z,AAPL,0.0,0.0,-0.07544797233574348,-0.3278419801655602,-1.1352348517099473,-0.0070596540769502295,-0.6676681689200467,-3.2803017877644742,-0.9615384615384616,-0.4868624420401855,-0.6887091980401192
2024-10-21T12:23:40.838462060Z,AAPL,0.0,0.0,0.0,-3.66412213740458,-0.0028797696184305254,-3.505727178063172,-0.06695681285570806,-0.598712767549768,-0.1402524544179523,-0.909278776606737,-1.1014531072193543
2024-10-21T12:23:40.838495937Z,AAPL,0.0,0.0,0.0,0.08731581819599282,3.224722875377897,0.007471049682480389,3.1308121512709235,0.05574912891986063,0.936110461034402,0.13614703880190607,0.708638951333327
2024-10-21T12:23:40.883854903Z,AAPL,0.0,1.404741000877963,0.015158405335758678,0.0,0.0,0.0,0.0,0.0,0.0,0.0,0.1263850592526296
2024-10-21T12:23:53.580500087Z,AAPL,-0.08040201005025126,-0.0137221269296741,-0.6558989915553005,-0.0982720497911719,-0.24132730015082957,-3.2408345148875837,-0.00547270488438911,-0.5152647172484864,-4.293688278231,-1.1715481171548117,-1.1789134183034349
2024-10-21T12:23:53.580531557Z,AAPL,0.0,-0.04348771472059144,-0.09016261471582676,-3.828972559029994,-0.002414584087890861,-3.7813552976413325,-0.05496015388843089,-0.5094243504839531,-0.11850681414181315,-1.3793103448275863,-1.232618595606004
2024-10-21T12:23:53.584590487Z,AAPL,0.037418147801683815,1.689189189189189,0.10640184429863452,0.297729810197246,0.9778755653343112,0.00735564545788893,0.5508883073956755,2.370791844476055,0.8445606273878946,0.8832807570977917,0.779109102915112
2024-10-21T12:23:53.687318686Z,AAPL,0.0,1.570783428234832,0.017728924740714476,0.09362200117027501,2.687419517384245,0.008820286659316428,2.5801507216758206,0.04522328999434709,0.7900454276120876,0.25850926324859974,0.755409042704029
2024-10-21T12:23:56.151717030Z,AAPL,0.0,0.0,0.0,0.0,0.0,0.0,0.0,0.0,0.0,0.0,0.0
2024-10-21T12:23:56.151717030Z,AAPL,-3.7313432835820897,-0.035186488388458836,-0.11986301369863014,-4.0033361134278564,-0.002155636990730761,-4.514975413500224,-0.04743833017077798,-0.4149377593360996,-0.14074595355383532,-1.9625334522747548,-1.5980156070122526
2024-10-21T12:23:56.151739820Z,AAPL,-1.707941929974381,-0.01513431706394249,-0.9671179883945841,-0.0936110461034402,-0.2206896551724138,-2.9806259314456036,-0.004852602207934005,-0.4289544235924933,-4.383081306158229,-1.761744966442953,-1.329966125741246
2024-10-21T12:23:56.151743006Z,AAPL,0.0,-0.8022462896109105,-0.011425307055127105,-0.5961696102541173,-0.06619593998234775,-0.7316627034936893,-1.8728783799602013,-0.004532064355313846,-0.8775778850372971,-7.089684509039347,-1.634286452375329
2024-10-21T12:23:56.151744249Z,AAPL,0.0,-0.2168726957276079,-0.6861063464837049,-0.005788293177049418,-0.43713458280968254,-0.21834061135371177,-0.46821959499005034,-1.8336007334402933,-0.00898069151324652,-1.3995801259622114,-0.5992601564215083
2024-10-21T12:23:56.151751835Z,AAPL,0.0,0.0,-0.7196833393306945,0.0,0.0,0.0,0.0,0.0,0.0,0.0,-0.06618680385885765
2024-10-21T12:23:56.151753407Z,AAPL,-0.06805035726437564,-0.2883625128733265,-7.929246721561452,-0.0030771597815216554,-1.125222816399287,-0.07190364911019234,-0.4915212582944213,-0.07033173133278631,-1.0338345864661653,-0.1366586949094636,-1.0350943931542298
2024-10-21T12:23:56.151760470Z,AAPL,0.0,-0.33688938798427853,0.0,0.0,0.0,0.0,0.0,0.0,0.0,0.0,-0.029975731498691576
2024-10-21T12:23:56.151774406Z,AAPL,0.0,0.0,0.47292504138094116,-0.09853025699975367,-0.0047875523638539795,-1.3771733516956448,-0.16533480297602646,-0.4974505658500186,-3.581822252070741,-0.013831258644536654,-0.552059734655164
2024-10-21T12:23:56.151794726Z,AAPL,0.757836720633827,2.310135720473578,0.130605137135394,0.006805614632071459,0.49419322955275513,0.2052334530528476,0.5836859769444039,2.0135917442738482,0.00914703864623828,1.3679890560875514,0.7933315808483434
2024-10-21T12:23:56.151815406Z,AAPL,0.35260930888575454,0.0,0.0,0.0,0.0,0.0,0.0,0.0,0.0,0.0,0.014790854922299475
2024-10-21T12:23:56.151818053Z,AAPL,0.0,1.1733646230566148,0.0,0.0,0.0,0.0,0.0,0.0,0.0,0.0,0.10440359401421667
2024-10-21T12:23:56.151908869Z,AAPL,-1.443001443001443,-0.3678724708767627,-0.34728251432540375,-0.11099805753399317,-0.005683029054486041,-1.326259946949602,-0.2321981424148607,-0.5157297576070139,-3.53045013239188,-0.01340931947703654,-0.7186258102859374
2024-10-21T12:23:56.152059304Z,AAPL,0.0,0.0,0.0974184120798831,0.008408660920748372,0.5562895487101036,0.21559468199784404,0.7607455306200077,2.1133271694624223,0.008843687817820032,1.36986301369863,0.5874500020147514
2024-10-21T12:23:56.152100943Z,AAPL,-0.10053859964093358,0.0,0.0,0.0,0.0,0.0,0.0,0.0,0.0,0.0,-0.004217279022154245
2024-10-21T12:23:56.152326897Z,AAPL,1.484230055658627,0.0,0.0,0.0,0.0,0.0,0.0,0.0,0.0,0.0,0.06225879712006133
2024-10-21T12:23:56.156195112Z,AAPL,0.4569687738004569,0.4834810636583401,0.005225342913128674,0.8504305304560433,0.10147133434804669,0.7475238273219958,3.60198108959928,0.005489227391244682,1.0139416983523448,5.927682276229994,1.6558881825080782
2024-10-21T12:23:56.222863616Z,AAPL,0.0,0.0,1.0333247222939808,5.0120079356792315,0.0034025178632187823,3.9992080776083943,0.08262755629002272,0.5564830272676684,0.1692524682651622,1.1674184133722474,1.4480201046819707
2024-10-21T12:23:56.223377764Z,AAPL,0.0,-5.8013052936910805,-2.8866971373586723,-0.004718093890068413,-1.6989066442388563,-0.08592910848549946,-0.7646721468170522,-0.09085402786190189,-1.2104539202200826,-0.0974184120798831,-1.1491489530023318
2024-10-21T12:23:56.223447893Z,AAPL,0.0,0.0,0.0697786333012512,4.923076923076923,0.0038755934502470693,3.8417649296310388,0.07942811755361398,0.645682001614205,0.1692524682651622,0.9486847779215178,1.3014883419546943
2024-10-21T12:23:56.253764723Z,AAPL,0.0,0.02867383512544803,0.47568081817100727,0.11057869517139697,0.45341192473362046,2.5969810095763672,0.0090049527239982,0.6796941376380629,5.188067444876784,0.8795811518324608,1.1388814217647916
2024-10-21T12:23:56.403764720Z,AAPL,0.03701989819527996,2.511773940345369,0.07134788037338724,0.36859565057132326,1.8136476989344819,0.0064924525239409185,0.90049527239982,3.398470688190314,1.0894941634241244,0.5277486910994764,1.0283190921389278
2024-10-21T12:23:59.004911131Z,AAPL,0.0,-0.3404754916348694,-2.6934515459289603,-0.004113956597757894,-2.0984832744649906,-0.07594456047085626,-0.8637443316778233,-0.0967741935483871,-1.2376933895921238,-0.08633714655730627,-0.6893639990465071
2024-10-21T12:23:59.004923443Z,AAPL,0.0,0.0,0.0,1.813442139861725,0.004001600640256103,3.908668730650155,0.09235742322789194,0.5971040453799075,0.16853932584269662,1.0486177311725453,0.9929662837514104
2024-10-21T12:23:59.008280403Z,AAPL,0.0,0.0,-0.05764834509492098,-0.149049807477332,-0.4042037186742118,-2.88912964969303,-0.00945179584120983,-0.6250976715111737,-4.927322000492732,-0.9997619614377529,-1.1294805316338472
2024-10-21T12:23:59.008322912Z,AAPL,0.0,0.0,0.0,0.5442917403728399,1.5847860538827259,0.0072608458885460156,0.945179584120983,3.0773965225419295,1.0088878212827288,0.6051873198847263,0.7737241437048652
2024-10-21T12:23:59.011947596Z,AAPL,0.0,0.2948652770716828,0.1911771734454906,1.9641541861036091,0.004258490365165549,0.658544616397761,4.4033465433729635,0.6678327238034664,0.6101694915254238,0.009603841536614645,0.9007438754786634
2024-10-21T12:23:59.011960403Z,AAPL,0.0,0.0,-0.3841905585170244,-0.4628022677311119,-1.7603696776323028,-0.0061162079510703364,-0.8984725965858041,-3.089280197713933,-1.0147378593863252,-0.5960264900662251,-0.8110529616610647
2024-10-21T12:23:59.013517894Z,AAPL,0.0,0.0,0.19302224581383004,1.6999575010624735,0.004659832246039143,0.5767844268204758,4.13907284768212,0.6398537477148081,0.6797949824656057,0.009242144177449167,0.8128385073993298
2024-10-21T12:23:59.013530559Z,AAPL,0.0,0.0,-0.7585454890247949,-0.40367342819658897,-1.932367149758454,-0.005404675043912985,-0.8435259384226065,-2.9634019854793303,-1.130247578040904,-0.5739011614666363,-0.8431485991464372
2024-10-21T12:23:59.014238552Z,AAPL,0.0,4.086845466155811,0.18900911969002504,1.4944890715486645,0.005279134221987594,0.5021340697966357,3.9588281868566906,0.6423000458785747,0.6842248167254955,0.009107468123861567,1.126885374336669
2024-10-21T12:23:59.017196811Z,AAPL,0.0,-8.910339706701317,-0.7830470317623452,-0.0036023054755043226,-2.737869341284901,-0.049776007964161276,-0.7336757153338224,-0.09609224855861627,-1.1748998664886516,-0.09317493594223154,-1.3097097173996914
2024-10-21T12:23:59.017282783Z,AAPL,0.0,0.0,0.0,0.0,0.15654442672851138,2.395919819712964,0.06858710562414265,0.6315124723713293,0.18110473890733472,1.0015934441156384,0.5970303745863332
2024-10-21T12:23:59.074518650Z,AAPL,0.0,-0.9672349171805102,0.0,0.0,0.0,0.0,0.0,0.0,0.0,0.0,-0.08606259267185701
2024-10-21T12:24:00.591545399Z,AAPL,0.0,0.0,0.0,0.08782629909734081,0.0,0.0,0.0,0.0,0.0,0.0,0.009149719147990506
2024-10-21T12:24:00.591577923Z,AAPL,0.0,0.0,0.0,0.0,-3.7785260007482226,-0.04153255113695359,-0.5837711617046117,-0.10678056593699947,-1.3297068600785737,-0.0931098696461825,-0.5326350268724592
2024-10-21T12:24:00.591620074Z,AAPL,0.0,0.0,-0.0623987520249595,-0.31623053205787016,-2.7991602519244227,-0.00419639110365086,-0.6105006105006104,-3.2690421706440014,-1.2673506336753169,-0.6530189168178285,-0.8756720211191735
2024-10-21T12:24:00.639005885Z,AAPL,0.0,1.2462029753096036,2.7442684809330515,0.0,0.0,0.0,0.0,0.0,0.0,0.0,0.3632655450061714
2024-10-21T12:24:00.649056842Z,AAPL,0.0,-0.6149588746252594,0.0,0.0,0.0,0.0,0.0,0.0,0.0,0.0,-0.054717787992076966
2024-10-21T12:24:02.009392935Z,AAPL,0.0,-0.5979520143508483,0.0,0.0,0.0,0.0,0.0,0.0,0.0,0.0,-0.05320455220785778
2024-10-21T12:24:03.014231244Z,AAPL,0.0,1.1613558829933948,0.0,0.0,0.0,0.0,0.0,0.0,0.0,0.0,0.10333508078521147
2024-10-21T12:24:12.705753370Z,AAPL,0.0,0.0,0.19094901661256442,1.9856043683296105,0.0045750886423424455,0.5751258087706685,3.0717247734602977,0.5769230769230769,0.7701711491442543,0.019569471624266144,0.7398809271541206
2024-10-21T12:24:12.705792927Z,AAPL,0.0,0.0,-0.05156361900214848,-0.49474335188620905,-1.8300354569369783,-0.005751258087706686,-0.6143449546920595,-2.7472527472527473,-1.2836185819070904,-1.2328767123287672,-0.85347372128599
2024-10-21T12:24:12.758652350Z,AAPL,0.0,0.5362289697700918,0.0,0.0,0.0,0.0,0.0,0.0,0.0,0.0,0.04771256143098929
2024-10-21T12:24:12.758665302Z,AAPL,-23.66863905325444,-0.005300821627352239,0.0,0.0,0.0,0.0,0.0,0.0,0.0,0.0,-0.9932968529885221
2024-10-21T12:24:12.829796906Z,AAPL,0.0,-2.987861811391223,-0.056662956592127896,-2.687599787120809,-0.039761431411530816,-0.7750435962022864,-0.08830022075055188,-0.5851063829787234,-0.13063357282821686,-2.4417314095449503,-1.1293775449405576
2024-10-21T12:24:12.829810064Z,AAPL,0.0,0.0,0.8468745037844705,0.1636469900642899,1.8425613426981666,0.08758484782132692,0.6168080185042406,0.07662835249042145,1.3754298218193186,0.22675736961451246,0.49378416706484174
2024-10-21T12:24:12.887759925Z,AAPL,0.0,0.46101538638852074,2.5641025641025643,0.0,0.0,0.0,0.0,0.0,0.0,0.0,0.27683191245823646
2024-10-21T12:24:12.974071654Z,AAPL,-6.015037593984962,0.0,0.0,0.0,0.0,0.0,0.0,0.0,0.0,0.0,-0.252311967276038
2024-10-21T12:24:12.981737142Z,AAPL,-0.17991004497751123,-0.8869671267808636,-0.004383801852156283,-0.20168067226890757,-0.3181167488468268,-4.730928444707274,-0.00639386189258312,-0.5284015852047557,-5.1007396072430495,-2.6785714285714284,-1.7428793415442787
2024-10-21T12:24:12.981783591Z,AAPL,0.0,-2.4986985944820406,-0.06596383768184227,-3.9709062315706705,-0.03154076644062451,-1.2206286237412267,-0.10413051023950017,-0.5808580858085809,-0.09189065012634964,-2.6315789473684212,-1.3107465941659255
2024-10-21T12:24:12.985831565Z,AAPL,9.216589861751153,0.00425260472039124,0.06531994677633966,0.756000756000756,1.2712537740346417,0.012239902080783353,0.7580064430547659,2.4798512089274642,0.9778812572759022,1.3740458015267176,1.2050722292723712
2024-10-21T12:24:13.052603423Z,AAPL,0.0,0.0,0.0,2.968460111317254,1.5004085270742034,0.14958863126402394,0.8053150795248641,0.07164179104477612,0.9927797833935018,0.22271714922049,0.6707154455175524
2024-10-21T12:24:13.053128647Z,AAPL,0.0,0.0,0.0,0.0,0.0,0.5150214592274679,0.08758484782132692,0.45610034207525657,0.13410818059901655,2.3681377825618943,0.5140076535039212
2024-10-21T12:24:13.053154026Z,AAPL,0.0,0.0,-0.07118375955707883,0.0,0.0,0.0,0.0,0.0,0.0,0.0,-0.006546525776353369
2024-10-21T12:24:13.184858615Z,AAPL,0.0,0.0,0.0,1.4724829744156085,0.0,0.0,0.0,0.0,0.0,0.0,0.15340286229262773
2024-10-21T12:24:13.202985661Z,AAPL,0.0,0.0,0.5516860906144404,0.007399186089530151,0.0,0.0,0.0,0.0,0.0,0.0,0.05150751926593318
2024-10-21T12:24:13.538400660Z,AAPL,0.0,0.0,0.5838563713326521,0.0,0.0,0.0,0.0,0.0,0.0,0.0,0.05369526431871709
2024-10-21T12:24:13.589170912Z,AAPL,0.0,0.0,-0.6297724946862946,0.0,0.0,0.0,0.0,0.0,0.0,0.0,-0.057918012414001546
2024-10-21T12:24:13.589183060Z,AAPL,0.0,0.43888523151195963,3.778337531486146,0.0,0.0,0.0,0.0,0.0,0.0,0.0,0.38653183414911285
2024-10-21T12:24:13.922992508Z,AAPL,0.0,0.0,0.0,0.0,0.0,-0.2656042496679947,-1.2059089538739824,-0.06009013520280421,-1.0776389909380357,-0.16116035455278002,-0.28579289805357067
2024-10-21T12:24:13.923126726Z,AAPL,0.0,0.0,0.0,0.23995200959808038,0.0,0.0,0.0,0.0,0.0,0.0,0.02499813289849569
2024-10-21T12:24:15.708838775Z,AAPL,0.0,0.0,0.3148366784730421,3.0165912518853695,0.002561475409836066,2.656042496679947,6.029544769369913,0.42063094641962945,0.6171932402645114,0.016116035455278004,1.4179452245370419
2024-10-21T12:24:15.708973640Z,AAPL,0.0,-0.07221565087468095,-0.006309148264984227,-0.7537214999057847,-1.0245901639344264,-0.02656042496679947,-1.2059089538739824,-2.0030045067601403,-1.0286554004408524,-1.0153102336825142,-0.7454297478498201
2024-10-21T12:24:15.716580295Z,AAPL,0.0,0.005043182247998487,0.3136516897984788,2.8520499108734403,0.002628639022146284,2.4922118380062304,5.380683346785042,0.43795620437956206,0.6236080178173719,0.01652892561983471,1.3158229012336975
2024-10-21T12:24:17.551956961Z,AAPL,0.0,0.0,-0.07755834829443448,-0.778816199376947,-1.0183299389002036,-0.026402640264026403,-1.0520778537611783,-2.10637177461822,-1.0142477662400387,-1.0862068965517242,-0.7523564104074972
2024-10-21T12:24:18.858127605Z,AAPL,0.5546311702717692,0.0,0.0,0.0,0.0,0.0,0.0,0.0,0.0,0.0,0.023265038579945267
2024-10-21T12:24:25.049338154Z,AAPL,0.0,0.0,0.27030679821597514,2.9400955531054755,0.0026121596029517404,2.4783147459727384,4.75963826749167,0.46153846153846156,0.6147840936813858,0.017714791851195746,1.2586384283530823
2024-10-21T12:24:25.049382422Z,AAPL,0.0,-0.08063935488516091,-0.0054152846408989375,-0.7346189164370982,-1.044863841180696,-0.024783147459727383,-0.9519276534983342,-2.197802197802198,-1.0246401561356429,-1.116031886625332,-0.7549631264509875
2024-10-21T12:24:25.060079940Z,AAPL,0.0,0.0059298791787117345,0.26897989375294196,2.748668613640268,0.0026291573550677005,3.0441400304414,4.25441395447777,0.4612850082372323,0.6881485527034408,0.018570102135561744,1.2759990818201898
2024-10-21T12:24:25.922924503Z,AAPL,0.0,0.0,-0.06472894753220887,-0.7380073800738007,-0.9994378162283715,-0.048484848484848485,-0.8188331627430911,-2.1253985122210413,-1.2474012474012475,-1.2524850894632207,-0.7745094416094733
2024-10-21T12:24:33.385173258Z,AAPL,0.0,0.0,0.2310536044362292,3.0499428135722453,0.0024837007140639552,4.796163069544364,3.7243947858473,0.47085201793721976,0.7357664233576642,0.021621621621621623,1.5051729154697924
2024-10-21T12:24:33.385196713Z,AAPL,0.0,-0.11462450592885376,-0.004333929248605016,-0.8201763379126512,-0.9934802856255821,-0.047961630695443645,-0.74487895716946,-2.242152466367713,-1.2262773722627738,-1.3621621621621622,-0.8066529744373672
2024-10-21T12:24:33.391191505Z,AAPL,0.0,0.008771929824561403,0.20300446609825415,3.3277870216306153,0.0025467974022666496,4.366812227074236,3.4129692832764507,0.4976303317535545,0.7245543415756182,0.023696682464454975,1.4423925040641514
2024-10-21T12:24:33.923102791Z,AAPL,0.0,0.0,-0.04975600421012344,-0.9011038522189683,-1.01871896090666,-0.04449388209121245,-0.6722689075630253,-2.39377618192699,-1.1754827875734677,-1.5869017632241813,-0.8493705954509021
2024-10-21T12:24:37.922944460Z,AAPL,0.0,0.0,0.18039144944529628,3.50109409190372,0.0026131835108120466,4.077471967380225,3.1055900621118013,0.5333333333333333,0.6949806949806949,0.028050490883590466,1.38751570084828
2024-10-21T12:24:37.923028006Z,AAPL,0.0,-0.1757526444263629,-0.003455872823880081,-0.8695652173913043,-1.0452734043248186,-0.04149377593360996,-0.6125574272588055,-2.5673940949935816,-1.1287288363343186,-1.900452488687783,-0.9158281693437358
2024-10-21T12:24:40.307674730Z,AAPL,0.0,0.0,0.0,0.0,0.0,0.0,0.0,0.0,0.0,0.0,0.0
2024-10-21T12:24:40.307995193Z,AAPL,0.008508827908955541,0.0,0.0,0.0,0.0,0.0,0.0,0.0,0.0,0.0,0.00035691865185825413
2024-10-21T12:24:40.307996031Z,AAPL,0.0,0.970873786407767,0.33509256932227527,8.19252432155658,0.08359738421088114,14.346590909090908,0.05961251862891207,0.5249343832020997,0.1534134492457172,3.907637655417407,3.705331966746578
2024-10-21T12:24:40.308007727Z,AAPL,-0.008329862557267805,0.0,0.0,0.0,0.0,0.0,0.0,0.0,0.0,0.0,-0.0003494116164901401
2024-10-21T12:24:40.308025276Z,AAPL,0.8417508417508418,0.0,0.0,0.0,0.0,0.0,0.0,0.0,0.0,0.0,0.03530880855188664
2024-10-21T12:24:40.308036005Z,AAPL,0.11699707507312317,0.020671834625323,0.1920860545524395,1.7028522775649213,0.002982626202371188,1.38264777048047,3.1055900621118013,0.5333333333333333,0.6949806949806949,0.028050490883590466,0.8254723308786033
2024-10-21T12:24:40.308405475Z,AAPL,0.0,-2.0817069997397866,-2.2942357327215372,-0.12788778877887788,-1.5524131570857669,-0.13368983957219252,-0.5847953216374269,-0.08021390374331551,-1.2276785714285714,-0.29325513196480935,-0.7844872907150569
2024-10-21T12:24:40.309748359Z,AAPL,0.0,1.0686615014694096,0.40156610782049995,4.41785549930971,0.09889934598819589,5.792945225121882,0.05925925925925926,0.5287508261731659,0.1719690455717971,3.0054644808743167,1.972799501331677
2024-10-21T12:24:40.310193512Z,AAPL,0.0,-2.1373230029388193,-2.4006001500375094,-0.11106135244066279,-1.6640579948924952,-0.11154489682097044,-0.5594405594405595,-0.08368200836820083,-1.2764722947490572,-0.28530670470756064,-0.8048447778530619
2024-10-21T12:24:40.353810051Z,AAPL,-0.9741841207988309,-0.28662420382165604,-0.00400600901352028,-0.3582624272279445,-1.3180657385287091,-0.011154489682097044,-0.5594405594405595,-2.789400278940028,-1.2184508268059182,-1.797432239657632,-0.9404845290574151
2024-10-21T12:24:40.377247665Z,AAPL,0.13777267508610794,0.021231422505307854,0.200300450676014,1.433049708911778,0.0032951643463217726,1.1154489682097044,2.797202797202797,0.5857740585774058,0.7310704960835509,0.028530670470756064,0.7389575021775248
2024-10-21T12:24:40.379809120Z,AAPL,0.010751243112484881,1.0416666666666667,0.7855459544383346,0.003614675582866438,0.33786637384914264,4.8959608323133414,0.5870020964360587,0.3742759542551612,0.011965300628178282,23.959269242288112,4.7870728878931805
2024-10-21T12:24:40.415871461Z,AAPL,0.0,-1.981178801386825,-0.19638648860958366,-1.4458702331465751,-0.0033786637384914265,-0.9791921664626683,-2.795248078266946,-0.6237932570919353,-0.7538139395752318,-0.011979634621144056,-0.8921370234500167
2024-10-21T12:24:40.464828695Z,AAPL,0.0,-1.8034265103697023,0.0,0.0,0.0,0.0,0.0,0.0,0.0,0.0,-0.1604652173103988
2024-10-21T12:24:40.656837789Z,AAPL,0.0,-8.227631127871101,-0.06433871218803508,-1.7060810810810811,-0.03654636820465966,-0.9358914365933553,-0.08032128514056225,-0.6839732628633608,-0.12496094970321774,-1.3029315960912053,-1.3442398730516203
2024-10-21T12:24:40.763590881Z,AAPL,0.0,1.2892828364222402,2.4779309276753914,0.10214168039538715,1.915418168025792,0.0914703864623828,0.5082592121982211,0.09937065253395165,1.3928458372902819,0.12066365007541478,0.7350690704905198
2024-10-21T12:24:43.066357159Z,AAPL,0.00748083037217131,0.6453595574677321,0.43546894562081545,3.606582012172214,0.12311358220810166,4.1495480690221855,0.05141388174807198,0.6532745386248572,0.195822454308094,1.2884333821376281,1.3638771969218053
2024-10-21T12:24:43.129440388Z,AAPL,0.0,0.0,-0.06216900759843426,-0.2762812543168946,-1.6670139612419255,-0.007458512026850644,-0.5201560468140443,-3.2216494845360826,-1.4146177164028293,-0.716927453769559,-0.7846993445339536
2024-10-21T12:24:55.149943017Z,AAPL,0.0,0.0,0.0,0.0,0.0,0.0,0.0,0.0,0.0,0.0,0.0
2024-10-21T12:24:55.149943017Z,AAPL,-1.064638783269962,-1.0685187658608253,-2.9404557706444496,-0.0807975500097739,-2.121180300325528,-0.06945650286508075,-0.5555555555555556,-0.08971291866028709,-1.5089163237311385,-0.10878433505575197,-0.8272294922886114
2024-10-21T12:24:55.149972348Z,AAPL,-0.42422550934970693,-0.010720986330742428,-0.9568233464896543,-0.07070839334817336,-0.4336983627886805,-2.5982461838259177,-0.005633009435290804,-0.6361323155216285,-6.040471156750226,-1.12933584296854,-1.3054330891326482
2024-10-21T12:24:55.149990092Z,AAPL,-0.3204930662557781,0.0,0.0,0.0,0.0,0.0,0.0,0.0,0.0,0.0,-0.013443679242535277
2024-10-21T12:24:55.150004189Z,AAPL,0.0,-0.13800424628450106,-0.004415011037527594,-1.116382919341334,-0.1196808510638298,-0.6492452523940918,-2.1645021645021645,-0.007541478129713424,-1.053740779768177,-4.880429477794046,-1.3161732018460321
2024-10-21T12:24:55.250051974Z,AAPL,0.6000789577575997,0.0,0.0,0.0,0.0,0.0,0.0,0.0,0.0,0.0,0.025171430766148757
2024-10-21T12:24:55.250079517Z,AAPL,0.0,0.010376134889753566,0.7798030997173213,0.08837247361099747,0.4301537799763416,2.822367260539778,0.005146018268364853,0.9445100354191264,4.570383912248628,0.9595613433858807,1.1753982873811664
2024-10-21T12:24:55.403764807Z,AAPL,0.03427592116538132,1.9493177387914231,0.050361389601305664,0.37202380952380953,1.5729453401494298,0.007881773399014778,0.5359774889454644,4.400440044004401,0.9306448038998448,0.5807789813321041,1.0115943192909496
2024-10-21T12:24:58.866984470Z,AAPL,-3.191065017949741,-0.009746588693957116,-0.7358013336399172,-0.10405626746314672,-0.3894460130464415,-2.9767441860465116,-0.005743825387708214,-0.8810572687224669,-4.040404040404041,-0.9453072248480756,-1.2691348207793456
2024-10-21T12:25:00.039201756Z,AAPL,0.0,0.0,0.0,0.4489337822671156,1.4357501794687724,0.00836645053336122,0.6011421701232341,4.123711340206185,0.8256339689404364,0.5720771850170261,0.7971023989431013
2024-10-21T12:25:00.039255807Z,AAPL,0.0,0.0,0.0,-0.13986013986013987,0.0,0.0,0.0,0.0,0.0,0.0,-0.014570590049577736
2024-10-21T12:25:00.940301280Z,AAPL,0.014550745725718444,0.5129457743038593,0.351756584443565,4.923581905836496,0.003623516622882507,3.901873672010817,0.06489292667099286,0.7504690431519699,0.11918951132300358,0.9634333260345961,1.3888256708223028
2024-10-21T12:25:03.425959742Z,AAPL,0.0,-0.034576438626821436,-0.003696003696003696,-1.4654698662758747,-0.3761519653940191,-2.6791694574681846,-0.007174887892376682,-0.7393715341959335,-3.720238095238095,-0.8803185914902536,-1.1158352984180944
2024-10-21T12:25:07.929021771Z,AAPL,0.0,0.0,0.0,0.6511476477291226,0.0,0.0,0.0,0.0,0.0,0.0,0.06783637887317649
2024-10-21T12:25:07.929036599Z,AAPL,0.0,0.0,0.0,-1.1891490152359718,0.0,0.0,0.0,0.0,0.0,0.0,-0.12388521008336624
2024-10-21T12:25:08.718962947Z,AAPL,0.0,0.011221770234254453,0.8672556778145156,0.27925160569673274,1.6632016632016633,0.005292405398253507,0.9298000929800093,3.2829940906106367,0.6920415224913495,0.7540394973070018,0.8468971557439045
2024-10-21T12:25:08.828413687Z,AAPL,1.214697843911327,0.0072306579898770785,0.22313127556712534,0.5831328814053502,4.282273173342849,0.005434782608695652,4.599271402550091,0.06262721152340692,0.6450572488308337,0.1813236627379873,1.050176158614729
2024-10-21T12:25:09.009866477Z,AAPL,0.0,0.0,0.0,-3.290375651220181,-0.0036023054755043226,-2.6044352759154203,-0.10251153254741159,-0.582495995340032,-0.09759271307742357,-1.2676462114664362,-0.9896033366371195
2024-10-21T12:25:09.009890544Z,AAPL,0.0,0.0,0.0,0.0,0.6854009595613434,0.0055920592758283245,5.053790342757068,0.05577244841048522,0.6374501992031872,0.17452006980802792,0.6516198034337918
2024-10-21T12:25:09.088777165Z,AAPL,0.0,0.0,0.0,0.0,0.6643966447969438,0.0,0.0,0.0,0.0,0.0,0.05696422931204285
2024-10-21T12:25:09.146677151Z,AAPL,0.0,0.0,0.0,0.0,-0.6552006552006552,0.0,0.0,0.0,0.0,0.0,-0.05617578092926354
2024-10-21T12:25:09.146689798Z,AAPL,0.0,0.0,0.0,1.091628573377908,3.7194885703215808,0.0,0.0,0.0,0.0,0.0,0.43262813135720685
2024-10-21T12:25:09.325236301Z,AAPL,0.0,0.0,0.0,-3.0190578023775076,-0.0031493583182426585,-3.2413350449293965,-0.07406035919274208,-0.5353319057815845,-0.10092514718250631,-1.3289036544850497,-1.0543188864251016
2024-10-21T12:25:09.325248668Z,AAPL,0.0,0.0,0.0,0.0,0.6301197227473221,0.006868131868131868,3.4208298052497885,0.05084530316512012,0.7220216606498195,0.18326206475259624,0.49351397417565224
2024-10-21T12:25:09.630030450Z,AAPL,0.0,0.0,0.0,0.0,0.617093489663684,0.0,0.0,0.0,0.0,0.0,0.052908537885398635
2024-10-21T12:25:09.684292780Z,AAPL,0.0,0.0,0.0,0.0,-0.6138735420503376,0.0,0.0,0.0,0.0,0.0,-0.052632465097169116
2024-10-21T12:25:09.684305729Z,AAPL,0.0,0.0,0.0,0.828114486827804,3.4219719113138947,0.0,0.0,0.0,0.0,0.0,0.3796667396125838
2024-10-21T12:25:10.726127491Z,AAPL,0.0,-0.23391812865497075,-0.006521030322791001,-0.80040020010005,-0.2773540424351685,-2.862254025044723,-0.005776173285198556,-0.4522328999434709,-3.629764065335753,-1.7355371900826446,-1.181535785732578
2024-10-21T12:25:16.348283664Z,AAPL,0.0,0.0,0.0,0.3896356906292617,0.0,0.0,0.0,0.0,0.0,0.0,0.04059213670542794
2024-10-21T12:25:25.279408267Z,AAPL,0.0,0.0,0.0,-2.1817190127721466,-0.0027946621952071545,-3.1196911196911197,-0.05601456378658451,-0.46920821114369504,-0.10344827586206896,-1.7140631086871836,-1.0028996078497312
2024-10-21T12:25:25.279420038Z,AAPL,0.0,0.0,0.0,0.35555555555555557,3.2635300516725594,0.005826656955571741,2.712501678528266,0.04926108374384237,0.6467259498787389,0.22953328232593728,0.6863035991390323
2024-10-21T12:25:25.341543400Z,AAPL,0.0,0.0,-2.079002079002079,0.18604651162790697,1.0058464826805809,0.006288319446627889,0.503651473180559,2.4906600249066004,0.6698564593301436,1.000396982929734,0.4267028540148985
2024-10-21T12:25:26.789218710Z,AAPL,0.0,0.0,-2.000250031253907,-0.003979703512088349,-0.233836080907284,-2.7317739457059926,-0.004741021690174233,-0.5037783375314862,-3.147128245476003,-1.7326732673267327,-1.1998760800044457
2024-10-21T12:25:34.805904261Z,AAPL,0.028040658955485454,9.828009828009828,0.0048792388387411565,0.22329735764793449,0.4622941346431667,7.326007326007326,0.004746084480303749,2.420611144397843,0.06299212598425197,1.6570008285004143,2.4836204318583954
2024-10-21T12:25:34.806661445Z,AAPL,-0.6890611541774333,-0.132013201320132,-0.4940595224091283,-0.4594796393084832,-2.5940337224383914,-0.006613756613756614,-2.2638126190743026,-0.04845548152634767,-0.6216006216006216,-0.258732212160414,-0.6836901271820648
2024-10-21T12:25:34.806990464Z,AAPL,0.0,0.0,0.0,0.0,0.0,0.0,0.0,0.0,0.0,0.0,0.0
2024-10-21T12:25:35.054480586Z,AAPL,0.0,0.0,0.0,0.0,0.0,0.0,0.0,0.0,0.0,0.0,0.0
2024-10-21T12:25:35.054480586Z,AAPL,0.0,0.0,0.0,0.0,0.0,0.0,0.0,0.0,0.0,0.0,0.0
2024-10-21T12:25:35.054480586Z,AAPL,0.0,0.0,0.0,0.0,0.0,0.0,0.0,0.0,0.0,0.0,0.0
2024-10-21T12:25:35.054480586Z,AAPL,0.542489270386266,0.0,0.0,0.0,0.0,0.0,0.0,0.0,0.0,0.0,0.022755723949951342
2024-10-21T12:25:35.054558163Z,AAPL,0.0,0.0,0.00999000999000999,0.33554232027514475,0.7206557967750654,0.005685856432125089,0.42471862391165854,3.292181069958848,0.48951048951048953,1.0773834972210345,0.6760097692503607
2024-10-21T12:25:35.064902310Z,AAPL,0.0,0.0,-1.0243277848911652,0.0,0.0,0.0,0.0,0.0,0.0,0.0,-0.09420390674712696
2024-10-21T12:25:35.147671307Z,AAPL,0.0,0.0,-1.0240655401945724,0.0,0.0,0.0,0.0,0.0,0.0,0.0,-0.0941797890034641
2024-10-21T12:25:37.149112390Z,AAPL,0.0,25.164319248826292,0.5324813631522897,1.5966470412134517,0.0016665277893508875,0.6033182503770739,1.939299912731504,0.7513416815742398,0.2922416792299664,1.07095046854083,3.0019829932867004
2024-10-21T12:25:39.151789847Z,AAPL,0.0,0.0,0.0,0.0,0.0,0.0,0.0,0.0,-0.03284457478005865,-1.1244979919678715,-0.18137733090698385
2024-10-21T12:25:43.597387033Z,AAPL,0.0,0.0,0.0,0.9279665932026446,0.0,0.0,0.0,0.0,0.0,0.0,0.09667529878620187
2024-10-21T12:25:45.063448661Z,AAPL,0.0,0.0,0.0,0.9173259947253755,0.0,0.0,0.0,0.0,0.0,0.0,0.09556676422839655
2024-10-21T12:25:52.757291105Z,AAPL,0.0,0.0,0.0,-5.041487238735427,-0.0017162225940704511,-2.8327022857944186,-0.034731266822957366,-0.8888888888888888,-0.07740936653335054,-1.9180470793374018,-1.3287481146750206
2024-10-21T12:25:52.757304269Z,AAPL,0.0,0.0,0.0,0.8402478731225711,2.0682523267838673,0.005855658029571073,1.6810918774966712,0.08879023307436182,0.5511160099200882,0.2664298401420959,0.5330539635561898
2024-10-21T12:25:54.873237392Z,AAPL,0.0,0.013223140495867768,0.0,0.0,0.0,0.0,0.0,0.0,0.0,0.0,0.0011765681057668252
2024-10-21T12:26:00.405695962Z,AAPL,0.0,0.0,0.0,0.0,0.0,0.0,0.0,0.0,0.39295181662248563,1.1594202898550725,0.2193276261908946
2024-10-21T12:26:01.715279752Z,AAPL,0.0,0.0,0.0,0.9069266523069947,0.0,0.0,0.0,0.0,0.0,0.0,0.09448336365897816
2024-10-21T12:26:02.221924482Z,AAPL,0.0,0.0,0.0,0.8677730773402755,0.0,0.0,0.0,0.0,0.0,0.0,0.09040435522679753
2024-10-21T12:26:02.408536304Z,AAPL,0.0,0.0,-0.04580402421069851,-0.42498937526561836,-0.6397185238495062,-0.010183299389002037,-0.26647125441343017,-5.0761421319796955,-0.7461360810090603,-1.3298153034300793,-0.9033745397477182
2024-10-21T12:26:05.173881544Z,AAPL,0.8445945945945945,0.7993605115907274,0.014242478191205268,0.44609665427509293,0.3290691456542306,10.152284263959391,0.002738600575106121,4.177869700103413,0.07776049766718507,2.0639834881320946,2.365106031339178
2024-10-21T12:26:05.247215441Z,AAPL,0.0,1.5100037750094377,0.0,0.0,0.0,0.0,0.0,0.0,0.0,0.0,0.13435706002056047
2024-10-21T12:26:05.247226039Z,AAPL,0.0,1.4836795252225519,0.0,0.0,0.0,0.0,0.0,0.0,0.0,0.0,0.1320147818970566
2024-10-21T12:26:05.247237168Z,AAPL,0.0,0.0,-1.8509949097639982,-0.030007501875468866,-0.18255670667701154,-2.125680882157566,-0.003009328919650918,-0.5617977528089888,-4.897159647404505,-1.991465149359886,-1.3024608180860395
2024-10-21T12:26:08.272451351Z,AAPL,0.0,0.0,0.0,0.0,0.38257376500406487,0.0,0.0,0.0,0.0,0.0,0.03280121874354684
2024-10-21T12:26:09.610903498Z,AAPL,0.0,-0.014347202295552367,-1.0997643362136686,-0.8652390222799048,-2.2954425900243893,-0.0045840018336007335,-1.579605880512981,-0.05252790544977019,-1.0015022533800702,-0.27347310847766637,-0.6854247389425608
2024-10-21T12:26:11.689776041Z,AAPL,0.0,0.0,0.07322175732217574,0.4326195111399524,0.7651475300081297,0.0045840018336007335,0.3127932436659368,2.6263952724885096,1.0515773660490737,1.1485870556061988,0.681579064261979
2024-10-21T12:26:11.689788127Z,AAPL,0.0,0.0,-2.0931449502878077,-0.030591063039440623,-0.19407112706807045,-1.7534246575342465,-0.0031523366695563083,-0.5544005544005544,-4.5568466621098205,-1.8783542039355994,-1.223652537269119
2024-10-21T12:26:11.691787041Z,AAPL,0.0,0.0,-2.094240837696335,0.0,0.0,0.0,0.0,0.0,0.0,0.0,-0.19260013395158682
2024-10-21T12:26:11.746296162Z,AAPL,0.0,0.0,2.0408163265306123,0.0,0.0,0.0,0.0,0.0,0.0,0.0,0.18768686522833206
2024-10-21T12:26:11.746308007Z,AAPL,0.0,0.0,-1.9900497512437811,0.0,0.0,0.0,0.0,0.0,0.0,0.0,-0.18301803773508996
2024-10-21T12:26:13.045285946Z,AAPL,0.0,0.0,0.0,1.0150996066489024,0.0,0.0,0.0,0.0,0.0,0.0,0.1057527916299767
2024-10-21T12:26:20.829236958Z,AAPL,0.0,-0.1506402209389907,0.0,0.0,0.0,0.0,0.0,0.0,0.0,0.0,-0.013403660004812879
2024-10-21T12:26:22.496350258Z,AAPL,0.0,0.0,0.0,0.6464124111182935,0.717327953373683,0.003952178638474459,0.3742164842361306,2.816901408450704,0.6101990411157926,1.070518266779949,0.6654533845728161
2024-10-21T12:26:23.488892465Z,AAPL,0.0,0.0,0.0,-6.968641114982579,-0.001860032550569635,-1.919057571727152,-0.04084133142740454,-0.5273566249176005,-0.08700696055684455,-1.796651694569212,-1.3468551206559773
2024-10-21T12:26:23.498360877Z,AAPL,0.0,0.0,0.0,1.2143290831815423,2.191380569758948,0.0038361944950608996,2.150308707685757,0.05012531328320802,0.5719187875321704,0.24499795835034707,0.6235729662546936
2024-10-21T12:26:24.504437465Z,AAPL,0.0,0.0,0.0,0.0,0.0,0.0,0.0,-0.03340491529467907,0.0,0.0,-0.003250875985842462
2024-10-21T12:26:25.077457400Z,AAPL,0.0,0.0,0.0,-6.868918145392101,-0.0018602055527135748,-1.8820460262741079,-0.049388813433757256,-0.450755014649538,-0.0858000858000858,-1.7254901960784315,-1.3132058759658671
2024-10-21T12:26:25.077469095Z,AAPL,0.0,0.0,0.0,1.1961722488038278,2.191580677563693,0.0037615196539401916,2.6237173658916744,0.04312203536006899,0.5685856432125089,0.23501762632197415,0.6661071882161707
2024-10-21T12:26:25.077482593Z,AAPL,0.0,0.0,-1.534624976021485,0.0,0.0,0.0,0.0,0.0,0.0,0.0,-0.1411341860147826
2024-10-21T12:26:25.129312037Z,AAPL,0.0,0.0,1.4521691777092032,0.0,0.0,0.0,0.0,0.0,0.0,0.0,0.13355100956526803
2024-10-21T12:26:25.129324093Z,AAPL,0.0,-11.049723756906076,0.7011393514461,2.2290331568682085,0.0017019103944177338,0.47990401919616077,2.2251481237656354,0.5313092979127134,0.35131744040150564,1.0084033613445378,-0.1540437989406983
2024-10-21T12:26:25.268638479Z,AAPL,0.0,0.0,0.0,1.056384523966724,0.0,0.0,0.0,0.0,0.0,0.0,0.11005384270907784
2024-10-21T12:26:25.384088744Z,AAPL,0.0,10.554089709762533,0.0,0.0,0.0,0.0,0.0,0.0,0.0,0.0,0.9390814036793261
2024-10-21T12:26:25.384100277Z,AAPL,0.0,0.0,-1.3317795904777758,-0.48490726148624075,-0.6082493822467212,-0.009666505558240696,-0.34370166695308474,-3.1505359639583657,-0.6393667224843964,-1.2383292383292384,-0.821257142921465
2024-10-21T12:26:25.438886764Z,AAPL,0.0,0.0,0.0,0.9590026372572524,0.0,0.0,0.0,0.0,0.0,0.0,0.09990862513016618
2024-10-21T12:26:25.518902005Z,AAPL,0.0,0.0,-1.2903225806451613,0.0,0.0,0.0,0.0,0.0,0.0,0.0,-0.11866653414436477
2024-10-21T12:26:31.592891536Z,AAPL,0.0,0.0,0.0,0.0,0.0,0.0,0.0,0.038615363398151976,0.0,0.0,0.0037579426993975336
2024-10-21T12:26:32.717433050Z,AAPL,-0.09029345372460497,0.0,0.0,0.0,0.0,0.0,0.0,0.0,0.0,0.0,-0.0037875272740082455
2024-10-21T12:26:32.717472823Z,AAPL,0.0,0.0,0.0,-4.989086373557842,-0.001520565650421957,-6.631648063033486,-0.03466504896438166,-0.4913401302051345,-0.12234910277324633,-2.2426095820591234,-1.8794176823041981
2024-10-21T12:26:32.721528057Z,AAPL,0.09009009009009009,0.0,0.0,0.0,0.0,0.0,0.0,0.0,0.0,0.0,0.0037789968071748935
2024-10-21T12:26:32.820683999Z,AAPL,0.0,0.0,0.0,0.7402609419820486,1.8671957054498776,0.014534883720930232,1.7968333036826187,0.044291883512346364,0.9928021841648053,0.30410542321338063,0.55951688535925
2024-10-21T12:26:33.596060481Z,AAPL,0.0,0.0,0.0,0.0,0.0,0.0,0.0,-0.029667302394575122,0.0,0.0,-0.002887141609804145
2024-10-21T12:26:33.705296257Z,AAPL,0.0,0.0,0.0,-4.033613445378151,-0.0016123831022250886,-7.070353517675884,-0.03687995574405311,-0.4195070791819612,-0.169061707523246,-2.1717670286278383,-1.8283561702917135
2024-10-21T12:26:33.705309399Z,AAPL,0.0,0.0,0.0,1.4414414414414414,1.8456569385165533,0.016999575010624733,1.7811480469094438,0.04231908590774439,1.1007154650522841,0.31071983428275507,0.6400817339317507
2024-10-21T12:26:40.656134264Z,AAPL,0.0,0.0,0.6779661016949152,1.3793103448275863,0.0015620118712902217,1.6313213703099512,1.7262512768130747,0.46372971182510764,0.7015590200445434,1.2448132780082988,0.914867618385639
2024-10-21T12:26:40.656147028Z,AAPL,0.0,0.0,-2.622950819672131,-0.3389830508474576,-0.6248047485160887,-0.016313213703099513,-0.34048348655090227,-2.2391520370983766,-1.1692650334075725,-1.3070539419087137,-0.8967442158797883
2024-10-21T12:26:40.707506986Z,AAPL,0.0,0.0,0.0,1.4545454545454546,0.0,0.0,0.0,0.0,0.0,0.0,0.15153413651560843
2024-10-21T12:26:40.896535785Z,AAPL,0.0,0.0,-2.4615384615384617,0.0,0.0,0.0,0.0,0.0,0.0,0.0,-0.22637923436771126
2024-10-21T12:26:42.392534365Z,AAPL,0.0,0.0,0.0,0.0,0.0,0.0,0.0,0.03125,0.0,0.0,0.0030411654590771784
2024-10-21T12:26:43.555613825Z,AAPL,0.0,0.0,0.0,0.0,0.0,0.0,0.0,0.0,0.0,0.0,0.0
2024-10-21T12:26:43.555613825Z,AAPL,-0.01842468908337172,-6.149341142020498,-2.1932830705962987,-3.902439024390244,-0.0015380474487637944,-8.58478538036549,-0.03527025835464245,-0.42381860563678747,-0.1651073197578426,-2.278612118073537,-2.7961670245723753
2024-10-21T12:26:43.555625145Z,AAPL,0.921234454168586,0.16563146997929606,0.5529953917050692,1.3114754098360655,1.8177686889343332,0.01774622892635315,1.8474483263215655,0.040679345062544496,1.088139281828074,0.3102378490175801,0.7337065473008313
2024-10-21T12:26:43.555636531Z,AAPL,-0.9257116408238834,-8.245315161839864,-0.09052183173588924,-1.2903225806451613,-0.15091492171288437,-6.264682850430697,-0.0038358266206367474,-0.407000407000407,-4.862630683199611,-2.1222839818089945,-2.6318639677296005
2024-10-21T12:26:43.555641373Z,AAPL,0.0,-10.38961038961039,-0.5396654074473826,-0.3834878377307662,-0.026031697419799403,-5.418218760582458,-0.38358266206367475,-1.6459212015224771,-0.009977550511349464,-1.9841269841269842,-2.29939194496451
2024-10-21T12:26:43.555648065Z,AAPL,0.0,0.0,-0.5396654074473826,0.0,0.0,0.0,0.0,0.0,0.0,0.0,-0.0496311732120252
2024-10-21T12:26:43.555650058Z,AAPL,0.0,0.0,-0.5324813631522897,0.0,0.0,0.0,0.0,0.0,0.0,0.0,-0.04897048134285554
2024-10-21T12:26:43.555653371Z,AAPL,0.0,8.456659619450317,0.651150275797121,0.051593323216995446,0.6310143555765894,1.0389610389610389,1.4914243102162565,0.004440497335701599,1.053740779768177,7.914523149980214,2.518373276140612
2024-10-21T12:26:43.555663089Z,AAPL,0.0,-0.6456140350877193,-1.5929908403026685,-0.36116707708379975,-0.02722940776038121,-3.765591903977407,-0.37285607755406414,-1.796138302649304,-0.010834236186348862,-1.5600624024961,-1.2387780871125391
2024-10-21T12:26:43.555678324Z,AAPL,0.22449975597852612,7.02576112412178,0.6493158035953851,0.054321776641636045,0.6113403637475164,1.040582726326743,1.3885272932396078,0.004808270224786633,1.0604453870625663,6.882312456985547,2.2257794832651285
2024-10-21T12:26:43.555692383Z,AAPL,0.0,2.1152829190904283,0.0,0.0,0.0,0.0,0.0,0.0,0.0,0.0,0.1882135653064329
2024-10-21T12:26:43.555700148Z,AAPL,0.0,2.026342451874367,-0.12781328146707419,-0.40823211875843457,-0.025196383577886467,-4.168837936425222,-0.324728040266277,-2.0969855832241153,-0.010672358591248666,-1.21765601217656,-0.8984169473153676
2024-10-21T12:26:43.555711164Z,AAPL,0.0,0.0,0.0,0.0,0.0,0.0,0.0,0.0,0.0,0.0,0.0
2024-10-21T12:26:43.555711164Z,AAPL,-0.5470459518599562,0.0,0.0,0.0,0.0,0.0,0.0,0.0,0.0,0.0,-0.02294686245056965
2024-10-21T12:26:43.555724858Z,AAPL,1.1086474501108647,0.0,0.0,0.0,0.0,0.0,0.0,0.0,0.0,0.0,0.04650428443419215
2024-10-21T12:26:43.555737821Z,AAPL,0.0,0.0,0.0,0.0,0.0,0.0,0.0,0.0,0.0,0.0,0.0
2024-10-21T12:26:43.555737821Z,AAPL,-0.5777007510109763,0.0,0.0,0.0,0.0,0.0,0.0,0.0,0.0,0.0,-0.024232735158660496
2024-10-21T12:26:43.555767270Z,AAPL,0.0,0.0,0.0,-0.7351589781290204,0.0,0.0,0.0,0.0,0.0,0.0,-0.07658865565482874
2024-10-21T12:26:43.555789284Z,AAPL,0.0,0.0,0.0,-4.101512432709562,-0.001619039909333765,-3.0924678505817513,-0.03358240282092184,-0.5492242207881368,-0.1959503592423253,-1.240484916831125,-1.1376819456310756
2024-10-21T12:26:43.555989102Z,AAPL,0.0,0.3592346739554861,0.9343629343629344,0.05475040257648953,0.6806483175224401,0.5606166783461808,1.3656538067599864,0.0058190282222868785,1.3458950201884254,4.9031625398381955,1.2967458118172144
2024-10-21T12:26:43.556335122Z,AAPL,0.0,0.0,0.0,0.0,0.0,0.0,0.0,0.0,0.0,0.0,0.0
2024-10-21T12:26:43.556335122Z,AAPL,-0.06525285481239804,0.0,0.0,0.0,0.0,0.0,0.0,0.0,0.0,0.0,-0.0027371526629455995
2024-10-21T12:26:43.556344203Z,AAPL,1.3063357282821686,0.0,0.0,0.0,0.0,0.0,0.0,0.0,0.0,0.0,0.05479668786367253
2024-10-21T12:26:43.602920183Z,AAPL,0.0,0.0,0.0,0.6066120715802245,2.2420477369330656,0.004914004914004914,1.67983367983368,0.07328691828508611,1.6757436112274822,0.100418410041841,0.5967221119866533
2024-10-21T12:26:43.632931005Z,AAPL,0.0,0.0,0.0,0.6114338122898196,0.0,0.0,0.0,0.0,0.0,0.0,0.0636990026624768
2024-10-21T12:26:43.663764676Z,AAPL,0.0,2.280867106503299,0.17042606516290726,1.1973359275611763,0.18285714285714286,2.0408163265306123,0.003271716015049894,0.8405127127547805,6.700167504187605,0.658307210031348,1.4383315686744824
2024-10-21T12:26:43.813764689Z,AAPL,1.4975247524752475,0.35069623517276943,3.9119804400977993,0.299805126667666,0.7188426633120675,0.005375621556242441,0.3271716015049894,4.116073266104137,1.3596633214632567,0.39728834936150087,1.1658620331069107
2024-10-21T12:26:44.395140599Z,AAPL,0.0,-0.1701093560145808,-0.1705970898143502,-1.1657559198542806,-0.18216595318335002,-2.066916419067304,-0.003382091823793016,-0.8067769261799113,-5.732301519059903,-0.7061197041022192,-1.1680995701694052
2024-10-21T12:26:47.316834945Z,AAPL,0.0,0.0,0.0,0.29188558085230587,0.7161720603374961,0.005448106782892944,0.3382091823793016,3.9541320680110714,1.168939604787086,0.42632380307900525,0.6838040138665702
2024-10-21T12:26:47.316847348Z,AAPL,0.0,0.0,0.0,-1.1357989635834458,-0.18147996914840525,-2.093692750588851,-0.0035001750087504378,-0.7756447547023463,-5.008765339343852,-0.7614213197969543,-1.0785349288885566
2024-10-21T12:26:47.371448271Z,AAPL,0.0,0.0,0.0,-0.5606166783461808,0.0,0.0,0.0,0.0,0.0,0.0,-0.05840488793523801
2024-10-21T12:26:47.371461367Z,AAPL,0.0,0.0,0.0,1.0997319403395422,0.0,0.0,0.0,0.0,0.0,0.0,0.11456976435986616
2024-10-21T12:26:53.381650546Z,AAPL,0.0,0.0,0.0,1.0790396547073104,0.0,0.0,0.0,0.0,0.0,0.0,0.11241404786024364
2024-10-21T12:26:54.545723322Z,AAPL,0.0,0.0,0.0,-3.0175394480417426,-0.00192390938386802,-2.3916646933459624,-0.039073947445540685,-0.8996851102114259,-0.10335917312661498,-0.8411393614987573,-0.888248703671417
2024-10-21T12:26:54.545735230Z,AAPL,0.0,0.0,0.0,0.9885085876683555,2.2995113538373095,0.004735969689793985,1.992503452357467,0.09647853352629039,0.6345177664974619,0.11459129106187929,0.5832375593738497
2024-10-21T12:27:04.677802802Z,AAPL,0.0,0.0,0.0,0.9717582751290617,0.0,0.0,0.0,0.0,0.0,0.0,0.10123750389746085
2024-10-21T12:27:04.858186427Z,AAPL,0.0,0.0,0.0,-0.48355899419729204,0.0,0.0,0.0,0.0,0.0,0.0,-0.050377040065029396
2024-10-21T12:27:08.140184917Z,AAPL,0.7617596648257474,0.0,0.0,0.0,0.0,0.0,0.0,0.0,0.0,0.0,0.0319534294874434
2024-10-21T12:27:08.267237597Z,AAPL,0.0,0.0,-2.203856749311295,-0.04325974934792289,0.0,0.0,0.0,0.0,0.0,0.0,-0.207187921223146
2024-10-21T12:27:08.903847050Z,AAPL,0.0,0.0,0.0,0.5362289697700918,0.0,0.0,0.0,0.0,0.0,0.0,0.05586418331227605
2024-10-21T12:27:15.211023662Z,AAPL,0.0,14.260249554367201,0.18862690707350901,0.2816504717645402,0.6529812675998857,0.005606166783461808,0.3799392097264438,6.108735491753207,0.46875,0.6088427156317952,2.1433028958432843
2024-10-21T12:27:16.357185731Z,AAPL,1.2294452128477025,1.2252252252252251,1.1160714285714286,1.1606819006166122,0.0015808402165751096,0.6032272658724174,1.7980760586172795,1.2773722627737225,0.2797513321492007,0.6659267480577137,0.9035219349396919
2024-10-21T12:27:16.383880298Z,AAPL,0.0,0.0,0.0,0.0,0.0,0.0,0.0,0.0,0.0,0.0,0.0
2024-10-21T12:27:16.383880298Z,AAPL,0.0,0.0,0.0,0.0,0.0,0.0,0.0,0.0,0.0,0.0,0.0
2024-10-21T12:27:17.218233083Z,AAPL,-0.03918824352694192,-11.11111111111111,-0.1977894124490983,-0.2850220892119139,-0.6224712107065048,-0.006635700066357001,-0.34728251432540375,-5.121638924455826,-0.4654255319148936,-1.1496350364963503,-1.8496713260028852
2024-10-21T12:27:21.555991612Z,AAPL,0.0,0.0,0.0,-0.5911038865080538,0.0,0.0,0.0,0.0,0.0,0.0,-0.06158103671019997
2024-10-21T12:27:21.556005910Z,AAPL,0.0,6.768189509306261,0.0,-3.3486814566764336,-0.001612578109252167,-3.2936572639817383,-0.03596475454055026,-0.9101251422070534,-0.0702247191011236,-1.9599109131403119,-0.6237855450927874
2024-10-21T12:27:21.983129451Z,AAPL,0.0,-5.818181818181818,0.0,0.0,0.0,0.0,0.0,0.0,0.0,0.0,-0.5176899665374031
2024-10-21T12:27:21.983142748Z,AAPL,0.0,0.0,0.0,1.0786032088445463,2.0078641345268973,0.006412311638345624,1.8832742867797876,0.08188331627430911,0.49603174603174605,0.2610966057441253,0.5663772659681543
2024-10-21T12:27:22.988903196Z,AAPL,1.0860711376595167,0.43092522179974646,1.2746972594008923,1.0786032088445463,0.0016801780988784812,0.6736274840013473,1.78173719376392,0.8588957055214724,0.33040513963550544,1.0652463382157122,0.8684437811431708
2024-10-21T12:27:23.025707565Z,AAPL,0.0,0.0,0.0,-3.031451307313376,-0.0017770669509973788,-3.288830999674373,-0.035622050048980315,-0.802407221664995,-0.0844475721323012,-1.910551454624403,-1.1752167469532908
2024-10-21T12:27:23.025720316Z,AAPL,0.0,0.0,0.0,0.5117052577715235,2.14190093708166,0.006846970215679561,1.7223738062755798,0.08016032064128256,0.599880023995201,0.2657218777679362,0.5128153573099804
2024-10-21T12:27:24.992239712Z,AAPL,-0.035398230088495575,0.0,0.0,0.0,0.0,0.0,0.0,0.0,0.0,0.0,-0.001484844763173144
2024-10-21T12:27:25.038119028Z,AAPL,0.0,0.0,0.0,0.5542469170015242,0.0,0.0,0.0,0.0,0.0,0.0,0.057741287989181544
2024-10-21T12:27:26.130738899Z,AAPL,0.0,0.0,0.0,0.5542469170015242,0.0,0.0,0.0,0.0,0.0,0.0,0.057741287989181544
2024-10-21T12:27:28.578403729Z,AAPL,0.03309301501004609,0.0,0.0,0.0,0.0,0.0,0.0,0.0,0.0,0.0,0.0013881482184965807
2024-10-21T12:27:29.135563917Z,AAPL,0.08040676362776397,2.310803004043905,3.9810898233391394,0.0028099754127151387,0.17231723603153404,4.719207173194903,0.2932346575438107,0.5160761826745853,0.5257393209200438,0.021287919105907396,1.3901354812040196
2024-10-21T12:27:29.135580379Z,AAPL,0.0,-7.532956685499058,-0.9751340809361287,-1.1084170419120194,-0.0017305529116552738,-1.015744032503809,-1.3493455673998112,-0.8592471358428805,-0.6104651162790697,-1.3086150490730644,-1.4998786878706187
2024-10-21T12:27:30.581609917Z,AAPL,0.0,0.0,0.0,0.0,0.0,0.0,-0.01826722338204593,0.0,0.0,0.0,-0.0018129642277690122
2024-10-21T12:27:37.149186319Z,AAPL,0.0,0.0,0.0,-0.526281165712782,0.0,0.0,0.0,0.0,0.0,0.0,-0.05482782388236605
2024-10-21T12:27:37.149198552Z,AAPL,0.0,0.0,0.0,1.0321914715179668,0.0,0.0,0.0,0.0,0.0,0.0,0.1075334173067346
2024-10-21T12:27:37.281359883Z,AAPL,0.0,-2.429395687822654,0.0,0.0,0.0,0.0,0.0,0.0,0.0,0.0,-0.21616267962008173
2024-10-21T12:27:37.731121489Z,AAPL,0.0,0.0,0.0,1.0321914715179668,0.0,0.0,0.0,0.0,0.0,0.0,0.1075334173067346
2024-10-21T12:27:37.763839849Z,AAPL,0.0,0.0,0.0,-0.5228416443369714,0.0,0.0,0.0,0.0,0.0,0.0,-0.054469495512440125
2024-10-21T12:27:37.766952915Z,AAPL,0.0,-2.0730759264058047,0.0,0.0,0.0,0.0,0.0,0.0,0.0,0.0,-0.18445807307305762
2024-10-21T12:27:39.525383410Z,AAPL,0.0,2.0730759264058047,0.0,0.0,0.0,0.0,0.0,0.0,0.0,0.0,0.18445807307305762
2024-10-21T12:27:39.525394818Z,AAPL,0.0,1.12391121101433,3.5288928098809,0.0027393507738665934,0.17685029622424617,5.576024195765741,0.23896222121074193,0.7909604519774011,0.7575757575757576,0.025348542458808618,1.4044574308353133
2024-10-21T12:27:39.526899044Z,AAPL,0.0,0.0,0.0,0.0,0.0,0.07709251101321586,0.0,0.0,0.0,0.0,0.010944052478880594
2024-10-21T12:27:39.592903496Z,AAPL,0.0,1.1570726063060457,0.015393496247835288,0.32039057136318555,0.36008461988567314,9.00562851782364,0.002275701200432383,7.43467059256533,0.13016596160104132,2.7700831024930745,2.622044880146258
2024-10-21T12:27:39.593262886Z,AAPL,0.0,-0.022598870056497175,-0.7640531198835728,-0.6394884092725819,-2.150923104499014,-0.006980802792321117,-1.1756489349319055,-0.14953271028037382,-1.3029315960912051,-0.4332129963898917,-0.6415381551539351
2024-10-21T12:27:39.711750527Z,AAPL,0.0,-4.078511343359674,-0.727669637984355,-1.3900955690703736,-0.0017010418881564958,-0.7654037504783773,-1.1314137014199241,-1.6247582205029014,-0.7987321711568938,-1.8604651162790697,-1.3209280308938403
2024-10-21T12:27:40.731328339Z,AAPL,0.0,-3.7157454714352065,0.0,0.0,0.0,0.0,0.0,0.0,0.0,0.0,-0.33061946306963735
2024-10-21T12:27:40.757807867Z,AAPL,0.0,0.911369332421964,2.7600483008452645,0.0036000360003600037,0.16939103921402557,3.5549235691432632,0.24302742738109015,0.9909555642941408,0.7614213197969544,0.032493907392363935,1.0487188630720212
2024-10-21T12:27:40.757820402Z,AAPL,0.0,-1.7497812773403325,-0.6900120752113161,-1.4400144001440016,-0.0016939103921402557,-0.7109847138286527,-1.1572734637194768,-1.6515926071569011,-0.799492385786802,-1.949634443541836,-1.12712837667198
2024-10-21T12:27:41.105981707Z,AAPL,0.0,0.8592910848549946,2.6242414302115793,0.00380517503805175,0.1686838443048117,3.318951211417192,0.24871202700302006,1.0075969612155138,0.7621467132422992,0.034129692832764506,1.000565963349694
2024-10-21T12:27:41.175574942Z,AAPL,0.0,-1.6535758577924762,-0.6560603575528948,-1.5515903801396431,-0.001686838443048117,-0.6637902422834384,-1.184342985728667,-1.679328268692523,-0.8002540489044142,-2.04778156996587,-1.1413964507826986
2024-10-21T12:27:41.222814573Z,AAPL,0.0,-1.5570260801868432,0.0,0.0,0.0,0.0,0.0,0.0,0.0,0.0,-0.13854100895074528
2024-10-21T12:27:41.319854032Z,AAPL,0.0,1.6200891049007695,0.0,0.0,0.0,0.0,0.0,0.0,0.0,0.0,0.14415222843032183
2024-10-21T12:27:41.319866876Z,AAPL,0.0,-1.6884761502743773,0.0,0.0,0.0,0.0,0.0,0.0,0.0,0.0,-0.1502371684231594
2024-10-21T12:27:41.529517717Z,AAPL,0.0,0.0,0.0,0.0,0.0,0.0,-0.01669150521609538,-6.807351940095303,-1.3149655604257984,-2.0421393841166937,-1.106496399255088
2024-10-21T12:27:46.417280824Z,AAPL,0.0,0.0,0.0,-4.399230134726423,-0.0017845192951148785,-3.2952691680261013,-0.025348542458808618,-1.1685655857434998,-0.1904157410345922,-3.3033033033033035,-1.583761650358275
2024-10-21T12:27:46.417292639Z,AAPL,0.0,0.0,0.0,1.4664100449088078,2.141423154137854,0.0065252854812398045,1.3219895287958114,0.10476689366160293,1.252740369558409,0.449438202247191,0.6627539141769931
2024-10-21T12:27:46.472297071Z,AAPL,0.0,-1.8441678192715536,0.0,0.0,0.0,0.0,0.0,0.0,0.0,0.0,-0.16409029598638294
2024-10-21T12:27:47.208717142Z,AAPL,0.0,0.9438414346389806,2.6242414302115793,0.0037341299477221808,0.17766722927955939,0.04638065264204075,1.3538211602247343,0.9969143128412058,0.7789799072642968,1.7937219730941703,0.9336219709145831
2024-10-21T12:27:47.309406274Z,AAPL,0.0,-1.981178801386825,-0.6560603575528948,-1.466275659824047,-0.0017766722927955937,-0.6625807520291535,-0.0196174595389897,-4.340277777777778,-1.2816600549282882,-1.8791946308724834,-1.3214316477554573
2024-10-21T12:27:47.985298442Z,AAPL,0.0,0.0,0.0,1.4398848092152627,0.0,0.0,0.0,0.0,0.0,0.0,0.1500067946068838
2024-10-21T12:27:50.060705561Z,AAPL,0.0,0.9905894006934125,2.6242414302115793,0.003536067892503536,0.17766722927955939,0.05056890012642225,1.411631846414455,0.8325074331020813,0.7585791691751957,1.7106200997861722,0.913071718665162
2024-10-21T12:27:50.061424726Z,AAPL,0.02689527651706169,2.724543985222812,0.013346680013346681,0.37443166622091467,0.7368518006815878,7.688611244593946,0.002845152571306636,3.6187746327481185,0.12364760432766615,2.585649644473174,2.2122784094806445
2024-10-21T12:27:50.061724093Z,AAPL,0.6946856547412297,0.0,0.0,0.0,0.0,0.0,0.0,0.0,0.0,0.0,0.029139885070956113
2024-10-21T12:27:50.062117451Z,AAPL,-0.7316627034936893,0.0,0.0,0.0,0.0,0.0,0.0,0.0,0.0,0.0,-0.030690956326790794
2024-10-21T12:27:50.063092822Z,AAPL,0.0,0.0,0.0,0.0,0.0,2.4829298572315333,0.31236055332440876,0.381009978832779,0.7848266841072596,0.022522522522522525,0.4947635091468702
2024-10-21T12:27:50.065517946Z,AAPL,-2.2797527047913446,-0.01773049645390071,-0.6574827802128992,-1.534183526704382,-2.3400936037441498,-0.004730928444707274,-1.5477741169259063,-0.06086427267194157,-1.309328968903437,-0.34944670937682004,-0.8516294357123766
2024-10-21T12:27:50.072608485Z,AAPL,0.0,0.0,0.0,0.0,0.0,0.0,0.0,0.0,0.0,0.0,0.0
2024-10-21T12:27:50.072608485Z,AAPL,0.0,0.0,0.0,0.0,0.0,0.0,0.0,0.0,0.0,0.0,0.0
2024-10-21T12:27:50.167395987Z,AAPL,0.0,-1.773049645390071,-0.6261740763932374,-1.4507208269108711,-0.0019500780031201249,-0.47309284447072736,-1.532449620718719,-0.6390748630553864,-0.8248772504091653,-1.3977868375072802,-0.9441178714305325
2024-10-21T12:27:51.736205355Z,AAPL,0.0,-1.697792869269949,0.0,0.0,0.0,0.0,0.0,0.0,0.0,0.0,-0.15106615110121588
2024-10-21T12:27:51.790801843Z,AAPL,0.0,1.773049645390071,0.0,0.0,0.0,0.0,0.0,0.0,0.0,0.0,0.15776234574222725
2024-10-21T12:27:51.790814229Z,AAPL,0.0,-1.773049645390071,0.0,0.0,0.0,0.0,0.0,0.0,0.0,0.0,-0.15776234574222725
2024-10-21T12:27:52.065555514Z,AAPL,0.0,0.0,0.0,0.0,0.0,0.0,-0.021442793689692142,0.0,0.0,0.0,-0.002128129551481346
2024-10-21T12:27:52.393140055Z,AAPL,0.8030515960650472,2.455775234131113,0.012728719172633254,0.3579342082836202,0.8116883116883117,4.9720323182100685,0.0030641948827945455,3.02757793764988,0.13684570646595962,2.2234574763757644,1.7261242713105607
2024-10-21T12:27:52.393807534Z,AAPL,-2.369002208391889,-0.01664932362122789,-0.6682577565632458,-1.4633254069873787,-2.2954425900243893,-0.004371584699453552,-1.4378247562104063,-0.06465168902537578,-1.3486176668914363,-0.35273368606701944,-0.8385205476549007
2024-10-21T12:27:53.196914522Z,AAPL,0.0,1.5984015984015985,0.0,-4.090676666098517,-0.002029220779220779,-2.092396933913404,-0.02846164792941511,-0.6800408024481468,-0.21134202183867562,-2.4539877300613497,-1.0585469290030929
2024-10-21T12:27:55.777360755Z,AAPL,0.0,1.5375744762636943,0.012940795858945324,0.36716496197220033,2.435064935064935,0.004143360265175057,1.3879345884292977,0.07289958082741024,1.4301036825169826,0.33519553072625696,0.7123529376365654
2024-10-21T12:27:57.069644133Z,AAPL,0.0,0.0,0.0,0.0,0.0,0.0,0.0192386972653566,0.0,0.0,0.0,0.001909379942506762
2024-10-21T12:27:59.074932933Z,AAPL,0.0,0.0,-0.05015224789539675,-0.36536353671903543,-0.7995202878273036,-0.0041459369817578775,-0.27309346623882025,-3.6449790413705117,-1.5016088666428318,-1.4078212290502794,-0.85215574420012
2024-10-21T12:28:13.140488443Z,AAPL,0.0,0.0,0.7299270072992701,1.5019243405613443,0.001998800719568259,0.41459369817578773,1.321003963011889,0.8248232521602514,0.9147005444646098,1.3430330162283157,0.7894188930455146
2024-10-21T12:28:13.787619066Z,AAPL,-0.8195041999590248,0.0,0.0,0.0,0.0,0.0,0.0,0.0,0.0,0.0,-0.03437563168173843
2024-10-21T12:28:15.143399309Z,AAPL,0.0,0.0,-0.059777967549103334,-0.3684598378776714,-0.7614333983724361,-0.004686035613870665,-0.2623983206507478,-4.006410256410256,-1.4547973675095256,-1.4780058651026393,-0.8912098179608223
2024-10-21T12:28:15.998512488Z,AAPL,0.0,-1.249024199843872,0.0,0.0,0.0,0.0,0.0,0.0,0.0,0.0,-0.1111356290380842
2024-10-21T12:28:16.004484708Z,AAPL,0.0,1.24804992199688,0.0,0.0,0.0,0.0,0.0,0.0,0.0,0.0,0.11104893977986416
2024-10-21T12:28:16.009375121Z,AAPL,0.0,-1.2093726379440666,0.0,0.0,0.0,0.0,0.0,0.0,0.0,0.0,-0.10760751383052597
2024-10-21T12:28:18.439793678Z,AAPL,0.0,-0.011569052783803326,-1.3496143958868896,-3.9827414537006303,-0.0017083796019475527,-4.556733588991653,-0.025888292019933985,-0.7603117278084014,-0.18484288354898334,-2.626865671641791,-1.6970848673113181
2024-10-21T12:28:18.439806868Z,AAPL,0.0,0.0,0.0,1.3167640523413713,2.024120772539428,0.010167768174885614,1.3077819500194225,0.0702000702000702,1.2154360376785172,0.34542314335060453,0.61298844636043
2024-10-21T12:28:18.595532956Z,AAPL,0.0,0.0,0.0,1.3061224489795917,0.0,0.0,0.0,0.0,0.0,0.0,0.1360714695242198
2024-10-21T12:28:21.754579574Z,AAPL,0.0,1.0645375914836992,0.0,0.0,0.0,0.0,0.0,0.0,0.0,0.0,0.09472038642567254
2024-10-21T12:28:21.754589712Z,AAPL,0.0,0.03931479921370401,1.7913121361397222,1.3389121338912133,0.0016384713062712489,1.199040767386091,1.3296988232165414,0.6431852986217458,0.7460035523978685,1.3318534961154274,0.9511056797572157
2024-10-21T12:28:21.754600821Z,AAPL,0.0,-2.1831082003001776,0.0,0.0,0.0,0.0,0.0,0.0,0.0,0.0,-0.1942485206682847
2024-10-21T12:28:21.805245495Z,AAPL,0.0,0.0,0.0,1.3389121338912133,0.0,0.0,0.0,0.0,0.0,0.0,0.13948748967963956
2024-10-21T12:28:21.865225042Z,AAPL,0.0,0.0,0.0,-0.6808510638297872,0.0,0.0,0.0,0.0,0.0,0.0,-0.07093087241156139
2024-10-21T12:28:32.979122877Z,AAPL,0.0,0.0,3.1545741324921135,-3.7368625924484236,-0.0016656950112434413,-7.648617947747065,-0.026602819898909287,-0.6530612244897959,-0.17735737511084834,-2.4282560706401766,-1.6525723689695757
2024-10-21T12:28:35.114709429Z,AAPL,0.0,0.0,-3.1545741324921135,0.0,0.0,0.0,0.0,0.0,0.0,0.0,-0.2901153437283366
2024-10-21T12:28:35.114721686Z,AAPL,0.0,0.0,0.0,0.6326611308817714,1.9988340134921294,0.015145778114350623,1.3446944481427239,0.0653061224489796,1.182382500738989,0.33112582781456956,0.5382013118226343
2024-10-21T12:28:35.212998331Z,AAPL,0.0,-2.0322621618188745,-0.10997643362136686,-0.3215434083601286,-0.6553885225084995,-0.015735641227380016,-0.2736914129319193,-3.067484662576687,-1.2262773722627738,-1.3884297520661157,-0.9392094324690476
2024-10-21T12:28:35.345053997Z,AAPL,0.0,0.0,0.0,0.6433453960595095,0.0,0.0,0.0,0.0,0.0,0.0,0.06702354248780429
2024-10-21T12:28:42.162092040Z,AAPL,0.0,0.0,0.0,-0.6384676775738228,0.0,0.0,0.0,0.0,0.0,0.0,-0.06651538314731416
2024-10-21T12:28:42.162105350Z,AAPL,0.0,0.9904667574594527,0.031176929072486356,0.34341782502044155,0.0,0.0,0.0,0.0,0.0,0.0,0.1267741219985133
2024-10-21T12:28:45.429284120Z,AAPL,0.0,-0.009902215620745142,-1.6304347826086956,-3.685220729366603,-0.0016386055466797757,-7.348126591487814,-0.030959752321981424,-0.5131494547787043,-0.17311021350259664,-2.2928608650338718,-2.0104256773258533
2024-10-21T12:28:45.429297045Z,AAPL,0.0,0.0,0.0,1.2012012012012012,1.9663266560157306,0.014550745725718444,1.563467492260062,0.05131494547787043,1.154068090017311,0.3126628452318916,0.6094332682506423
2024-10-21T12:28:48.483119828Z,AAPL,0.0,0.9899764880584085,0.029861888764464356,0.3153153153153153,0.0,0.0,0.0,0.0,0.0,0.0,0.12368184752710229
2024-10-21T12:28:55.560815833Z,AAPL,0.0,0.0,0.0,0.0,0.0,0.0,0.0,0.0,0.0,0.0,0.0
2024-10-21T12:28:55.560817191Z,AAPL,-1.0201715743102249,-0.08609774626487719,-5.208333333333334,-0.021168821350268388,-0.16589938202480195,-5.082592121982211,-0.003119881444505109,-0.5409060175794456,-5.18000518000518,-2.1417644059153496,-2.1263728722601076
2024-10-21T12:28:55.560841422Z,AAPL,-0.8916629514043691,0.0,0.0,0.0,0.0,0.0,0.0,0.0,0.0,0.0,-0.03740246505540911
2024-10-21T12:28:55.560892756Z,AAPL,0.0,-0.010914051841746248,-1.118508655126498,-3.765887337203829,-0.0017013312917357833,-5.11910795742524,-0.031688188227838074,-0.6065200909780136,-0.12900451515803052,-2.15158924205379,-1.6381875337298117
2024-10-21T12:28:55.561120579Z,AAPL,0.8453085376162299,0.0,0.0,0.0,0.0,0.0,0.0,0.0,0.0,0.0,0.03545804273849647
2024-10-21T12:28:55.561195478Z,AAPL,0.14400677678949597,2.2387015530992023,0.06750241080038573,0.28064267171823476,0.768750300293086,0.007472445357743322,0.3468007629616785,3.1372549019607843,0.8613617719442165,1.1067193675889329,0.9005032224865697
2024-10-21T12:28:55.562160475Z,AAPL,0.0,0.0,0.9643201542912246,1.0629110476317014,0.002039359641072703,0.6829434864264982,1.8117583114412537,0.6496519721577726,0.5259862241703194,1.0118043844856661,0.7474568752800375
2024-10-21T12:28:55.639691686Z,AAPL,0.0,0.0,0.0,1.0629110476317014,2.4472315692872435,0.006829434864264981,1.8298758945556661,0.061871616395978345,0.8348987685243164,0.25295109612141653,0.6244304148461123
2024-10-21T12:28:55.964429174Z,AAPL,0.0,0.0,0.0,0.5386117282703831,0.0,0.0,0.0,0.0,0.0,0.0,0.05611241842293451
2024-10-21T12:28:56.442607241Z,AAPL,0.0,-2.1279425455512704,0.0,0.0,0.0,0.0,0.0,0.0,0.0,0.0,-0.189339993081242
2024-10-21T12:28:57.565348157Z,AAPL,0.0,0.0,-0.07263294422827497,-0.2951376079096879,-0.7542900245144258,-0.007613247049866769,-0.35925992455541583,-2.9542097488921715,-0.8540056933712892,-1.105263157894737,-0.6785595716654962
2024-10-21T12:28:57.830839869Z,AAPL,0.0,-1.0951403148528405,0.0,0.0,0.0,0.0,0.0,0.0,0.0,0.0,-0.09744335441326889
2024-10-21T12:28:57.890894861Z,AAPL,-1.6488046166529267,0.04055032585083273,1.063264221158958,1.305802660572921,0.0017536168347216134,0.8600301010535368,1.7811025024490157,0.5936395759717314,0.49950445986124875,1.0968921389396709,0.7440452879055575
2024-10-21T12:28:58.005959828Z,AAPL,-1.592039800995025,-0.10426249616681998,-0.07442849548112707,-0.32645066514323023,-0.7014467338886453,-0.008600301010535369,-0.35622050048980314,-2.8268551236749118,-0.8325074331020813,-1.1517367458866543,-0.7463980293806078
2024-10-21T12:28:58.694439582Z,AAPL,0.0,1.2620287111531787,0.0,-3.6773155596414617,-0.001850909259173569,-3.918525703200776,-0.03726476616359232,-0.5582693649685974,-0.12096774193548387,-1.9272886552781427,-1.2019543722564294
2024-10-21T12:29:01.022123658Z,AAPL,0.0,-1.3431833445265278,0.0,0.0,0.0,0.0,0.0,0.0,0.0,0.0,-0.11951371792963889
2024-10-21T12:29:01.022136915Z,AAPL,0.0,0.0,0.0,1.115137998327293,2.3515579071134627,0.007068386640749249,1.9728489110264675,0.05513439007580979,0.8205128205128205,0.2523128679562658,0.6338404156467309
2024-10-21T12:29:01.158380499Z,AAPL,0.0,0.0,0.0,0.0,0.0,0.0,0.0,0.0,0.0,0.0,0.0
2024-10-21T12:29:01.158380499Z,AAPL,-0.5857019810508183,0.0,0.0,0.0,0.0,0.0,0.0,0.0,0.0,0.0,-0.02456836167145228
2024-10-21T12:29:01.158380499Z,AAPL,-0.013805004314063849,-1.016702977487291,-3.7532254281022754,-3.278016799836099,-0.0019596315892612187,-3.569535253578371,-0.03906631506983104,-0.5513439007580979,-0.12307692307692308,-1.8502943650126156,-1.6468075640894018
2024-10-21T12:29:01.158396024Z,AAPL,0.6799252082270951,0.022535211267605635,0.9619789280806229,1.0710938545990092,2.3515579071134627,0.007068386640749249,1.9728489110264675,0.05513439007580979,0.8205128205128205,0.2523128679562658,0.7482476735697648
2024-10-21T12:29:01.158404180Z,AAPL,-0.689893066574681,-2.263083451202263,-0.16642192853646598,-0.01838114619575921,-0.19596315892612187,-2.8273546562996996,-0.003906631506983104,-0.5513439007580979,-4.102564102564102,-1.7661900756938602,-1.3692027909256486
2024-10-21T12:29:01.158408745Z,AAPL,0.0,-1.5072463768115942,-1.0285420416559528,-0.5088734813307042,-0.03344975158640366,-0.053171287504747436,-0.3869220352099052,-2.1178027796161483,-0.009140767824497258,-1.6856300042140748,-0.8049106957804864
2024-10-21T12:29:01.158418184Z,AAPL,-0.7235890014471781,0.0,0.0,0.0,0.0,0.0,0.0,0.0,0.0,0.0,-0.030352289840550887
2024-10-21T12:29:01.158419809Z,AAPL,0.0,0.0,-1.1802891708468575,0.0,0.0,0.0,0.0,0.0,0.0,0.0,-0.10854713952420501
2024-10-21T12:29:01.158423515Z,AAPL,0.0,-0.30303030303030304,0.0,0.0,0.0,0.0,0.0,0.0,0.0,0.0,-0.026963019090489745
2024-10-21T12:29:01.158424717Z,AAPL,0.0,0.0,0.0,0.0,0.0,0.0,0.0,0.0,0.0,0.0,0.0
2024-10-21T12:29:01.158424717Z,AAPL,-0.013939710751001918,-1.3784049885132919,-3.9244542555800837,-3.580219288431416,-0.0017087444999786406,-7.245337159253945,-0.03564744675162642,-0.47761194029850745,-0.1762114537444934,-2.0045558086560367,-2.269766359782631
2024-10-21T12:29:01.158426997Z,AAPL,0.0,0.0,0.0,0.0,0.0,0.0,0.0,0.0,0.0,0.0,0.0
2024-10-21T12:29:01.158427442Z,AAPL,0.0,1.9734345351043643,0.0,0.0,0.0,0.0,0.0,0.0,0.0,0.0,0.1755921850447074
2024-10-21T12:29:01.158431288Z,AAPL,0.0,0.0,-0.7332722273143905,0.0,0.0,0.0,0.0,0.0,0.0,0.0,-0.06743652719478108
2024-10-21T12:29:01.158434916Z,AAPL,0.685283536063046,0.0365296803652968,0.7306889352818372,0.9751935149631255,2.5159870007338294,0.009694619486185167,2.260519247985676,0.04427227448810182,1.4194464158977997,0.22779043280182235,0.8104322669554851
2024-10-21T12:29:01.158437825Z,AAPL,0.0,0.0,0.0,-0.06406702396353108,-0.41500233438813094,-0.16819193668068266,-0.033163567452327375,-0.4429678848283499,-5.071315372424722,-0.015533980582524271,-0.5714100122004377
2024-10-21T12:29:01.158453404Z,AAPL,0.0,0.0,0.0,-2.797365813858616,-0.0022373867322966774,-4.4269121192198115,-0.050922978994271166,-0.45871559633027525,-0.17830609212481427,-1.687116564417178,-1.2534979680493896
2024-10-21T12:29:01.158458726Z,AAPL,0.7319304666056725,0.0,0.0,0.0,0.0,0.0,0.0,0.0,0.0,0.0,0.03070218814978322
2024-10-21T12:29:01.158475713Z,AAPL,0.19976949673453706,5.194805194805195,0.1587059362124218,0.46552225778295026,0.039317721884937845,0.061068702290076333,0.515331100231899,1.9464720194647203,0.01124859392575928,1.5485869144405728,1.0330300996080515
2024-10-21T12:29:01.158485485Z,AAPL,-0.21022842126541338,-0.44846916774471757,-1.7528483786152498,-0.058064876332979735,-0.5032712632108707,-0.13320274240940255,-0.039029829941455256,-0.5056890012642224,-4.248539564524695,-0.015290519877675839,-0.7159099114045692
2024-10-21T12:29:01.158498852Z,AAPL,0.0,0.0,0.0,0.0,0.0,0.0,0.0,0.0,0.0,0.0,0.0
2024-10-21T12:29:01.158498852Z,AAPL,-0.44802867383512546,0.0,0.0,0.0,0.0,0.0,0.0,0.0,0.0,0.0,-0.018793398100197724
2024-10-21T12:29:01.158508412Z,AAPL,0.9013068949977467,0.0,0.0,0.0,0.0,0.0,0.0,0.0,0.0,0.0,0.037806998251141345
2024-10-21T12:29:01.158520941Z,AAPL,0.0,0.0,0.0,0.0,0.0,0.0,0.0,0.0,0.0,0.0,0.0
2024-10-21T12:29:01.158520941Z,AAPL,-0.4716981132075472,0.0,0.0,0.0,0.0,0.0,0.0,0.0,0.0,0.0,-0.01978625686775534
2024-10-21T12:29:01.158520941Z,AAPL,-0.48590864917395526,0.0,0.0,0.0,0.0,0.0,0.0,0.0,0.0,0.0,-0.020382344295258172
2024-10-21T12:29:01.158530490Z,AAPL,0.0,0.0,0.4815795810257645,0.0,0.0,0.0,0.0,0.0,0.0,0.0,0.04428921934114264
2024-10-21T12:29:01.158531815Z,AAPL,1.0615711252653928,0.0,0.4874482086278333,0.0,0.0,0.0,0.0,0.0,0.0,0.0,0.08935851706881023
2024-10-21T12:29:01.158554739Z,AAPL,0.0,0.0,0.0,0.0,0.0,0.0,0.0,0.0,0.0,0.0,0.0
2024-10-21T12:29:01.158554739Z,AAPL,-0.5763688760806917,0.0,0.0,0.0,0.0,0.0,0.0,0.0,0.0,0.0,-0.024176867181349464
2024-10-21T12:29:01.158835732Z,AAPL,0.0,0.0,0.13798593604882578,0.33383408446002333,0.12781954887218044,0.02987622705932565,2.11864406779661,2.8469750889679717,0.0065832784726793945,1.524390243902439,0.7924615092581235
2024-10-21T12:29:01.260812083Z,AAPL,0.0,0.0,1.1046672190002762,0.028594255918590473,0.05273069679849341,0.4226096143687269,7.312614259597805,0.007661367554108408,0.6477732793522267,6.613756613756614,2.003273069414722
2024-10-21T12:29:01.260820985Z,AAPL,0.3207896360271438,7.200720072007201,0.10053222945002957,0.011870442597931151,0.7417022065640646,1.6230472712517754,0.019147917663954045,0.812842918106076,2.9967036260113877,1.3865962363816442,1.5293557947112264
2024-10-21T12:29:01.260872777Z,AAPL,0.0,0.0,0.0,0.3572225943290913,7.191011235955056,0.004103826818508259,8.12877263581489,0.08828073273008165,0.5511160099200882,0.20415107179312694,1.5516811506787234
2024-10-21T12:29:01.411037140Z,AAPL,2.526847757422615,0.5797101449275363,0.047513999660614294,0.18103643358225843,2.266931141966563,0.004106354583718304,1.6096579476861168,4.318721658389117,0.5704971475142624,0.8683666436940042,1.1449160363074944
2024-10-21T12:29:01.477138444Z,AAPL,0.0,0.0,0.0,0.0,0.0,0.0,0.0,0.0,0.0,0.0,0.0
2024-10-21T12:29:01.477138444Z,AAPL,-0.6418485237483953,0.0,0.0,0.0,0.0,0.0,0.0,0.0,0.0,0.0,-0.02692353309347966
2024-10-21T12:29:01.477149422Z,AAPL,1.224739742804654,0.0,0.0,0.0,0.0,0.0,0.0,0.0,0.0,0.0,0.05137399211223677
2024-10-21T12:29:01.477199123Z,AAPL,0.0,0.0,0.0,-2.3979617325273517,-0.0038317846537024615,-2.3274570803087915,-0.10655301012253597,-0.6955312119631368,-0.08887572211524218,-1.5379238028661306,-0.9108329095684736
2024-10-21T12:29:01.541027344Z,AAPL,0.0,0.0,0.0,0.0,1.4494066491530029,0.0,0.0,0.0,0.0,0.0,0.12426964129836178
2024-10-21T12:29:01.544694740Z,AAPL,-1.9333011116481391,0.0,0.0,0.0,0.0,0.0,0.0,0.0,0.0,0.0,-0.0810959198833085
2024-10-21T12:29:01.602571884Z,AAPL,1.813236627379873,0.0,0.0,0.0,0.0,0.0,0.0,0.0,0.0,0.0,0.07605959122328435
2024-10-21T12:29:01.602608635Z,AAPL,-3.3430839949853737,0.0,0.0,0.0,0.0,0.0,0.0,0.0,0.0,0.0,-0.14023189154915608
2024-10-21T12:29:01.646117074Z,AAPL,0.1423487544483986,0.34653465346534656,1.1040574109853711,0.773432590515783,0.003067484662576687,0.45987583352494826,4.329941545789132,0.5709624796084829,0.48146732900267486,0.7575757575757576,0.9332961404942137
2024-10-21T12:29:01.646130641Z,AAPL,-1.5996800639872024,-0.8510638297872339,-0.08408408408408409,-0.19266894658253456,-1.1730205278592376,-0.0046072333563694995,-0.8488964346349746,-2.5786487880350695,-0.8503745697509618,-0.7801857585139319,-0.8073797929732945
2024-10-21T12:29:01.700637009Z,AAPL,0.0,0.0,0.0,0.403327451474666,3.191701575902653,0.004900759617740749,3.811320754716981,0.04959087527894867,0.8458447874814972,0.1876759461995621,0.8053560653885868
2024-10-21T12:29:01.702431410Z,AAPL,0.126723816623183,0.3631647211413749,1.361933946203609,0.8329428913530116,0.002493921067398217,0.516729104766826,3.180661577608143,0.5262498433780228,0.5628769265132901,0.7592534008225245,0.8612371746569567
2024-10-21T12:29:01.702443831Z,AAPL,-1.444043321299639,-0.8923884514435695,-0.09845288326300985,-0.21878247552371055,-0.9175364147264595,-0.00553939897521119,-0.5817335660267597,-2.4122542515981182,-0.9842981017108039,-0.8056265984654731,-0.7601792807548322
2024-10-21T12:29:01.828859341Z,AAPL,0.0,0.0,0.0,0.4556587116249929,0.0,0.0,0.0,0.0,0.0,0.0,0.047470396470686696
2024-10-21T12:29:01.883788028Z,AAPL,0.0,0.0,0.0,-0.48102940292225366,0.0,0.0,0.0,0.0,0.0,0.0,-0.05011350795717915
2024-10-21T12:29:01.883801296Z,AAPL,0.0,0.0,0.0,1.017099993643125,0.0,0.0,0.0,0.0,0.0,0.0,0.10596119138463497
2024-10-21T12:29:04.074375510Z,AAPL,0.0,8.639308855291578,0.0,-3.0352851903376754,-0.001800909459276935,-3.62526920315865,-0.048502485752394804,-0.42462845010615713,-0.14847809948032664,-1.764941837144003,-0.40184395525233435
2024-10-21T12:29:04.429500359Z,AAPL,0.0,0.0,0.0,0.0,0.0,0.0,0.0,0.0,0.0,0.0,0.0
2024-10-21T12:29:04.429500359Z,AAPL,-0.01756697408871322,0.0,0.0,0.0,0.0,0.0,0.0,0.0,0.0,0.0,-0.0007368794828219819
2024-10-21T12:29:04.493551721Z,AAPL,0.0,-8.333333333333334,0.0,0.0,0.0,0.0,0.0,0.0,0.0,0.0,-0.741483024988468
2024-10-21T12:29:04.493564498Z,AAPL,0.0,0.0,0.0,0.4444444444444444,2.3514427080781855,0.006918021445866482,2.709590878604963,0.038461538461538464,1.2982797792924374,0.2308580223162755,0.6750276012832521
2024-10-21T12:29:04.660423222Z,AAPL,0.0,0.0,0.0,-2.526315789473684,-0.0020818153429790777,-3.213490295895641,-0.05747126436781609,-0.3813155386081983,-0.20026702269692923,-1.6332590942835934,-1.0395379170563623
2024-10-21T12:29:04.660436269Z,AAPL,0.0,0.0,0.0,0.0,0.8688569101276133,0.0,0.0,0.0,0.0,0.0,0.07449430194366635
2024-10-21T12:29:04.679139876Z,AAPL,-1.1086474501108647,0.0,0.0,0.0,0.0,0.0,0.0,0.0,0.0,0.0,-0.04650428443419215
2024-10-21T12:29:04.736790546Z,AAPL,1.1091085539997227,0.0,0.0,0.0,0.0,0.0,0.0,0.0,0.0,0.0,0.046523626296566
2024-10-21T12:29:04.736803679Z,AAPL,-1.1412268188302426,0.0,0.0,0.0,0.0,0.0,0.0,0.0,0.0,0.0,-0.047870886801302505
2024-10-21T12:29:04.942410445Z,AAPL,0.0996483001172333,0.29473684210526313,1.5879317189360858,0.7881773399014779,0.002172024326672459,0.5806357961968356,2.9133284777858703,0.41237113402061853,0.8783548274660161,0.8614501076812634,0.886171675050998
2024-10-21T12:29:04.942423141Z,AAPL,-1.2082766953632382,-0.7157894736842105,-0.111155220325526,-0.19704433497536947,-0.8688097306689835,-0.0058063579619683555,-0.5826656955571741,-1.9636720667648502,-1.46392471244336,-0.9045226130653266,-0.7446350329533491
2024-10-21T12:29:04.996963888Z,AAPL,0.0,0.0,0.0,0.8333333333333334,2.4472315692872435,0.006363347120585428,2.9022988505747125,0.03813155386081983,1.3351134846461947,0.22271714922049,0.7447928128201653
2024-10-21T12:29:07.476155585Z,AAPL,0.0,0.0,0.0,0.0,0.0,0.0,0.0,0.0,0.0,0.0,0.0
2024-10-21T12:29:07.476155585Z,AAPL,-0.17738359201773837,0.0,0.0,0.0,0.0,0.0,0.0,0.0,0.0,0.0,-0.007440685509470745
2024-10-21T12:29:07.543812287Z,AAPL,0.0,0.0,0.0,-2.4870466321243523,-0.002039463621067659,-3.264910295781477,-0.06097560975609756,-0.3674781809830041,-0.19749835418038184,-1.631442343344457,-1.041206563457318
2024-10-21T12:29:07.572921012Z,AAPL,0.0,0.0,1.6488046166529267,0.7766990291262136,0.0022203719122953097,0.5891016200294551,3.0935808197989174,0.39697542533081287,0.8656818962555822,0.8605234851201148,0.8764787070661845
2024-10-21T12:29:07.582875842Z,AAPL,0.0,0.0,0.0,0.3864734299516908,2.7247956403269757,0.0058063579619683555,2.9424617625637293,0.039273441335297005,1.3942140118508193,0.21536252692031585,0.7302070817824577
2024-10-21T12:29:07.714932040Z,AAPL,0.0,0.0,0.0,0.38095238095238093,0.0,0.0,0.0,0.0,0.0,0.0,0.03968751194456411
2024-10-21T12:29:08.288226889Z,AAPL,0.0,0.0,0.0,0.3791469194312796,0.0,0.0,0.0,0.0,0.0,0.0,0.03949941947089319
2024-10-21T12:29:08.936973408Z,AAPL,0.1035480432465357,4.6893317702227435,5.1646223369916076,0.00199990000499975,0.2257718575379579,2.824060999717594,0.5143906919779547,0.28416779431664413,0.8495575221238938,0.015249714067861226,1.4746175803366617
2024-10-21T12:29:08.936985355Z,AAPL,0.0,-9.569377990430622,-1.2535255405828893,-0.8289725920936739,-0.002160177134525031,-0.5990714392691328,-2.207505518763797,-0.5010139568173685,-0.8786610878661087,-0.9504950495049505,-1.6360742641231842
2024-10-21T12:29:08.991905949Z,AAPL,0.0,0.0,0.0,0.43008440406429765,0.0,0.0,0.0,0.0,0.0,0.0,0.04480607229911545
2024-10-21T12:29:09.054055599Z,AAPL,-1.3061224489795917,4.434589800443459,4.351373402230079,0.0022854530910753055,0.19786307874950534,3.1913196106590074,0.4017216642754663,0.3418803418803419,0.8132836326668925,0.01762114537444934,1.3593471624919204
2024-10-21T12:29:09.096609749Z,AAPL,0.0,0.0,0.0,0.0,0.0,0.0,0.0,0.0,0.0,0.0,0.0
2024-10-21T12:29:09.096609749Z,AAPL,-0.11180532719500164,0.0,0.0,0.0,0.0,0.0,0.0,0.0,0.0,0.0,-0.004689882916895116
2024-10-21T12:29:09.096609749Z,AAPL,-0.013436345314074572,-3.3492822966507174,-1.6158351848111492,-2.9620487503856836,-0.0019885657469550086,-2.7823691460055096,-0.0364797081623347,-0.6700167504187605,-0.20682523267838673,-2.212166918049271,-1.5893576418439934
2024-10-21T12:29:09.096622742Z,AAPL,0.6988120195667366,0.05983545250560958,0.7859281437125749,0.5295908910366742,2.3285146017269818,0.005513439007580979,1.7618839947666811,0.07348888480617308,1.3600816048962936,0.3275109170305677,0.7188986714437771
2024-10-21T12:29:09.096634813Z,AAPL,-0.7172314864622557,-5.64736499674691,-0.7356998344675372,-1.1106483409690406,-0.001903492909488912,-0.583941605839416,-1.6181229773462784,-0.8471157724889068,-0.8445040214477213,-1.3840830449826989,-1.337649147788262
2024-10-21T12:29:09.096639241Z,AAPL,0.0,-3.2628398791540785,-1.5370993447848413,-0.2983738624496494,-0.7335075413744097,-0.006303183107469272,-0.31116297160637885,-4.108463434675431,-1.3685239491691106,-1.5375228798047589,-1.32437873565243
2024-10-21T12:29:09.096640225Z,AAPL,0.0,0.0,-0.7083407118824154,-0.7101366276691483,-0.17612610629210515,-2.6050146532074243,-0.0031125982413819937,-0.8380473496752566,-5.56947925368978,-2.643171806167401,-1.5265322209778105
2024-10-21T12:29:09.096649377Z,AAPL,0.0,0.0,-1.3468013468013469,0.0,0.0,0.0,0.0,0.0,0.0,0.0,-0.12386069220455584
2024-10-21T12:29:09.096651465Z,AAPL,0.0,5.4945054945054945,1.4113821138211382,0.3590664272890485,0.6893580353295993,0.006625807520291535,0.30195515965879066,4.669624095260332,1.0316875460574797,1.640625,1.5537102894726662
2024-10-21T12:29:09.096659107Z,AAPL,0.0,-0.49225159525979945,-1.862486419369859,-0.7850230623134665,-0.17459624618070713,-2.4860161591050343,-0.0030422878004259203,-1.0301313417460727,-4.478280340349306,-2.6615969581749046,-1.5906549117546942
2024-10-21T12:29:09.096672869Z,AAPL,0.0,0.0,0.0,-0.10014836795252224,-0.38192458309499716,-0.612088752869166,-1.1897679952409281,-0.011820330969267141,-0.8966599417171037,-9.925558312655086,-1.904864700341766
2024-10-21T12:29:09.096683301Z,AAPL,0.22891055532005086,4.825090470446321,0.15985790408525755,0.8766791233208766,0.16930500296283757,2.488335925349922,0.0028893383415197916,1.3821700069108502,4.0477636106051404,2.140672782874618,1.7514680944525178
2024-10-21T12:29:09.096693428Z,AAPL,0.0,0.0,0.0,-4.939287919324964,-0.0016859852476290833,-3.00148588410104,-0.029973772948669913,-1.3845621322256838,-0.11156563778356267,-2.1923268560039864,-1.4364176881302175
2024-10-21T12:29:09.096705312Z,AAPL,0.0,1.3545546901456145,0.0,0.0,0.0,0.0,0.0,0.0,0.0,0.0,0.12052551709937846
2024-10-21T12:29:09.096706998Z,AAPL,0.0,1.3175230566534912,0.0,0.0,0.0,0.0,0.0,0.0,0.0,0.0,0.117230517784738
2024-10-21T12:29:09.097036830Z,AAPL,0.0,0.35456336178594877,1.304478509167418,0.3318951211417192,0.7720144752714113,0.0045750886423424455,0.3823360734085261,5.643340857787811,0.6954793840039742,1.0566037735849056,1.0703155942286338
2024-10-21T12:29:09.197808423Z,AAPL,0.0,2.74423016123933,0.6295247088448221,1.189502639208981,0.0020589900653729346,0.4521306657624053,1.9301293186643504,1.1425462459194777,0.4230317273795534,0.9452540370224498,0.9811565828903425
2024-10-21T12:29:09.197865189Z,AAPL,0.0,0.0,0.0,0.5947513196044905,2.4707880784475216,0.004521306657624053,1.9494306118509939,0.1088139281828074,0.6714789323484975,0.23631350925561245,0.5764359731874048
2024-10-21T12:29:09.349517861Z,AAPL,2.10322267991277,1.2987012987012987,2.4045686804929365,0.0030646644192460926,0.20485506504148315,2.162863631448037,0.42139058894351356,0.693450742982939,0.40309035942223714,0.016129032258064516,0.8979859034286468
2024-10-21T12:29:09.575899057Z,AAPL,-0.07179487179487179,-2.7150453550203317,-0.6295247088448221,-1.189502639208981,-0.0020589900653729346,-0.4521306657624053,-1.9301293186643504,-1.1425462459194777,-0.4230317273795534,-0.9452540370224498,-0.9815713480457229
2024-10-21T12:29:11.490444580Z,AAPL,0.0,0.0,0.0,0.5776173285198556,0.0,0.0,0.0,0.0,0.0,0.0,0.06017601089067483
2024-10-21T12:29:12.051081325Z,AAPL,0.0,2.4760136180748993,0.0,0.0,0.0,0.0,0.0,0.0,0.0,0.0,0.2203106480931381
2024-10-21T12:29:12.051094374Z,AAPL,0.0,0.0,-1.4654698662758747,-0.2996703626011388,-0.7719027402547278,-0.0056785917092561046,-0.3435835767050335,-4.869734599464329,-0.68931560807484,-0.9603658536585367,-0.9554070971441004
2024-10-21T12:29:12.054384594Z,AAPL,0.0,0.0,0.7753440589261485,1.1638903033389103,0.0019390178874400116,0.6020469596628537,1.6615435739802276,1.0122921185827911,0.41338582677165353,0.8945210585165859,0.7207445571558513
2024-10-21T12:29:12.054397299Z,AAPL,0.0,0.0,-1.5212017493820118,-0.2974641183907191,-0.7608902415826516,-0.006111535523300229,-0.3437312021998797,-4.401408450704226,-0.6842619745845553,-0.9381980640357408,-0.9098862758693964
2024-10-21T12:29:12.061278295Z,AAPL,0.0,0.0,-1.4700477765527378,0.0,0.0,0.0,0.0,0.0,0.0,0.0,-0.1351952428693608
2024-10-21T12:29:12.188742107Z,AAPL,0.0,0.0,0.0,0.5912786400591279,0.0,0.0,0.0,0.0,0.0,0.0,0.06159924248601969
2024-10-21T12:29:14.061139742Z,AAPL,0.24469233537243615,5.73271228950197,0.7217610970768675,1.1500035937612305,0.001884214988930237,0.6842285323297981,1.6346546791990193,0.8486562942008486,0.47493403693931396,0.923432089265102,1.2379142189296162
2024-10-21T12:29:16.067040933Z,AAPL,0.0,0.0,-0.05251312828207051,-0.2834266279316942,-0.7536859955720947,-0.006842285323297981,-0.3269309358398038,-4.04122044857547,-0.7915567282321899,-0.9696036937283572,-0.7507592358855286
2024-10-21T12:29:26.242855402Z,AAPL,0.0,0.0,0.0,-0.5715918833952558,0.0,0.0,0.0,0.0,0.0,0.0,-0.059548281711620916
2024-10-21T12:29:26.242868183Z,AAPL,0.0,0.0,0.0,1.1213119349639078,0.0,0.0,0.0,0.0,0.0,0.0,0.11681796213271377
2024-10-21T12:29:26.365233464Z,AAPL,0.0,0.0,0.0,-0.5652911249293386,0.0,0.0,0.0,0.0,0.0,0.0,-0.05889187046607168
2024-10-21T12:29:49.448744098Z,AAPL,0.0,0.0,0.0,0.0,0.0,0.0,0.0,0.0,0.0,0.0,0.0
2024-10-21T12:29:49.448744098Z,AAPL,0.0,0.0,0.0,0.0,0.0,0.0,0.0,0.0,0.0,0.0,0.0
2024-10-21T12:29:49.448744098Z,AAPL,0.0,0.0,0.0,0.0,0.0,0.0,0.0,0.0,0.0,0.0,0.0
2024-10-21T12:29:49.450300162Z,AAPL,0.0,0.0,0.0,0.0,0.0,0.0,0.0,0.0,0.0,0.0,0.0
2024-10-21T12:29:49.450300162Z,AAPL,-0.03372681281618887,-0.8406725380304243,-1.794526693584567,-5.052099778970635,-0.0014231330273597326,-12.33964569334148,-0.028551034975017844,-0.5345449685954832,-0.16137708445400753,-2.7936507936507935,-3.032076503457613
2024-10-21T12:29:49.450311621Z,AAPL,1.6934801016088061,0.01544699748986291,0.9621993127147767,0.8694707097054668,1.6838560303094086,0.02600780234070221,1.4842027920646583,0.05077430820005078,1.0638297872340425,0.38022813688212925,0.7078620495466275
2024-10-21T12:29:49.450314673Z,AAPL,0.0,0.0,0.0,0.0,0.0,0.0,0.0,0.0,0.0,0.0,0.0
2024-10-21T12:29:49.450314673Z,AAPL,-0.03857280617164899,-0.7285342584562012,-2.0130850528434827,-4.8,-0.001428265371706063,-13.988919667590027,-0.03147128245476003,-0.45454545454545453,-0.1594896331738437,-2.531645569620253,-3.201032574764013
2024-10-21T12:29:49.450321900Z,AAPL,-1.9333011116481391,-0.11997177134791814,-3.6621652552071415,-0.02639766192137268,-0.14866572511707427,-7.117437722419928,-0.003414134516899966,-0.4501969611705121,-4.861448711716092,-2.2364217252396164,-2.2909788505546236
2024-10-21T12:29:49.450325841Z,AAPL,0.0,-0.37190082644628103,-0.8960573476702509,-0.060584461867426935,-0.6128859266069103,-0.1053027453930049,-0.36965160336382963,-1.725997842502697,-0.01008318628686665,-1.9870839542970689,-0.7101559687356085
2024-10-21T12:29:49.450334304Z,AAPL,0.0,0.0,-1.7171066752522002,0.0,0.0,0.0,0.0,0.0,0.0,0.0,-0.15791640087895722
2024-10-21T12:29:49.450337787Z,AAPL,0.0,-0.12444735549369575,0.0,0.0,0.0,0.0,0.0,0.0,0.0,0.0,-0.011073072192393691
2024-10-21T12:29:49.450341436Z,AAPL,0.0,0.3477141017385705,0.0,0.0,0.0,0.0,0.0,0.0,0.0,0.0,0.03093889247859158
2024-10-21T12:29:49.450344611Z,AAPL,0.38716250636780436,1.8187329493785998,0.1398889117465542,1.0684474123539232,0.013135672734096455,0.8523332623055615,1.8304541814437707,0.004335573379579449,1.1933174224343677,6.793478260869565,1.7917571399295524
2024-10-21T12:29:49.450349606Z,AAPL,0.0,0.0,-0.16612021857923498,-0.04333418302319653,-0.7953472187701943,-0.0538151066692293,-0.4850836769342711,-1.7361111111111112,-0.012646221941195067,-1.3003901170351104,-0.5201878833720405
2024-10-21T12:29:49.450351627Z,AAPL,0.0,0.5808044141135472,0.0,0.0,0.0,0.0,0.0,0.0,0.0,0.0,0.05167879366842814
2024-10-21T12:29:49.450355047Z,AAPL,0.0,0.5979073243647235,0.0,0.0,0.0,0.0,0.0,0.0,0.0,0.0,0.05320057578392595
2024-10-21T12:29:49.450394230Z,AAPL,0.0,0.0,-8.271583663622264,-0.00241779497098646,-1.1593870171612237,-0.06515719172503666,-0.6200589055960316,-0.06318449873631002,-1.6099524332235637,-0.11851851851851852,-1.101001424958248
2024-10-21T12:29:49.450652186Z,AAPL,0.0,0.12228479485116653,0.09843659525188188,0.972940103374886,0.017141108050198958,0.6403073475268128,2.5212732429877085,0.004443457009553432,1.4609203798392987,5.2534804307853955,1.4293608375112588
2024-10-21T12:29:49.452270874Z,AAPL,0.0,0.0,0.0,0.0,0.2607561929595828,2.4042073628850487,0.006846970215679561,0.464738003950273,6.363347120585428,1.0926118626430803,1.1556210079570857
2024-10-21T12:29:49.553764632Z,AAPL,0.0,0.12020505568322432,1.6840332596568781,0.2446932158805897,1.092523045407989,0.006002400960384154,0.7356998344675372,2.322340919647004,1.3320647002854424,0.6564209429538943,0.8086424807642929
2024-10-21T12:29:49.553823391Z,AAPL,0.0,0.0,0.8008809690659726,2.7670490574739146,0.002974862412613417,2.818080357142857,0.08093889113719142,0.4596644449551827,0.19556714471968709,1.1184544992374175,1.0100639049954512
2024-10-21T12:29:49.703766083Z,AAPL,0.6142728093947606,2.9197080291970803,0.3930431364842291,0.8580468708103179,0.0033760972316002704,0.514734268433921,4.126263668248401,0.5001786352268667,0.856851411084665,0.5961251862891207,1.1143516270911618
2024-10-21T12:29:50.524022649Z,AAPL,0.0,0.0,-4.223493180818302,-0.002133560913164071,-1.8783708387576714,-0.05076786394212464,-0.8261049153242462,-0.07493443237167478,-1.512547267102097,-0.09955201592832255,-0.7981017325105709
2024-10-21T12:29:50.524034831Z,AAPL,0.0,0.0,0.6982021295164951,2.51994960100798,0.00386286817962337,2.531962897969416,0.07630675314765356,0.5254860746190225,0.20927799093128707,1.095890410958904,0.9379366662495419
2024-10-21T12:29:51.461550015Z,AAPL,-0.3107658157602664,-0.1282293041674524,-1.3393604553825549,-0.19952114924181963,-1.747487986020096,-0.004715868898844612,-0.8426374552348852,-2.596728122565567,-1.509705248023005,-0.6131386861313869,-0.8883964689963426
2024-10-21T12:29:54.581050838Z,AAPL,0.0,0.0,0.6539153179663233,0.0,0.0,0.0,0.0,0.0,0.0,0.0,0.060138344915404734
2024-10-21T12:29:54.581064740Z,AAPL,0.0,0.0,-1.2671259998416091,0.0,0.0,0.0,0.0,0.0,0.0,0.0,-0.11653322431219791
2024-10-21T12:29:54.639369336Z,AAPL,0.0,-1.6587186398507152,-0.055537406076445604,0.0,0.0,0.0,0.0,0.0,0.0,0.0,-0.15269699016995836
2024-10-21T12:29:55.410313755Z,AAPL,-10.126582278481013,-0.058626465661641536,0.0,0.0,0.0,0.0,0.0,0.0,0.0,0.0,-0.42999483877988826
2024-10-21T12:30:01.594370016Z,AAPL,0.0,0.0,-3.727286845783507,-0.001989258006763477,-2.305672868394019,-0.04950495049504951,-0.9006980409817609,-0.07222824124232574,-1.689059500959693,-0.10027575833542242,-0.8120496838215248
2024-10-21T12:30:01.675073949Z,AAPL,0.0,0.0,0.6351726875744343,2.377296815412808,0.004565688848304988,2.501857815209314,0.09006980409817608,0.4757939812061377,0.221483942414175,1.1133603238866396,0.9134655492590917
2024-10-21T12:30:01.702282387Z,AAPL,0.0,0.0,-3.605769230769231,-0.0020969855832241153,-2.1802482460874257,-0.0528192261983362,-0.8828073273008166,-0.07124198527665637,-1.513067400275103,-0.10484927916120576,-0.7736171473011816
2024-10-21T12:30:01.702295886Z,AAPL,0.0,0.0,1.1841326228537596,2.5565912117177096,0.004141644232760406,2.7027027027027026,0.09454029780193807,0.44838022643201436,0.20597322348094746,1.3025458851391356,1.0375034443384887
2024-10-21T12:30:01.702628858Z,AAPL,-4.842615012106537,0.0,0.0,0.0,0.0,0.0,0.0,0.0,0.0,0.0,-0.20313251602731874
2024-10-21T12:30:09.716255586Z,AAPL,0.0,0.0,0.5836008170411439,0.0,0.0,0.0,0.0,0.0,0.0,0.0,0.05367176186862136
2024-10-21T12:30:10.321520576Z,AAPL,0.0,0.0,0.5836859769444039,0.0,0.0,0.0,0.0,0.0,0.0,0.0,0.053679593732311515
2024-10-21T12:30:10.800024827Z,AAPL,-0.033375052148518984,-3.922530031870557,-0.02205766503860091,-0.03362508035405232,-0.451773209848656,-1.9175455417066156,-0.009896091044037606,-0.44414834554741284,-5.5111600992008825,-1.2455516014234875,-1.4047318575382568
2024-10-21T12:30:10.800051476Z,AAPL,0.0,0.0,-3.7842951750236518,-0.0020161290322580645,-2.2577400245892476,-0.04627487274409996,-1.0979961570134504,-0.06589785831960461,-1.0920824025812856,-0.13436345314074571,-0.7833736038806818
2024-10-21T12:30:10.801218083Z,AAPL,0.0,0.0,0.0,0.0,0.0,0.0,0.0,0.0,0.0,0.0,0.0
2024-10-21T12:30:10.801218083Z,AAPL,-0.017057569296375266,0.0,0.0,0.0,0.0,0.0,0.0,0.0,0.0,0.0,-0.0007155115489917496
2024-10-21T12:30:10.801218083Z,AAPL,-1.7276840806252571,-7.162041181736795,-0.003422020703225254,-1.086255108625511,-0.04786979415988511,-0.44262476485559366,-0.17391304347826086,-0.52916416115454,-0.08309098462816784,-1.4374387455080038,-1.1944646566001391
2024-10-21T12:30:10.801242022Z,AAPL,-1.5284677111196026,-0.010812271928639006,-1.3570822731128074,-0.015992689056431347,-0.08113590263691683,-0.46339202965708987,-4.769001490312966,-0.004865588127964967,-0.8254230293025175,-5.712653527563553,-1.7187701965022453
2024-10-21T12:30:10.801249125Z,AAPL,-0.20610967979389033,-0.48816206980717597,-0.0076241303726293725,-0.8882966910948257,-0.035478966041561075,-0.0787128139830999,-1.3937282229965158,-1.858088491464406,-0.008539709649871904,-1.098599285910464,-0.6537688670400723
2024-10-21T12:30:10.801255194Z,AAPL,0.0,-0.4400924194080757,0.0,0.0,0.0,0.0,0.0,0.0,0.0,0.0,-0.03915852701006322
2024-10-21T12:30:10.801256016Z,AAPL,0.0,0.0,-0.08733624454148473,-0.004841442749939482,-2.02122283981809,-0.03611971104231166,-0.28368794326241137,-0.46915317851278443,-3.260648053800693,-0.01105277701022382,-0.5559804696123111
2024-10-21T12:30:10.801285169Z,AAPL,0.0,0.34647033347769596,0.0,0.0,0.0,0.0,0.0,0.0,0.0,0.0,0.03082822451229663
2024-10-21T12:30:10.801293865Z,AAPL,0.0,0.06643467257197089,0.009256045354622239,1.0432968179447053,0.03713035406444769,0.09764503159103964,1.721170395869191,1.9885657469550087,0.007861635220125786,1.1129660545353368,0.6741397326384314
2024-10-21T12:30:10.801518640Z,AAPL,0.0,0.0,0.0,-0.2732053821460283,-2.119205298013245,-0.04265041888804265,-0.3027604630454141,-0.522466039707419,-2.9750836742283377,-0.011325028312570783,-0.5666583474892914
2024-10-21T12:30:10.801839030Z,AAPL,-0.050568900126422255,-0.03819397080889374,-0.10201603109059995,-0.005777007510109763,-0.5510400881664141,-2.4393962494282664,-0.12974976830398516,-0.09466796603090631,-0.7451564828614009,-4.135435513052468,-1.154358278963825
2024-10-21T12:30:10.801849830Z,AAPL,0.0,0.0,0.0,0.0,0.0,0.0,0.0,0.0,0.0,0.0,0.0
2024-10-21T12:30:10.801849830Z,AAPL,-0.06727211570803901,0.0,0.0,0.0,0.0,0.0,0.0,0.0,0.0,0.0,-0.0028218543262456316
2024-10-21T12:30:10.801849830Z,AAPL,-12.075471698113208,-0.002385353926888902,-3.2829514058183005,-0.029913251570445706,-0.731528895391368,-0.08058017727639001,-2.4322830292979547,-0.06856359273225918,-0.8384146341463415,-0.7889546351084813,-1.3346444736297918
2024-10-21T12:30:10.801875239Z,AAPL,-1.5464913976416008,-0.009602688752850797,-0.08952837729816147,-0.06940427993059572,-0.015476881408396209,-0.5669737774627923,-7.24309642372114,-0.05332317653780232,-0.12940057088487156,-0.7847753580537571,-1.02321159929107
2024-10-21T12:30:10.801885691Z,AAPL,-0.6378568011481422,0.0,0.0,0.0,0.0,0.0,0.0,0.0,0.0,0.0,-0.02675609284620719
2024-10-21T12:30:10.801887002Z,AAPL,-0.5355469272995046,0.0,0.0,0.0,0.0,0.0,0.0,0.0,0.0,0.0,-0.022464514424764395
2024-10-21T12:30:10.801896921Z,AAPL,0.46690790241624835,0.0,0.0,0.0,0.0,0.0,0.0,0.0,0.0,0.0,0.019585322544480595
2024-10-21T12:30:10.801910649Z,AAPL,0.0,0.0,0.0,0.0,0.0,2.9673590504451037,0.07965860597439545,0.2042655452087714,0.8046670690002011,2.9287937030935387,0.9861544275502878
2024-10-21T12:30:10.801912958Z,AAPL,0.3490705995287547,0.0,0.0,0.0,0.0,0.0,0.0,0.0,0.0,0.0,0.014642417160185469
2024-10-21T12:30:10.801948090Z,AAPL,0.31360250882007057,0.0,0.0,0.0,0.0,0.0,0.0,0.0,0.0,0.0,0.013154641963039223
2024-10-21T12:30:10.802147907Z,AAPL,0.011464603038119806,0.03902167096369591,0.16104294478527606,0.011220196353436185,5.0600885515496525,0.05584363781412047,0.1903162608452281,1.2706480304955527,3.9302382706951606,0.006431902235086027,0.9589853494063527
2024-10-21T12:30:10.802168655Z,AAPL,0.0,0.06576372034760823,0.01399825021872266,2.279851809632374,0.08863564419119975,0.14958205015398152,1.0618529333687285,4.778972520908004,0.010893246187363835,0.6447453255963894,0.9472301251002659
2024-10-21T12:30:10.803071076Z,AAPL,0.0,0.0,0.0,0.0,0.20929516774392123,0.8966599417171037,4.142931123770067,0.01231527093596059,1.0604453870625663,3.228931223764934,1.165371342978251
2024-10-21T12:30:10.804124159Z,AAPL,0.0,0.0,2.3798899300907337,0.11262007287181186,1.1655011655011656,3.362050851019122,0.010368066355624676,1.4044943820224718,4.575611988103408,0.6786233640329618,1.4649940207777679
2024-10-21T12:30:10.805929875Z,AAPL,0.046055156532704644,1.7174753112924002,0.09389671361502347,0.7629219912263971,4.086845466155811,0.008587376556462,1.0118897040222616,7.022471910112359,0.9180327868852459,0.4102898078801693,1.526040328462285
2024-10-21T12:30:10.872155138Z,AAPL,0.0,0.0,1.0757025682398815,3.7820632840292077,0.10217113665389528,0.8598452278589854,0.14866204162537164,1.354679802955665,0.09345794392523364,0.7092198581560284,0.8912958717417412
2024-10-21T12:30:10.897934717Z,AAPL,0.0,0.0,1.0214504596527068,0.0,0.0,0.0,0.0,0.0,0.0,0.0,0.09393928903154514
2024-10-21T12:30:10.903766597Z,AAPL,0.7297938332421091,0.10941271118262269,0.48024972985952696,2.9417172274315133,0.010232796111537478,0.8458447874814972,4.4257579110422665,1.2526096033402923,0.6226834692364714,0.38548024413748794,1.1902826558368504
2024-10-21T12:30:10.925970633Z,AAPL,-0.6836146122623371,0.0,0.0,0.0,0.0,0.0,0.0,0.0,0.0,0.0,-0.02867548955155997
2024-10-21T12:30:11.987463739Z,AAPL,0.0,0.0,-0.8787346221441125,0.0,0.0,0.0,0.0,0.0,0.0,0.0,-0.08081420383293735
2024-10-21T12:30:11.987474545Z,AAPL,0.0,0.0,-2.085268917105399,-0.06622516556291391,-1.1757789535567313,-0.145032632342277,-0.7233273056057866,-0.11648223645894001,-1.177730192719486,-0.7149240393208222,-0.6226258152197743
2024-10-21T12:30:11.987486150Z,AAPL,0.0,0.0,0.8028098344204716,3.1376203789996895,0.12110202845897669,1.0424811050299714,0.09124087591240876,1.249290176036343,0.10813733441470669,0.8372978116079924,0.8322989174964199
2024-10-21T12:30:12.806183466Z,AAPL,0.0,-0.19760056457304165,-0.07042253521126761,-0.5689091167685962,-4.554511813265015,-0.011353959693443088,-0.608457560085184,-4.8721071863581,-1.165371809100999,-0.5113636363636364,-1.1959820456315375
2024-10-21T12:30:13.320141102Z,AAPL,0.0,0.0,0.8552490912978405,0.0,0.0,0.0,0.0,0.0,0.0,0.0,0.0786543202581849
2024-10-21T12:30:13.926860673Z,AAPL,0.0,4.932182490752158,0.004518242403704959,0.0,0.0,0.0,0.0,0.0,0.0,0.0,0.4392710783935836
2024-10-21T12:30:33.768570061Z,AAPL,0.0,-0.024615384615384615,-2.280939476061427,-0.048437878420925166,-0.8835873647006848,-0.17667844522968196,-0.8023340627279358,-0.06915629322268327,-1.1995637949836422,-0.8269588587967749,-0.6433753803808547
2024-10-21T12:30:33.768615671Z,AAPL,-0.0028287542873307167,-7.916872835230085,-0.031641993445587074,-0.08238429852192876,-0.8648648648648649,-4.329004329004329,-0.007866273352999017,-0.6806193636208949,-4.81811611659841,-0.8674101610904585,-2.043007912358692
2024-10-21T12:30:33.772724890Z,AAPL,0.5637574433599943,0.1383399209486166,0.07681879801174875,0.48001920076803073,3.185347401951025,0.01213224143160449,0.7724990343762071,3.1446540880503147,1.010587102983638,0.5593784683684795,0.9302628801678338
2024-10-21T12:30:33.841886930Z,AAPL,0.0,0.0,0.0,1.8157058556513843,0.0,0.0,0.0,0.0,0.0,0.0,0.18915972556419572
2024-10-21T12:30:33.993763813Z,AAPL,0.0,0.0,0.0,0.8809602466688691,0.0698202129516495,1.5479876160990713,0.11387360030366293,0.5925127928898465,0.0983767830791933,1.1455350169226763,0.5770931594183363
2024-10-21T12:30:34.613890939Z,AAPL,0.0,0.0,0.0,0.8360330233044205,0.0,0.0,0.0,0.0,0.0,0.0,0.08709768532091612
2024-10-21T12:30:34.668094071Z,AAPL,0.0,0.0,0.0,-0.8457553652605984,0.0,0.0,0.0,0.0,0.0,0.0,-0.08811055617251785
2024-10-21T12:30:34.668106643Z,AAPL,0.0,0.0,0.9325096165054202,2.092396933913404,0.0,0.0,0.0,0.0,0.0,0.0,0.3037450295984925
2024-10-21T12:30:35.853859462Z,AAPL,0.0,0.3415369161225515,0.5016302984700276,1.5191796429927837,0.006615944426066821,1.5980823012385137,3.867723844517501,0.47565118912797283,0.8281301347354584,0.7009345794392524,1.0781160312875837
2024-10-21T12:30:36.897088633Z,AAPL,0.0,0.0,1.0319917440660473,0.0,0.0,0.0,0.0,0.0,0.0,0.0,0.09490873473878503
2024-10-21T12:30:37.857289497Z,AAPL,-0.008965738072366315,0.0,0.0,0.0,0.0,0.0,0.0,0.0,0.0,0.0,-0.00037608460059876945
2024-10-21T12:30:37.932904919Z,AAPL,0.5125576627370579,0.0,0.0,0.0,0.0,0.0,0.0,0.0,0.0,0.0,0.021500186857837684
2024-10-21T12:30:37.932917819Z,AAPL,0.0,-7.804878048780488,-0.09145931405514458,-0.34402683409305923,-3.101977510663048,-0.014357501794687724,-0.6807351940095303,-2.457002457002457,-1.4690451206715636,-0.73512252042007,-1.5622326013495131
2024-10-21T12:30:40.401633392Z,AAPL,0.0,0.0,1.1185682326621924,0.0,0.0,0.0,0.0,0.0,0.0,0.0,0.1028708769148576
2024-10-21T12:30:40.472627145Z,AAPL,0.0,-5.02828409805154,0.0,0.0,0.0,0.0,0.0,0.0,0.0,0.0,-0.44740647642296
2024-10-21T12:30:40.523757097Z,AAPL,0.0,4.509582863585118,0.0,0.0,0.0,0.0,0.0,0.0,0.0,0.0,0.40125349717527015
2024-10-21T12:30:40.523770024Z,AAPL,-0.27170221437304715,-0.15873015873015872,0.0,0.0,0.0,0.0,0.0,0.0,0.0,0.0,-0.02552054217711737
2024-10-21T12:30:40.959299618Z,AAPL,0.009638222436404944,0.38331454340473503,0.598712767549768,1.4257708073427195,0.006384676775738229,1.5540015540015542,4.365858982754856,0.44562334217506633,0.8734835355285961,0.6962576153176676,1.1250129009430143
2024-10-21T12:30:40.959311816Z,AAPL,0.0,-4.032258064516129,0.0,0.0,0.0,0.0,0.0,0.0,0.0,0.0,-0.35878210886538775
2024-10-21T12:30:40.959659070Z,AAPL,0.0,-3.644646924829157,0.0,0.0,0.0,0.0,0.0,0.0,0.0,0.0,-0.3242932592204689
2024-10-21T12:30:41.011299851Z,AAPL,0.0,3.3264033264033266,0.0,0.0,0.0,0.0,0.0,0.0,0.0,0.0,0.2959765920951889
2024-10-21T12:30:41.011312427Z,AAPL,0.0,-6.652806652806653,-0.10415071220707613,-0.30314513073133764,-3.084040092521203,-0.01514004542013626,-0.70298769771529,-2.262443438914027,-1.9408502772643252,-0.7377049180327868,-1.4813511678258426
2024-10-21T12:30:42.852800519Z,AAPL,0.0,0.0,1.2853470437017995,0.0,0.0,0.0,0.0,0.0,0.0,0.0,0.11820895110781839
2024-10-21T12:30:42.911106065Z,AAPL,0.0,0.0,-3.2455012853470437,-0.030097817908201655,-0.7846214201647704,-0.22002200220022003,-0.7864164432529044,-0.0447427293064877,-2.131782945736434,-1.1675423234092235,-0.859632427734032
2024-10-21T12:30:42.911118704Z,AAPL,0.0,0.0,1.3515796587261362,1.4858403824935638,0.07846214201647705,1.466813348001467,0.10723860589812333,0.49217002237136465,0.19379844961240308,1.2842965557501458,0.7738081964235727
2024-10-21T12:30:43.077759194Z,AAPL,-0.15152663080536402,-0.078125,-2.6680006670001664,-0.049937578027465665,-0.8336807002917882,-5.1183621241202815,-0.00727802037845706,-0.468384074941452,-8.13338755591704,-1.2110726643598615,-2.032415980033739
2024-10-21T12:30:43.077845659Z,AAPL,-0.003076923076923077,-1.0878433505575198,-0.0492784230904611,-1.1250175783996625,-0.15402038505096263,-1.2403100775193798,-2.7605244996549345,-0.004974505658500186,-1.6299918500407498,-5.121638924455826,-1.6417318872819526
2024-10-21T12:30:43.077853974Z,AAPL,0.0,0.0,-0.1897399859451862,-0.019817396843371787,-3.62400906002265,-0.20981178648565257,-0.6901311249137336,-2.0148595894723584,-0.01702127659574468,-1.0147133434804667,-0.787123517243052
2024-10-21T12:30:43.077880864Z,AAPL,0.0,0.0,-3.409858203916273,-0.03020919870100446,-0.8156606851549756,-0.195248942401562,-0.801311236568931,-0.049164208456243856,-1.8425460636515911,-1.0070493454179255,-0.8243163561205865
2024-10-21T12:30:43.078169970Z,AAPL,0.0,0.279575459487445,0.04563233376792699,1.2552957790679429,0.13572854291417166,1.3386880856760375,2.916514764855997,0.005042864346949067,1.5841584158415842,4.543389368468878,1.5149330350487693
2024-10-21T12:30:43.081947674Z,AAPL,0.0,0.07267064624967558,2.3735350838154576,0.057296932928884395,0.7693787266782074,4.995316890415236,0.007870916961826053,0.5110514884374601,6.531678641410843,0.9465855307640297,1.794373196068165
2024-10-21T12:30:43.081952786Z,AAPL,0.01147493955165772,3.777148253068933,0.09765905500502657,0.3612390499412987,2.8129395218002817,0.01324942033786022,0.8373456144023446,2.462447672986949,1.3108614232209739,0.5688487584650113,1.1572135445663478
2024-10-21T12:30:43.145229452Z,AAPL,0.0,0.0,2.2337009632835407,1.8242572022035584,0.07032348804500704,1.324942033786022,0.1256018421603517,0.5417384880571288,0.12484394506866418,0.9932279909706546,0.8236095779669792
2024-10-21T12:30:51.064507066Z,AAPL,-0.3252825892494104,-0.06599104407259014,0.0,0.0,0.0,0.0,0.0,0.0,0.0,0.0,-0.019516333392585433
2024-10-21T12:30:51.126612912Z,AAPL,0.0,0.17616580310880828,0.5231493591420351,1.4068407632111142,0.007562866326337682,1.2828736369467606,3.8632412594166503,0.543548595832794,0.7969639468690702,0.5421278518183872,0.9871717249766891
2024-10-21T12:30:53.132658845Z,AAPL,-0.011296243998870376,-2.0725388601036268,-0.08666836604639307,-0.35171019080277854,-3.025146530535073,-0.012828736369467606,-0.7726482518833301,-2.588326646822829,-1.3282732447817838,-0.5692342444093066,-1.0291218338037986
2024-10-21T12:30:53.158946223Z,AAPL,0.0,0.17571059431524547,0.49206544470414565,1.3706844855649791,0.0081799591002045,1.2433944668946224,3.5861574323112784,0.5728314238952537,0.8076923076923077,0.5424954792043399,0.9513281376736343
2024-10-21T12:30:53.158960124Z,AAPL,0.0,-3.7620503174229953,-0.0824642250788261,-0.35171019080277854,-3.025146530535073,-0.012828736369467606,-0.7726482518833301,-2.588326646822829,-1.3282732447817838,-0.5692342444093066,-1.1785906393226475
2024-10-21T12:30:54.724993656Z,AAPL,0.0,0.0,1.913189046992706,0.0,0.0,0.0,0.0,0.0,0.0,0.0,0.1759494228614281
2024-10-21T12:30:57.249970057Z,AAPL,0.0,-1.8961839298411947,0.0,0.0,0.0,0.0,0.0,0.0,0.0,0.0,-0.1687185835479804
2024-10-21T12:30:59.735648884Z,AAPL,0.0,-1.9038553069966684,0.0,0.0,0.0,0.0,0.0,0.0,0.0,0.0,-0.16940116706066857
2024-10-21T12:31:00.041878233Z,AAPL,-0.3227498285391536,-0.07351010763980048,0.0,0.0,0.0,0.0,0.0,0.0,0.0,0.0,-0.020079122981977796
2024-10-21T12:31:00.098753103Z,AAPL,0.0,0.19848219497956798,0.44052863436123346,1.4851944676506081,0.006571381632988336,1.36986301369863,4.569339730408956,0.493131384290243,0.7763401109057301,0.5413940897811865,1.0651849476487687
2024-10-21T12:31:00.156687698Z,AAPL,0.027210884353741496,1.2795905310300704,1.7097670442402224,0.003581341212284,0.70212392487274,5.707762557077626,0.979706088173548,0.3080684596577017,0.7739438890680425,0.009130335539831088,1.3414000383180618
2024-10-21T12:31:00.156700602Z,AAPL,-0.3176746217686534,-0.24790375501275974,-0.41489472046468207,-1.3950649577120933,-0.007550018875047188,-1.1101859561476548,-4.267121826328141,-0.5394990366088632,-0.8237986270022883,-0.5481955230698949,-1.0142494381903218
2024-10-21T12:31:00.172626181Z,AAPL,0.027091633466135457,1.4104372355430181,1.625851031399248,0.0034925347070636514,0.7550018875047189,5.401026194977045,0.8766437069505322,0.32524522457408367,0.9163802978235969,0.009358914365933552,1.3105985336807704
2024-10-21T12:31:00.172638682Z,AAPL,-0.6275001960938112,-0.24700326916091536,-0.39471087428458657,-1.3970138828254606,-0.0075728890571753115,-1.080205238995409,-4.089143324473523,-0.5348955680081507,-0.9759876065065841,-0.6259780907668232,-1.0291848354942295
2024-10-21T12:31:00.400232797Z,AAPL,-0.31133250311332505,0.0,0.0,0.0,0.0,0.0,0.0,0.0,0.0,0.0,-0.013059422341108755
2024-10-21T12:31:00.880934995Z,AAPL,0.026447823888607988,1.4981273408239701,1.4988290398126465,0.0032428050263477908,0.8902737591809481,4.593477262287552,0.8075370121130552,0.3442622950819672,0.9220130618517095,0.010796221322537112,1.19935162313207
2024-10-21T12:31:00.880948262Z,AAPL,-0.6128155042322571,-0.2556390977443609,-0.37512895057676077,-1.2470771628994544,-0.009117848187827673,-0.9011038522189683,-3.8417210910487896,-0.5582137161084529,-1.0218978102189782,-0.732824427480916,-0.9854215396848114
2024-10-21T12:31:01.118555295Z,AAPL,-0.3041015699243548,0.0,0.0,0.0,0.0,0.0,0.0,0.0,0.0,0.0,-0.012756107365991204
2024-10-21T12:31:01.146597464Z,AAPL,-0.3018867924528302,0.0,0.0,0.0,0.0,0.0,0.0,0.0,0.0,0.0,-0.012663204395363416
2024-10-21T12:31:01.698782682Z,AAPL,0.01568442928282947,15.468901063486948,0.004032258064516129,1.0885834807456798,5.30880420499343,0.09055920307901291,0.625,0.08766803039158387,2.3848238482384825,0.1272264631043257,2.2642310806975625
2024-10-21T12:31:02.104600327Z,AAPL,-0.011608623548922056,-1.7797552836484982,-0.07142106921541855,-0.2741040224765299,-3.7209302325581395,-0.009244280101687081,-0.6168080185042406,-2.9634019854793303,-2.159383033419023,-0.8278580814717478,-1.1896117284773513
2024-10-21T12:31:02.286559844Z,AAPL,0.0,0.1194239550403934,0.43850032887524665,1.1043622308117063,0.008342022940563087,0.9440641963653529,3.0441400304414,0.6311992786293958,1.2322738386308068,0.8152173913043479,0.9045399437880478
2024-10-21T12:31:02.286572345Z,AAPL,0.0,-1.160597707819527,-0.07795483205319272,-0.2781060974761872,-3.0245746691871456,-0.009645526886906198,-0.6010518407212622,-3.049245311785333,-1.9580419580419581,-0.8860759493670887,-1.0733109539559618
2024-10-21T12:31:02.297066314Z,AAPL,0.0,0.08403361344537814,0.4805382027871216,1.120605126768455,0.006914433880726016,0.9859502095144196,2.9673590504451037,0.6497524752475248,1.1224944320712695,0.8746355685131196,0.9065059690898267
2024-10-21T12:31:02.297079450Z,AAPL,0.0,-1.7220966526746313,-0.08580441640378549,-0.2822267692090595,-2.5477707006369426,-0.01008318628686665,-0.5860805860805861,-3.1402103940964046,-1.791044776119403,-0.9531013615733738,-1.0865767716053698
2024-10-21T12:31:02.320854035Z,AAPL,0.0,0.0,0.0,0.5768676088837612,0.0,0.0,0.0,0.0,0.0,0.0,0.06009790530976683
2024-10-21T12:31:03.261814629Z,AAPL,0.0,0.0,0.0,0.5812686187604447,0.0,0.0,0.0,0.0,0.0,0.0,0.06055640128139551
2024-10-21T12:31:03.312554281Z,AAPL,0.0,0.0,1.1549011115923198,0.0030168187646127157,0.0,0.0,0.0,0.0,0.0,0.0,0.10652657827963678
2024-10-21T12:31:05.971386477Z,AAPL,0.0,-1.075268817204301,0.0,0.0,0.0,0.0,0.0,0.0,0.0,0.0,-0.09567522903077005
2024-10-21T12:31:10.467431005Z,AAPL,-0.17082071589409115,-0.017424855311469287,-2.3436355646696936,-0.057296932928884395,-0.451773209848656,-4.191773644223212,-0.005925048141016145,-0.6792324673119375,-6.0938452163315056,-1.9186843307446322,-1.7835810398060818
2024-10-21T12:31:10.467497398Z,AAPL,0.0,0.0,0.0,0.0,0.0,0.0,0.0,0.0,0.0,0.0,0.0
2024-10-21T12:31:10.467497398Z,AAPL,-4.144361940942842,-0.46072333563695,-0.006127450980392158,-1.8368645994362098,-0.04233700254022015,-1.0185892538833716,-0.09626183218353923,-0.7552351527634741,-0.09391876027236441,-1.9660411081322609,-0.9584442589469842
2024-10-21T12:31:10.467519660Z,AAPL,-0.3429061294470639,-0.1255851124557598,-0.048814504881450484,-1.4040014040014042,-0.07261078483715963,-1.1341083073433513,-2.450980392156863,-0.006939625260235948,-0.930448941614329,-7.307270734380709,-1.8306330847100845
2024-10-21T12:31:10.467521772Z,AAPL,-0.024840312278211495,-0.2247191011235955,-0.4157218442932728,-0.025447605198582204,-1.6386726751331422,-0.19744483159117307,-0.6527415143603134,-2.6406997854431427,-0.009440641963653528,-1.4404033129276197,-0.781610130776458
2024-10-21T12:31:10.467536010Z,AAPL,0.0,-0.16961286414450133,0.0,0.0,0.0,0.0,0.0,0.0,0.0,0.0,-0.015091807149938748
2024-10-21T12:31:10.467551632Z,AAPL,0.0,0.218161985274066,0.0,0.0,0.0,0.0,0.0,0.0,0.0,0.0,0.019411609053420487
2024-10-21T12:31:10.467575929Z,AAPL,0.0,-0.0021745039412883935,-4.851104707012488,-0.04111842105263158,-0.36523009495982467,-0.22140221402214022,-0.812107788851975,-0.05808887598024978,-1.059220028887819,-1.357773251866938,-0.9103764849380791
2024-10-21T12:31:10.471173647Z,AAPL,0.0,0.0,0.0,1.7329145456514676,0.06149394103816242,1.5238095238095237,2.9558470349159434,0.005986231667165519,0.9321836401771149,5.924170616113743,1.7199371953962301
2024-10-21T12:31:10.471527171Z,AAPL,0.0,0.0,3.4564700799308707,0.08138839018551765,0.35565039566106516,5.633802816901408,0.00798562587342783,0.6081800212863007,4.142502071251036,1.231310466138962,1.7847948566379048
2024-10-21T12:31:10.525425470Z,AAPL,0.0,0.45519203413940257,0.008115236356258876,2.500928562585118,0.0368629619389918,1.238390092879257,0.13559322033898305,0.6599670016499175,0.07744433688286544,1.2373453318335208,0.7617367187394858
2024-10-21T12:31:10.538626301Z,AAPL,0.0,-0.0024610841075493758,-3.4731774415405776,-0.052603892688058915,-0.39424403705893946,-0.1651073197578426,-1.014760147601476,-0.06387735547748323,-0.7913669064748201,-1.0845986984815619,-0.7325967803619302
2024-10-21T12:31:10.538638966Z,AAPL,0.0,0.0,2.4558710667689945,2.757302757302757,0.041025641025641026,0.9940357852882704,0.15991471215351813,0.6926952141057934,0.06783110055960657,1.147925906600574,0.9292694174628492
2024-10-21T12:31:10.567605274Z,AAPL,0.20633750921149593,1.1335458731845554,0.09835117153601389,0.5382855604898399,1.728795245813074,0.009722897423432183,1.09080992637033,3.1022180859314408,0.724512678971882,0.6407322654462242,0.9012711650646124
2024-10-21T12:31:10.567631078Z,AAPL,0.9691096305269533,0.05264787860018582,0.5469711472719815,2.1231422505307855,0.0045662100456621,0.9514747859181732,5.583472920156337,0.6420055029043106,0.44233807266982617,0.5950905033473841,1.203141681935175
2024-10-21T12:31:12.174575957Z,AAPL,0.0,0.0,2.0525978191148173,0.0,0.0,0.0,0.0,0.0,0.0,0.0,0.18877036861964377
2024-10-21T12:31:12.184589806Z,AAPL,0.0,1.5760441292356184,-2.409926031973276,-0.04968326915911067,-0.5664117813650523,-0.133422281521014,-1.0215927559786395,-0.06846970215679561,-0.7981135497914023,-0.9485416172634574,-0.4844644874850551
2024-10-21T12:31:12.475429772Z,AAPL,-0.01341895907217483,-1.710681064898963,-0.07652487058293946,-0.5221250489492233,-2.4034850533273246,-0.00888494002665482,-0.9265693768820941,-3.42641768031523,-0.7618356611645203,-0.5850940329695844,-1.008348970733909
2024-10-21T12:31:12.508130141Z,AAPL,0.0,-1.9622271277900418,0.0,0.0,0.0,0.0,0.0,0.0,0.0,0.0,-0.1745949727713832
2024-10-21T12:31:12.508143118Z,AAPL,0.0,0.0,1.703758918113087,2.47125030584781,0.06948063227375369,0.8701326952360235,0.14144271570014144,0.7423654462628648,0.07389617587289858,0.9784300644874361,0.7918026270177754
2024-10-21T12:31:12.564024144Z,AAPL,0.0,0.0,0.8880994671403197,0.0,0.0,0.0,0.0,0.0,0.0,0.0,0.08167545644927415
2024-10-21T12:31:13.593602346Z,AAPL,0.0,1.4432617716038247,-2.2620380739081747,-0.04518242403704959,-0.7330034817665383,-0.15408320493066258,-1.0080183276059564,-0.05867683731846853,-0.9728056599602034,-0.8689984792526613,-0.5002268079690532
2024-10-21T12:31:15.015468720Z,AAPL,0.0,-1.3944570332926616,0.0,0.0,0.0,0.0,0.0,0.0,0.0,0.0,-0.12407594631147449
2024-10-21T12:31:15.015480988Z,AAPL,0.0,0.0,0.8639308855291576,2.481267657535929,0.06420545746388442,1.2080942313500451,0.14087814040854663,0.5777310924369747,0.09449562957713206,1.0695187165775402,0.7633638074697209
2024-10-21T12:31:16.945691674Z,AAPL,-0.015752993068683052,-0.050080486496154535,-1.6319869441044472,-0.08342534658324131,-0.6745362563237775,-4.331348132106118,-0.009615384615384616,-0.5467468562055768,-4.22654268808115,-1.0196649672250546,-1.4329422635549893
2024-10-21T12:31:18.603058995Z,AAPL,0.0,0.0,0.0682388359257401,0.485201358563804,2.69814502529511,0.01087547580206634,0.9615384615384616,2.696871628910464,0.8684863523573201,0.61734443900049,0.8236993128975959
2024-10-21T12:31:18.603071495Z,AAPL,0.0,0.0,-1.5225045199352933,-0.08238429852192876,-0.7104795737122558,-3.939916276779118,-0.009849790691947795,-0.5621135469364812,-3.7488284910965324,-1.0276486420357231,-1.3249539927487297
2024-10-21T12:31:18.660460803Z,AAPL,0.0,0.0,0.7583657218693715,0.0,0.0,0.0,0.0,0.0,0.0,0.0,0.0697442896667989
2024-10-21T12:31:18.669906311Z,AAPL,0.0,0.0,-1.854231687167248,-0.04775549188156638,-0.751455945895172,-0.12424932698281219,-1.2687427912341407,-0.05702066999287242,-0.7173133355070102,-1.0790396547073104,-0.6248032715580497
2024-10-21T12:31:18.669917997Z,AAPL,0.0,0.0,1.4829919362313466,2.2770826287904407,0.0764379896808714,0.814000814000814,0.17788319003854136,0.6184118060435699,0.06629101756711966,1.1837503362927093,0.7673461226377176
2024-10-21T12:31:19.089550857Z,AAPL,-0.015735641227380016,0.0,0.0,0.0,0.0,0.0,0.0,0.0,0.0,0.0,-0.0006600608113240176
2024-10-21T12:31:20.603309467Z,AAPL,0.0,3.335417969564311,0.06355140186915888,0.42332521959995767,2.939555392246923,0.008695652173913044,1.184483269173823,2.6263952724885096,0.7582596136486731,0.683853459972863,1.1498898843784668
2024-10-21T12:31:22.606580635Z,AAPL,0.0,0.0,-0.027166003686814783,-0.07196528733199281,-0.7348888480617307,-3.4782608695652173,-0.011844832691738229,-0.525279054497702,-3.6107600649936815,-1.1397557666214382,-1.1248787325189613
2024-10-21T12:31:27.506013569Z,AAPL,0.0,-1.6260162601626016,0.0,0.0,0.0,0.0,0.0,0.0,0.0,0.0,-0.1446796146318962
2024-10-21T12:31:31.003647553Z,AAPL,-0.008001920460910618,-0.16250253910217347,-0.7694527267481004,-0.03120472528697203,-0.13180849001744524,-0.8001600320064013,-5.0346129641283826,-0.005625087891998312,-0.6699045386032491,-4.799616030717543,-1.5357522789169489
2024-10-21T12:31:31.007751363Z,AAPL,0.032501828227837815,1.5667841754798275,0.02717391304347826,0.07916181606519208,0.7607455306200077,3.0194376297414607,0.014930944382232178,0.5629045876723895,3.1210986267166043,0.9971509971509972,1.1407563241164183
2024-10-21T12:31:33.219286515Z,AAPL,0.0,0.059625212947189095,0.06722024515618821,0.4553215708594195,2.8740793964433267,0.007568590350047304,1.8315018315018314,2.6312327325351927,0.6614173228346457,0.5964497041420118,0.898414978015282
2024-10-21T12:31:33.219299014Z,AAPL,0.0,-1.953125,-0.027997200279972004,-0.07393715341959334,-0.7726482518833301,-2.773444271104178,-0.020100502512562814,-0.5478701547733187,-3.0097817908201656,-0.9819967266775778,-1.126026574764606
2024-10-21T12:31:33.219384692Z,AAPL,0.0,0.07561436672967864,0.068714632174616,0.41271151465125877,3.145272262630234,0.006832934745473181,2.1108179419525066,2.7023375219564922,0.6417112299465241,0.5878236529041287,0.9501819342132969
2024-10-21T12:31:33.219396602Z,AAPL,0.0,-4.320820955981636,-0.028322880841594174,-0.07076698928088251,-0.8355964069354502,-2.5587717895410207,-0.022271714922048998,-0.571346950435652,-2.881844380403458,-0.9702009702009703,-1.3004355380762653
2024-10-21T12:31:33.283679402Z,AAPL,0.0,-2.2837567799029403,0.0,0.0,0.0,0.0,0.0,0.0,0.0,0.0,-0.2032040262600426
2024-10-21T12:31:36.129038634Z,AAPL,0.0,0.0,0.0681977735432755,0.3991617603033629,3.6388446668182852,0.005937360843105239,2.4968789013732837,2.9846291598268913,0.580511402902557,0.5752111390093586,1.0424637695480523
2024-10-21T12:31:38.015553779Z,AAPL,0.0,0.0,-0.8276432857438444,0.0,0.0,0.0,0.0,0.0,0.0,0.0,-0.07611550917598403
2024-10-21T12:31:38.131960021Z,AAPL,0.0,0.0,-0.02899751449875725,-0.06517780120770632,-0.9982530571499876,-2.2157595900844758,-0.028409090909090908,-0.6249023590064052,-2.6560424966799467,-0.9474396571170765,-0.8625969239314306
2024-10-21T12:31:39.147851742Z,AAPL,0.0,0.0,0.84539786537039,0.0,0.0,0.0,0.0,0.0,0.0,0.0,0.07774833685882507
2024-10-21T12:31:39.834158320Z,AAPL,0.0,0.0,-0.8462921823759654,0.0,0.0,0.0,0.0,0.0,0.0,0.0,-0.07783058412092052
2024-10-21T12:31:39.834169303Z,AAPL,0.0,0.0,-2.1569674319273893,-0.04058853373921867,-1.0534632604687912,-0.07962840079628401,-3.1339031339031336,-0.06778512116590409,-0.5482866043613707,-0.8958566629339306,-0.8133388092779597
2024-10-21T12:31:39.834181341Z,AAPL,0.0,0.0,0.8916629514043691,2.0497209538305428,0.10534632604687912,0.53085600530856,0.42735042735042733,0.7456363328249449,0.04984423676012461,0.9854423292273237,0.655755209732181
2024-10-21T12:31:40.907996076Z,AAPL,0.0,0.0,0.9440641963653529,0.0,0.0,0.0,0.0,0.0,0.0,0.0,0.08682234029915761
2024-10-21T12:31:40.962639115Z,AAPL,0.0,0.0,-1.0150996066489024,0.0,0.0,0.0,0.0,0.0,0.0,0.0,-0.09335522290255825
2024-10-21T12:31:40.962651822Z,AAPL,0.0,0.0,2.1367521367521367,0.0,0.0,0.0,0.0,0.0,0.0,0.0,0.1965097520553049
2024-10-21T12:31:41.070734248Z,AAPL,0.0,0.0,1.099203077768618,0.0,0.0,0.0,0.0,0.0,0.0,0.0,0.10108993015870592
2024-10-21T12:31:45.869832455Z,AAPL,0.02586206896551724,9.890789202555121,0.005814798662596308,0.8030515960650472,5.176832393644285,0.05044772354647497,3.088803088803089,0.10897203051216854,0.5225653206650831,0.09055920307901291,1.7949157899958157
2024-10-21T12:31:45.873939488Z,AAPL,-2.0689655172413794,-0.008242324335462601,-1.1977840994160802,-2.027705280064244,-0.10251153254741159,-0.5044772354647497,-0.46332046332046334,-0.7991282237559026,-0.047505938242280284,-0.996151233869142,-0.7754110644106291
2024-10-21T12:31:45.941769646Z,AAPL,0.0,0.0,-3.0647853133060234,-0.04220744961485702,-0.9815950920245399,-0.07367387033398821,-4.439959636730576,-0.07266121707538602,-0.49327354260089684,-0.9970089730807578,-1.0311841863777935
2024-10-21T12:31:45.941781796Z,AAPL,0.0,0.0,2.4275527234107117,2.1314762055502796,0.09815950920245399,0.4911591355599214,0.6054490413723512,0.7992733878292462,0.04484304932735426,1.0967098703888336,0.8393713871615116
2024-10-21T12:31:48.996666200Z,AAPL,0.3416613282084134,0.0,-3.0212384086150164,-0.044948870659624676,-1.034928848641656,-0.07093875620714117,-4.4579533941236065,-0.07992007992007992,-0.46733935209771643,-0.9891196834817013,-1.0162241875180134
2024-10-21T12:31:49.143737320Z,AAPL,0.0,0.0,0.09998529627995882,0.4713090609166961,3.7602820211515864,0.0050163029847002764,3.3869602032176123,3.770028275212064,0.4605263157894737,0.6312625250501002,1.2260502064014795
2024-10-21T12:31:51.146504844Z,AAPL,0.0,0.0,-0.04060324825986079,-0.08597799974712353,-0.9888751545117429,-1.9305019305019306,-0.033984706881903144,-0.8324661810613944,-2.080083203328133,-1.043737574552684,-0.8087285598325891
2024-10-21T12:31:52.622166042Z,AAPL,0.0,-1.532860701283771,0.0,0.0,0.0,0.0,0.0,0.0,0.0,0.0,-0.13639082276086018
2024-10-21T12:31:55.540346724Z,AAPL,0.011559739080175048,0.0,0.0,0.0,0.0,0.0,0.0,0.0,0.0,0.0,0.0004848948095408955
2024-10-21T12:32:04.030002963Z,AAPL,0.0,0.0,0.09430037442795729,0.6226650062266501,3.707995365005794,0.0049794597286194455,2.735978112175103,4.439511653718091,0.4236006051437216,0.6309464196294442,1.2339783702510299
2024-10-21T12:32:05.348083000Z,AAPL,-0.3273858241938124,0.0,0.0,0.0,0.0,0.0,0.0,0.0,0.0,0.0,-0.013732808826204394
2024-10-21T12:32:05.348095069Z,AAPL,0.0,0.0,2.0709293295366296,3.359946773120426,0.08501594048884166,0.5298715061597563,0.36231884057971014,0.9157127991675338,0.04158004158004158,1.1161846778285134,0.9289223952639658
2024-10-21T12:32:05.979188085Z,AAPL,0.06871966670961645,7.514396887159533,0.005451819544773068,2.671118530884808,3.672727272727273,0.056657223796033995,2.1739130434782608,0.11741682974559686,0.4718498659517426,0.10526315789473684,1.5595609790792
2024-10-21T12:32:06.032805816Z,AAPL,0.0,0.0,0.0,0.0,0.0,0.0,0.0,-0.05688744412840309,-2.1220159151193636,-1.135135135135135,-0.3766243770456665
2024-10-21T12:32:07.542071110Z,AAPL,0.0,0.0785763808643402,0.5937360843105239,2.3735350838154576,0.006059687926071807,0.6383657835939993,0.13861386138613863,3.7544584193730053,0.46511627906976744,0.7062780269058295,0.9330656977212685
2024-10-21T12:32:07.542083244Z,AAPL,0.0,-0.8113590263691683,-0.10384850335980453,-0.5953266855186784,-2.1633315305570577,-0.006924009001211701,-1.8148820326678765,-0.05448530842576377,-2.190580503833516,-1.2110726643598615,-0.9049593776275066
2024-10-21T12:32:07.598649034Z,AAPL,0.0,0.0,0.0,2.3891294609526654,0.0,0.0,0.0,0.0,0.0,0.0,0.24889883554900594
2024-10-21T12:32:07.665482103Z,AAPL,0.0,-0.651890482398957,0.0,0.0,0.0,0.0,0.0,0.0,0.0,0.0,-0.05800388722204443
2024-10-21T12:32:08.403235695Z,AAPL,0.0,0.0,1.3838436256702993,-2.9890500147972774,-0.04307559767391773,-0.9090909090909091,-0.22463496817671283,-0.9421841541755889,-0.04287245444801715,-1.346389228886169,-0.6483507105674586
2024-10-21T12:32:11.088924820Z,AAPL,0.026397413053520755,0.0,0.0,0.0,0.0,0.0,0.0,0.0,0.0,0.0,0.001107288710080943
2024-10-21T12:32:11.127329051Z,AAPL,0.0,0.0,1.3331111481419762,0.005947955390334572,2.043293546429294,0.1110494169905608,1.3942140118508193,0.13380909901873328,0.4715969989281886,0.12239902080783353,0.5274316156156544
2024-10-21T12:32:11.560345813Z,AAPL,0.0,0.0,1.2880373530832394,0.0,0.0,0.0,0.0,0.0,0.0,0.0,0.11845636961762383
2024-10-21T12:32:11.562209891Z,AAPL,0.0,0.04018912529550828,0.6452653653815131,2.395926924228811,0.0036406662419222716,1.4245014245014245,0.09183338799606429,4.25441395447777,0.46485888212506915,0.8300395256916996,1.1117395091197884
2024-10-21T12:32:11.562224326Z,AAPL,0.0,-0.8730765033286042,-0.10951844097278145,-0.639284001917852,-1.3580037345102698,-0.017248814144027597,-1.2372409526755335,-0.06204298692665632,-2.1893814997263275,-1.430517711171662,-0.8260874047384625
2024-10-21T12:32:11.610968597Z,AAPL,0.0,0.0,-1.3527223537368955,0.0,0.0,0.0,0.0,0.0,0.0,0.0,-0.12440522686761271
2024-10-21T12:32:11.610981426Z,AAPL,0.0,0.3973970493269088,7.297460701330109,0.0,0.0,0.0,0.0,0.0,0.0,0.0,0.7064819662989698
2024-10-21T12:32:11.648070870Z,AAPL,0.0,-0.39350713231677326,0.0,0.0,0.0,0.0,0.0,0.0,0.0,0.0,-0.035013463058973404
2024-10-21T12:32:14.797225568Z,AAPL,1.256281407035176,0.033421802811363414,0.4924289055767574,2.363367799113737,0.002877076889879882,3.3305578684429644,0.08242566970856638,4.701457451810062,0.45977011494252873,0.9782608695652173,1.4825361956767749
2024-10-21T12:32:14.798092831Z,AAPL,-0.08014425966740132,-0.38938914577756145,-0.07696661007357103,-0.5844535359438925,-1.095290251916758,-0.050188205771643665,-1.1474469305794606,-0.06721075372059529,-2.1893814997263275,-1.6894609814963797,-0.79253429643826
2024-10-21T12:32:18.141468975Z,AAPL,0.0,0.0,0.0,0.0,0.0,0.0,0.0,0.0,0.0,0.0,0.0
2024-10-21T12:32:18.141468975Z,AAPL,-3.0804774740084713,-2.1995444191343965,-0.00442820768294033,-2.7557980900409276,-0.026804261877638545,-4.561003420752566,-0.1774622892635315,-1.339421613394216,-0.04071246819338423,-1.7670682730923695,-1.6942129972466222
2024-10-21T12:32:18.141491360Z,AAPL,-2.395209580838323,-0.01741705129321606,-0.9073380968583418,-0.09383193045398096,-0.27354168091362924,-12.539184952978056,-0.01218769043266301,-1.3864818024263432,-0.0287858538089853,-6.832934745473181,-3.22165108643501
2024-10-21T12:32:18.141532732Z,AAPL,0.21978021978021978,0.3483410258643212,0.07712373823295905,0.544069640914037,1.1325028312570782,0.029282576866764276,1.2511729746637472,0.11258544431041416,1.9956096587507484,1.3685239491691106,0.7371179298837346
2024-10-21T12:32:18.141539068Z,AAPL,-16.21766879408801,-0.001838235294117647,-2.1671494474841753,-0.05745475438092502,-0.29148145449245794,-0.437636761487965,-1.3719987527284068,-0.16116035455278002,-0.43903412492516464,-1.2662234884457109,-1.3651242795790108
2024-10-21T12:32:18.152822419Z,AAPL,-0.019389238972370333,-0.019467562174526696,-0.8060453400503779,-0.10987235417676523,-0.2981292390251174,-9.546539379474941,-0.012457178449081282,-1.9258545979778527,-0.028214429665457477,-5.425935973955507,-2.52102356168273
2024-10-21T12:32:18.152831190Z,AAPL,-0.7444630560208451,-0.0041790732904978325,-0.038380349261178275,-1.3561620613663334,-0.05384432655000396,-2.247191011235955,-4.544163589889235,-0.01936108422071636,-0.41999160016799664,-0.07612833061446438,-1.0027977084882806
2024-10-21T12:32:18.153255214Z,AAPL,0.012266176019625881,0.022539020679551474,0.7201368259969394,0.12532252119424991,0.33545790003354575,7.326007326007326,0.011655011655011656,1.8570102135561746,0.031004318458642453,4.804227720393946,2.097507515276691
2024-10-21T12:32:18.153370459Z,AAPL,0.05209011590050788,0.48364669608850736,0.05855506759665892,0.7942811755361397,1.389009462626964,0.01827318410232983,1.1621150493898897,0.13029315960912052,2.214594175617318,0.9875382083235363,0.7390547330787656
2024-10-21T12:32:18.161685578Z,AAPL,0.0,0.0,0.0,0.0,0.0,0.0,0.0,7.867820613690008,0.4807692307692308,0.5998571768626517,0.9041216000432108
2024-10-21T12:32:18.224017456Z,AAPL,0.0,0.0,1.3205678441729944,4.44835939220436,0.03445602549745887,1.9011406844106464,0.16963528413910095,1.4497528830313016,0.04795588058985733,1.0579466217840827,1.1878166236295373
2024-10-21T12:32:18.224122852Z,AAPL,0.0,-0.6096167034976758,0.0,0.0,0.0,0.0,0.0,0.0,0.0,0.0,-0.054242452487154556
2024-10-21T12:32:18.276169768Z,AAPL,0.0,0.6713098934295544,0.0,0.0,0.0,0.0,0.0,0.0,0.0,0.0,0.05973178685817984
2024-10-21T12:32:18.276183899Z,AAPL,0.0,-0.7343491830365338,0.0,0.0,0.0,0.0,0.0,0.0,0.0,0.0,-0.06534089443628871
2024-10-21T12:32:20.168408031Z,AAPL,0.0,0.0,0.0,0.0,0.0,0.0,0.0,-0.06362190411270166,-2.7968116347364003,-0.9385474860335196,-0.4068185530026928
2024-10-21T12:32:23.901384194Z,AAPL,0.0,-0.9659502535619415,0.0,0.0,0.0,0.0,0.0,0.0,0.0,0.0,-0.08594828591993833
2024-10-21T12:32:27.277441455Z,AAPL,0.08842291416661403,5.197545483905695,0.0035628395831477687,2.2346368715083798,2.118955208224064,0.1629327902240326,1.24804992199688,0.13345195729537365,0.62402496099844,0.08743169398907104,1.1109994387362643
2024-10-21T12:32:27.281535445Z,AAPL,-2.84,-0.004305705059203444,-1.5355086372360844,-2.6356993736951986,-0.04425757911042266,-1.5717092337917484,-0.19230769230769232,-0.9583968634284469,-0.05754567688102431,-0.9411764705882353,-1.0290962305973148
2024-10-21T12:32:27.945642504Z,AAPL,0.0,0.0,-0.857449088960343,0.0,0.0,0.0,0.0,0.0,0.0,0.0,-0.07885664648392943
2024-10-21T12:32:35.504980540Z,AAPL,0.23499418056864158,4.520176013481884,0.004923682914820286,0.9916945580761125,2.259002460299709,0.15772870662460567,1.278772378516624,0.14309563558311472,0.6072315760419542,0.08303923603902845,0.9405603755782876
2024-10-21T12:32:35.505060728Z,AAPL,0.0,0.0,0.0,0.0,0.0,0.0,0.0,0.0,0.0,0.0,0.0
2024-10-21T12:32:35.505060728Z,AAPL,0.8693289866883999,0.05809483126868859,0.571346950435652,1.936811524028568,0.004425757911042267,1.5717092337917484,0.08974358974358974,4.356349379220213,0.6042296072507553,0.5390374331550802,1.092218038679435
2024-10-21T12:32:35.505082570Z,AAPL,0.21499596882558453,0.39958533597210444,5.955347230788208,0.004914004914004914,0.876328184905247,7.622641509433962,0.12816404998397948,0.8030515960650472,0.08505812305075135,1.0382255781028786,2.013281030369058
2024-10-21T12:32:35.505087722Z,AAPL,0.010638297872340425,0.429138504452312,0.5111512959614225,5.281120105009844,0.004586629973626878,2.8080028080028083,5.741898806139852,0.07443245254931151,0.5926803970958661,0.14630577907827358,1.6885053219648711
2024-10-21T12:32:35.505097774Z,AAPL,0.0,0.4284031273428296,0.0,0.0,0.0,0.0,0.0,0.0,0.0,0.0,0.03811843761320174
2024-10-21T12:32:35.505110083Z,AAPL,0.0,0.0,0.5193414536206665,0.3813635545961504,5.230202578268877,0.014189428875487763,2.0429009193054135,2.9872818692694465,0.06307158625039419,1.130901894260673,1.216514805557554
2024-10-21T12:32:35.505118236Z,AAPL,0.4974505658500186,0.0,0.0,0.0,0.0,0.0,0.0,0.0,0.0,0.0,0.020866491510827666
2024-10-21T12:32:35.505132160Z,AAPL,0.0,-0.40555611882794285,0.0,0.0,0.0,0.0,0.0,0.0,0.0,0.0,-0.03608555733493508
2024-10-21T12:32:35.505139710Z,AAPL,0.0,-0.39689034369885434,-0.669932058777058,-3.6056758775205378,-0.003692762186115214,-2.8828828828828827,-5.036150585888805,-0.043744531933508315,-0.684931506849315,-0.19808517662594918,-1.4792867148531972
2024-10-21T12:32:35.509073618Z,AAPL,0.0,0.0,-6.786617936463312,-0.0029237628828302025,-0.7595177062565271,-6.004756242568371,-0.10476689366160293,-0.43318171973142733,-0.10443864229765012,-1.447844685751892,-1.833680648604913
2024-10-21T12:32:35.605165948Z,AAPL,-0.31976265040382396,-4.507094846900672,-0.005884083553986467,-0.584966364434045,-1.900461002916549,-0.11858879335902757,-1.0498687664041995,-0.0656526972316446,-0.7527801539777588,-0.13610071452875128,-0.855634526699806
2024-10-21T12:32:35.605194517Z,AAPL,-3.91755923401493,-0.0038725917320166516,-1.197425535099536,-1.4453348597595879,-0.039100684261974585,-1.1520737327188941,-0.16142050040355124,-0.4814531130320604,-0.06843455945252352,-1.4971078598162642,-0.8988480797361773
2024-10-21T12:32:37.670347240Z,AAPL,0.0,0.0,1.1827321111768185,0.0,0.0,0.0,0.0,0.0,0.0,0.0,0.10877180835231544
2024-10-21T12:32:38.041341719Z,AAPL,-0.6199628022318661,0.0,0.0,0.0,0.0,0.0,0.0,0.0,0.0,0.0,-0.026005495697235783
2024-10-21T12:32:38.100855625Z,AAPL,0.6109668550481135,0.0,0.0,0.0,0.0,0.0,0.0,0.0,0.0,0.0,0.02562814391913323
2024-10-21T12:32:38.100868142Z,AAPL,-1.1865915158706615,0.0,0.0,0.0,0.0,0.0,0.0,0.0,0.0,0.0,-0.04977379360384612
2024-10-21T12:32:48.253052117Z,AAPL,0.0,0.0,-1.0966415352981493,0.0,0.0,0.0,0.0,0.0,0.0,0.0,-0.1008543538992545
2024-10-21T12:32:48.253063227Z,AAPL,0.0,0.0,-2.69945209140719,-0.025997660210581048,-0.5382855604898399,-0.1473839351510685,-1.3884506153360683,-0.036016567621105715,-1.0316529894490034,-1.3981125480601186,-0.774029194145172
2024-10-21T12:32:48.253074967Z,AAPL,0.0,0.0,2.0602626834921454,1.2877725360193804,0.05688282138794084,0.9592326139088729,0.19505851755526657,0.3793430468143805,0.10335917312661498,1.560837176303654,0.7779167767327432
2024-10-21T12:32:48.306721177Z,AAPL,-0.9239475659756309,0.0,0.0,0.0,0.0,0.0,0.0,0.0,0.0,0.0,-0.03875670341019005
2024-10-21T12:32:55.953734385Z,AAPL,0.0,0.0,0.9378663540445487,0.0,0.0,0.0,0.0,0.0,0.0,0.0,0.08625234603693571
2024-10-21T12:33:01.303215240Z,AAPL,-0.01024905196269345,-5.261427162117724,-0.07864908628267407,-0.23667238624933437,-3.1080031080031083,-0.008812513769552765,-1.466275659824047,-0.022622606447442836,-6.299212598425197,-1.3649658758531038,-1.6994192961801653
2024-10-21T12:33:05.793522393Z,AAPL,-0.047407407407407405,0.0,0.0,0.0,0.0,0.0,0.0,0.0,0.0,0.0,-0.001988592097642255
2024-10-21T12:33:05.794507041Z,AAPL,0.0,0.0,0.0,0.0,0.0,0.0,0.0,1.6675004168751042,1.20863309352518,0.7840696950840075,0.39545871806055116
2024-10-21T12:33:06.321056918Z,AAPL,0.02702833148317969,9.66953735229321,0.005420788724759452,0.5406866720735334,3.029394121175765,0.11277135607555681,1.889466225791214,0.05000416701391782,1.2625538020086082,0.12464942349641633,1.5198767993754814
2024-10-21T12:33:06.321081410Z,AAPL,0.0706609745326071,0.10789980732177264,5.743516535807756,0.002779514974636926,1.3201320132013201,5.111336032388664,0.19801980198019803,0.34500603760565807,0.17191977077363896,1.3668841255048152,1.665437512722184
2024-10-21T12:33:06.321117671Z,AAPL,0.0,0.0,0.0,0.0,0.0,0.0,0.0,0.0,0.0,0.0,0.0
2024-10-21T12:33:06.325151716Z,AAPL,0.0,-7.02050312636324,-0.004322455154527772,-0.5805515239477503,-3.9230918624975724,-0.0937426763534099,-2.0876826722338206,-0.056080007477334326,-1.2239221140472878,-0.12742911755336095,-1.3782401544182348
2024-10-21T12:33:06.325187400Z,AAPL,-2.28490298154283,-0.005583472920156337,-0.8634646519158122,-1.580842072311786,-0.07198128486593484,-0.983284169124877,-0.39499670836076367,-0.40744513380868597,-0.11412268188302425,-1.360544217687075,-0.7912002345589559
2024-10-21T12:33:07.427626768Z,AAPL,0.043366309798075625,0.0,0.0,0.0,0.0,0.0,0.0,0.0,0.0,0.0,0.0018190807235513246
2024-10-21T12:33:07.801879861Z,AAPL,0.0,0.0,0.0,0.0,0.0,0.0,0.0,-0.026894630679089426,-5.270092226613966,-1.2440758293838863,-0.6743143500373342
2024-10-21T12:33:09.053244732Z,AAPL,-0.041965378562685784,-0.03022974607013301,-1.862414154347573,-0.05395112662646778,-0.6933610677760444,-4.150453955901427,-0.02470660901791229,-0.399560483468185,-0.0757370841222613,-5.245213742460005,-1.7103942835384087
2024-10-21T12:33:09.156252110Z,AAPL,0.0,0.0,0.0,0.0,0.0,0.0,0.0,0.0,0.0,0.0,0.0
2024-10-21T12:33:09.156252110Z,AAPL,0.0017918738520808133,0.0,0.0,0.0,0.0,0.0,0.0,0.0,0.0,0.0,7.516348978119664e-05
2024-10-21T12:33:12.169745303Z,AAPL,0.0,0.0,0.0,0.0,0.0,0.0,0.0,0.0,5.133470225872689,0.888137026855572,0.6029252640751217
2024-10-21T12:33:14.175223557Z,AAPL,0.0,0.0,0.0,0.0,0.0,0.0,0.0,0.0,-0.0737230121116377,-3.8714672861014323,-0.6209112667682329
2024-10-21T12:33:14.283552259Z,AAPL,0.0,2.3018270752409724,0.07633587786259542,0.3713330857779428,2.437538086532602,0.008071025020177562,2.3696682464454977,0.035362465269007326,4.769854519437157,0.8064516129032259,1.2565165986328282
2024-10-21T12:33:15.381509806Z,AAPL,0.0,1.1213905242500701,0.0,0.0,0.0,0.0,0.0,0.0,0.0,0.0,0.09977904457372151
2024-10-21T12:33:15.434611774Z,AAPL,0.0,0.0,0.9712273886123588,0.0,0.0,0.0,0.0,0.0,0.0,0.0,0.0893204457563508
2024-10-21T12:33:21.206576211Z,AAPL,0.0,-0.17457719585379158,-0.9831633280078652,-0.0661221314663555,-0.542667209333876,-3.111024693758507,-0.022560631697687534,-0.6031363088057901,-0.05851619644723093,-3.484927687750479,-1.2201547071906913
2024-10-21T12:33:21.206611882Z,AAPL,0.0,0.0,-2.3647857644579724,-0.0425260472039124,-0.5291005291005291,-0.11198208286674133,-2.3630504833512354,-0.06523157208088715,-0.9191560476289952,-0.6487187804086928,-0.7096998487648644
2024-10-21T12:33:21.210681542Z,AAPL,0.0,1.1193507765496011,0.07686221317960891,0.4488834025361912,2.0915032679738563,0.0075858145268348194,2.043944813490036,0.04641909814323607,4.092490280335585,0.682261208576998,1.017774476541044
2024-10-21T12:33:21.285249933Z,AAPL,0.0,0.0,1.76854205814082,2.266861182807766,0.05228758169934641,0.758581452683482,0.3065917220235054,0.7294429708222812,0.08184980560671169,0.7147498375568551,0.7331686480886913
2024-10-21T12:33:22.875006113Z,AAPL,0.0,0.0,0.0,0.0,0.0,0.0,0.0,3.315649867374005,0.8594229588704727,0.4093567251461988,0.4649688387632127
2024-10-21T12:33:24.340747933Z,AAPL,0.0,0.0,0.8469193309337285,0.0,0.0,0.0,0.0,0.0,0.0,0.0,0.07788826081887164
2024-10-21T12:33:24.880805430Z,AAPL,0.0,0.0,-0.03321864989915767,-0.07056137802220608,-0.6001500375093773,-2.9867463132350194,-0.02249718785151856,-0.6972285166463308,-3.8632412594166503,-0.6668783740870118,-1.0094450345807275
2024-10-21T12:33:26.285422898Z,AAPL,0.0,0.0,-2.617597511986523,-0.041827878280874205,-0.6384676775738228,-0.11393847322445878,-2.4732996065205173,-0.07623403849818944,-0.7764249161814011,-0.631911532385466,-0.7390322186089274
2024-10-21T12:33:26.285434922Z,AAPL,0.0,0.0,1.9738465334320257,2.064384261624936,0.07312614259597806,0.6950477845351868,0.3761755485893417,0.8903278025091056,0.06709158000670916,0.6798516687268232,0.7394206498012895
2024-10-21T12:33:26.288517312Z,AAPL,0.0,-2.279851809632374,0.0,0.0,0.0,0.0,0.0,0.0,0.0,0.0,-0.20285656995979745
2024-10-21T12:33:28.839620575Z,AAPL,0.0,2.4176488365064976,0.0,0.0,0.0,0.0,0.0,0.0,0.0,0.0,0.21511746871832255
2024-10-21T12:33:28.839633521Z,AAPL,0.0,-4.835297673012995,0.0,0.0,0.0,0.0,0.0,0.0,0.0,0.0,-0.4302349374366451
2024-10-21T12:33:29.340151844Z,AAPL,0.0,0.0,0.9658336351563444,0.0,0.0,0.0,0.0,0.0,0.0,0.0,0.08882440078414362
2024-10-21T12:33:36.906518675Z,AAPL,0.0,2.05180815593742,0.0,0.0,0.0,0.0,0.0,0.0,0.0,0.0,0.18256571017925863
2024-10-21T12:33:39.988033229Z,AAPL,0.008547739123001965,9.10943396226415,0.005480953685941354,0.866645000541653,3.988153998025666,0.058292043136111915,2.8922631959508314,0.14492753623188406,0.5281478814067939,0.0758869284765699,1.6126264219098037
2024-10-21T12:33:41.899233441Z,AAPL,0.0,0.0,0.0,0.8962581223392336,0.0,0.0,0.0,0.0,0.0,0.0,0.09337191920634622
2024-10-21T12:33:48.686584626Z,AAPL,0.18967234103086916,0.028985507246376812,6.595628415300546,0.004749465685110425,1.391304347826087,2.814546467883517,0.27341079972658916,0.9913258983890955,0.06719677455482137,0.9212730318257956,1.4122804594786018
2024-10-21T12:33:48.686646314Z,AAPL,0.030004500675101263,0.0,0.0,0.0,0.0,0.0,0.0,0.0,0.0,0.0,0.0012585947259981392
2024-10-21T12:33:48.687003945Z,AAPL,-0.2127093858016485,0.0,0.0,0.0,0.0,0.0,0.0,0.0,0.0,0.0,-0.008922491796786242
2024-10-21T12:33:48.690751022Z,AAPL,-0.011361699710276658,-6.100581248420521,-0.004393190554640308,-1.1661807580174928,-3.5283842794759823,-0.043985045084671215,-3.2232070910556003,-0.1428911645629912,-0.4867795110078549,-0.0855431993156544,-1.3651334885099309
2024-10-21T12:33:49.477179785Z,AAPL,0.0,0.0,0.0,0.0,0.0,0.0,0.0,0.0,0.0,0.0,0.0
2024-10-21T12:33:49.477179785Z,AAPL,0.005264196880963348,0.0,0.0,0.0,0.0,0.0,0.0,0.0,0.0,0.0,0.00022081655358105584
2024-10-21T12:33:49.544831228Z,AAPL,0.0,0.0,0.0,1.1344299489506522,0.0,0.0,0.0,0.0,0.0,0.0,0.11818459314178195
2024-10-21T12:33:49.544930382Z,AAPL,0.0,0.021737442745128486,0.09573419681824581,0.575788109975529,2.2145328719723185,0.004299688272600237,3.0959752321981426,4.3431053203040175,0.427263479145473,0.7274826789838338,1.145010752524207
2024-10-21T12:33:49.544942069Z,AAPL,0.0,-1.1198992090711835,-0.041828503137137735,-0.10060659860926173,-0.5390835579514824,-1.6645859342488556,-0.03129890453834116,-0.9732360097323601,-1.937046004842615,-1.2331180270111568,-0.86430592630999
2024-10-21T12:33:49.602010461Z,AAPL,0.0,0.0,0.0,-1.2556898446083817,0.0,0.0,0.0,0.0,0.0,0.0,-0.13081741497972788
2024-10-21T12:33:49.602023386Z,AAPL,0.0,0.0,1.2336160370084812,0.006817794443497528,0.0,0.0,0.0,0.0,0.0,0.0,0.11416170408027596
2024-10-21T12:33:50.024262364Z,AAPL,0.0,-0.8646311807619562,0.0,0.0,0.0,0.0,0.0,0.0,0.0,0.0,-0.07693312120928714
2024-10-21T12:33:51.861072481Z,AAPL,0.0,0.0,1.3377926421404682,0.0,0.0,0.0,0.0,0.0,0.0,0.0,0.12303219259114742
2024-10-21T12:33:52.769482629Z,AAPL,0.0,0.0,-0.007167174341515857,-3.7728800896525962,-0.04439511653718091,-0.4108463434675431,-0.42134831460674155,-1.282798833819242,-0.036297640653357534,-1.4388489208633093,-0.8540682336942118
2024-10-21T12:33:52.769493295Z,AAPL,0.0,0.0,2.866869736606343,0.008247422680412371,2.1251972645975803,0.04146796599626788,2.6507620941020544,0.17991004497751126,0.39568345323741005,0.1352265043948614,0.790268199877552
2024-10-21T12:33:52.993927871Z,AAPL,-11.075934847442074,-0.6980193700375186,-0.007719027402547278,-4.164948453608248,-0.04208311415044713,-0.4146796599626788,-0.3976143141153081,-1.3193403298350825,-0.03597122302158273,-1.4874915483434752,-1.4309088135494386
2024-10-21T12:33:53.065065422Z,AAPL,0.0,-0.3460057955970763,0.0,0.0,0.0,0.0,0.0,0.0,0.0,0.0,-0.0307868908779434
2024-10-21T12:33:56.944168416Z,AAPL,0.0,0.0,0.0,0.0,0.0,0.0,0.0,-0.12030075187969924,0.0,0.0,-0.011707343722161768
2024-10-21T12:33:59.088811005Z,AAPL,0.0,-0.0017766722927955937,-3.8199697428139188,-0.08583690987124463,-0.43956043956043955,-0.062169723344731115,-2.6507620941020544,-0.12048192771084337,-0.39568345323741005,-1.3123359580052494,-0.9255637816957988
2024-10-21T12:33:59.088823750Z,AAPL,0.0,0.0,1.4579916165482047,4.068479355488419,0.046484601975595584,0.4106354583718304,0.42134831460674155,1.1747430249632893,0.036297640653357534,1.397712833545108,1.0013975709342657
2024-10-21T12:34:02.149897491Z,AAPL,0.5923293351103214,2.107376691401135,0.00934361130576968,1.549186676994578,2.2671156004489337,0.04326195111399524,2.642007926023778,0.18072289156626506,0.360198108959928,0.13123359580052493,0.9081680046930757
2024-10-21T12:34:02.149928619Z,AAPL,0.0,0.0,0.0,0.0,0.0,0.0,0.0,0.0,0.0,0.0,0.0
2024-10-21T12:34:02.149928619Z,AAPL,2.222839677688247,0.011058015086292011,0.3618946248004257,0.70859167404783,1.629327902240326,0.005091001654575537,2.230897936419409,5.633802816901408,0.3860294117647059,0.8980755523877405,1.288660369056764
2024-10-21T12:34:02.149950355Z,AAPL,0.5215123859191656,0.16652096082594398,15.59935379644588,0.007234581298607343,0.8150789607743251,2.5399220419967308,0.22197558268590456,0.9913258983890955,0.05774783445620789,1.401541695865452,2.2485959401572773
2024-10-21T12:34:02.149954232Z,AAPL,0.004973268680840482,0.17604858941067736,1.2484394506866419,7.29415319534673,0.004161897825408386,1.0330578512396695,8.759757155247181,0.09029345372460497,0.400600901352028,0.21299254526091588,1.9856142942034014
2024-10-21T12:34:02.149963811Z,AAPL,0.0,0.1858649690999489,0.0,0.0,0.0,0.0,0.0,0.0,0.0,0.0,0.016537886343314188
2024-10-21T12:34:02.149968531Z,AAPL,0.0,-0.19781415360269028,0.0,0.0,0.0,0.0,0.0,0.0,0.0,0.0,-0.01760110043986275
2024-10-21T12:34:02.149995072Z,AAPL,0.0,-0.20927069163963585,-10.432152117545376,-0.004878048780487805,-0.8990784445942909,-2.5827899245620762,-0.12406947890818859,-0.7540056550424128,-0.06607929515418502,-1.4119308153900458,-1.737942127245735
2024-10-21T12:34:02.150289648Z,AAPL,0.0,-2.5789220661289463,-0.008624407072013798,-0.9897315353210442,-2.1961295933898675,-0.05389382915656157,-1.203731567860367,-0.10517090271691498,-0.4610951008645533,-0.14331780723754925,-0.7232529443626492
2024-10-21T12:34:02.224326757Z,AAPL,0.8232146532208273,0.0,0.0,0.0,0.0,0.0,0.0,0.0,0.0,0.0,0.03453127356216614
2024-10-21T12:34:02.250035378Z,AAPL,-4.34994143616542,-0.0023910574451551196,-1.7174753112924002,-2.307780189649263,-0.04299688272600237,-0.5957700327673519,-0.17462165308498254,-0.6069802731411229,-0.05144694533762058,-1.5675097969362308,-0.9990587927227781
2024-10-21T12:34:02.433938165Z,AAPL,0.0,0.5218525766470972,-4.061934446008445,-0.04522328999434709,-0.43487714720591436,-0.0949367088607595,-1.1315417256011315,-0.0572655690765927,-0.5962059620596206,-1.4010507880910683,-0.7764370329203157
2024-10-21T12:34:04.221298672Z,AAPL,0.02048580626280363,0.048776988738254076,0.7447402718301992,1.7321641225506117,0.004600874166091558,0.6639004149377593,4.95785820525533,0.6012884753042234,0.36295549474290656,0.8275862068965517,1.0633329595210135
2024-10-21T12:34:04.221593520Z,AAPL,0.2909302494726889,3.5609971972267296,1.4194915254237288,2.0997920997921,0.04653868528214078,0.6986899563318777,0.13236267372600927,0.5730659025787965,0.06148170919151552,1.541155866900175,1.1005020988996899
2024-10-21T12:34:04.221921450Z,AAPL,-3.232242083417018,-0.6606952091379735,-3.445922893210508,-0.03995205753096284,-0.49437646768013843,-0.11049723756906077,-0.794912559618442,-0.05730659025787966,-0.7249958807052233,-1.3793103448275863,-0.942084927608636
2024-10-21T12:34:04.223075802Z,AAPL,0.045536730730596664,0.3427592116538132,2.3672140849238055,0.004210083149142196,0.4889377826671556,3.6730945821854912,0.8044435931813828,0.3682595352915388,0.418921277709897,0.014357501794687724,0.9695615022561596
2024-10-21T12:34:04.325592369Z,AAPL,-0.529380624669137,-0.060240963855421686,-0.5437737901033171,-1.7041218447118969,-0.004894762604013705,-0.7905138339920948,-3.4453057708871664,-0.6224066390041494,-0.46735905044510384,-0.8787989747345294,-0.9517562688953236
2024-10-21T12:34:06.238355905Z,AAPL,0.0,-0.025697503671071955,-0.08640406607369759,-0.445583156956667,-1.8687222611539358,-0.00874125874125874,-0.6678911337451996,-2.8336639274582036,-0.824014125956445,-0.9406494960806272,-0.7835770056706637
2024-10-21T12:34:11.389652181Z,AAPL,0.0,0.06347428358069636,0.5023232450081628,1.7094017094017093,0.004726456339359565,0.9354536950420954,3.082614056720099,0.5946481665014867,0.5407725321888412,0.9111617312072894,0.920181994450374
2024-10-21T12:34:13.393399417Z,AAPL,0.0,-0.026615969581749048,-0.08214544575984538,-0.4470272686633885,-1.8072969614819836,-0.010548523206751054,-0.5995203836930455,-2.7126000271260002,-0.9621993127147767,-0.9759876065065841,-0.7778839205425192
2024-10-21T12:34:13.740065207Z,AAPL,-0.47239444936521996,0.0,0.0,0.0,0.0,0.0,0.0,0.0,0.0,0.0,-0.019815465986249222
2024-10-21T12:34:14.476131192Z,AAPL,0.0,-1.0635469290082424,0.0,0.0,0.0,0.0,0.0,0.0,0.0,0.0,-0.09463223929658723
2024-10-21T12:34:14.476143802Z,AAPL,0.0,0.0,0.8416622830089426,2.234760482354243,0.04909180166912126,1.292824822236587,0.08843036109064112,0.48496605237633367,0.11412268188302425,1.583873290136789,0.8155122080945325
2024-10-21T12:34:18.143679631Z,AAPL,-0.39930122285999503,0.0,0.0,0.0,0.0,0.0,0.0,0.0,0.0,0.0,-0.016749434313807366
2024-10-21T12:34:21.570266497Z,AAPL,0.0,0.0,-2.2688981242277886,-0.047927150730889045,-0.4964627032394191,-0.23961661341853036,-0.6264682850430697,-0.04849660523763337,-1.2535612535612535,-1.392272885485555,-0.6908598845405594
2024-10-21T12:34:21.570278537Z,AAPL,0.0,0.0,0.8885926913251139,2.642595499738357,0.04959087527894867,1.6638935108153077,0.10178117048346055,0.47973135044375154,0.11695906432748537,1.4824797843665767,0.9000190824314949
2024-10-21T12:34:24.634338724Z,AAPL,0.012248468941382326,0.11663807890222985,0.43544524276072283,2.2093344380005524,0.005211047420531527,1.6645859342488556,3.4453057708871664,0.5228432715050417,0.7664233576642335,0.7843137254901961,1.104097467259734
2024-10-21T12:34:24.734729841Z,AAPL,-0.3352048939914523,-0.04885709300296632,-0.08313974813546889,-0.5163955589981926,-2.1373230029388193,-0.02002002002002002,-0.6884681583476764,-2.4897298643097225,-1.279317697228145,-0.8208469055374593,-0.8219455135878331
2024-10-21T12:34:26.051200518Z,AAPL,0.0,0.14994487320837926,0.47275735728637275,1.9159382109926955,0.006067961165048544,1.828989483310471,3.2653061224489797,0.5438301178298589,0.7997461123452871,0.7578149668455952,1.085797485619378
2024-10-21T12:34:28.056511802Z,AAPL,0.0,-0.08410934214478823,-0.07852193995381063,-0.4621072088724584,-2.6242414302115793,-0.01756697408871322,-0.6622516556291391,-2.5614754098360657,-1.3721006207121855,-0.7713498622589532,-0.8512172445654227
2024-10-21T12:34:31.566351603Z,AAPL,0.0,0.20365378855944896,0.4575088642342446,1.786511835640911,0.00702000702000702,1.6835016835016836,3.1055900621118013,0.56657223796034,0.8347134812851938,0.7352941176470589,1.041054203951445
2024-10-21T12:34:33.571362114Z,AAPL,0.0,-0.08920038228735266,-0.08058781701825077,-0.4232356364405883,-2.8530670470756063,-0.016253555465258026,-0.6294256490952006,-2.665600426496068,-1.4388489208633095,-0.7697006719609042,-0.8798641490154111
2024-10-21T12:34:33.720440799Z,AAPL,-0.3045182901298009,0.0,0.0,0.0,0.0,0.0,0.0,0.0,0.0,0.0,-0.012773587472008319
2024-10-21T12:34:33.730448933Z,AAPL,-0.2901599506728084,0.0,0.0,0.0,0.0,0.0,0.0,0.0,0.0,0.0,-0.012171300151504501
2024-10-21T12:34:33.745274141Z,AAPL,0.010155598273548293,0.449438202247191,0.5221250489492233,1.625851031399248,0.006424670735624799,1.6440608302507191,3.714020427112349,0.49569219874896736,0.8990367463432036,0.7272727272727273,1.1049076883382114
2024-10-21T12:34:33.745287278Z,AAPL,0.0,-9.919404835709857,-0.09751900186433386,-0.3833253473885961,-2.4860161591050343,-0.01981178801386825,-0.7554296506137866,-2.2222222222222223,-1.5283842794759825,-0.7473309608540926,-1.6948356591664457
2024-10-21T12:34:33.747590481Z,AAPL,0.0,5.012531328320803,0.0,0.0,0.0,0.0,0.0,0.0,0.0,0.0,0.4460048270607327
2024-10-21T12:34:33.751727739Z,AAPL,0.0,-4.471771939631079,0.0,0.0,0.0,0.0,0.0,0.0,0.0,0.0,-0.3978891581827442
2024-10-21T12:34:35.757406077Z,AAPL,0.5844748858447488,0.42794210195091253,0.6694560669456067,1.3769363166953528,0.006092916984006093,1.839080459770115,4.310344827586207,0.4345576823590274,1.0120481927710843,0.7048458149779736,1.2022064578136555
2024-10-21T12:34:37.761184677Z,AAPL,-0.010300934441910088,-8.978675645342312,-0.11992945326278659,-0.330169211721007,-2.471042471042471,-0.017699115044247787,-0.8781558726673985,-2.0502306509482318,-1.7573221757322175,-0.7379209370424598,-1.6210566027293916
2024-10-21T12:34:37.968027551Z,AAPL,0.0,4.507042253521127,0.0,0.0,0.0,0.0,0.0,0.0,0.0,0.0,0.40102743886700243
2024-10-21T12:34:37.968040798Z,AAPL,-0.296417058801734,-0.15774647887323945,0.0,0.0,0.0,0.0,0.0,0.0,0.0,0.0,-0.02646972657906866
2024-10-21T12:34:38.475738499Z,AAPL,0.01044932079414838,0.38095238095238093,0.7777561734396268,1.1935844834017157,0.006784260515603799,1.5816528272044286,4.179728317659352,0.44025157232704404,1.1731843575418994,0.6993006993006993,1.129533218087563
2024-10-21T12:34:38.475751280Z,AAPL,0.0,-7.3461891643709825,-0.13221854948473655,-0.29839612085042894,-2.7137042062415198,-0.015816528272044286,-0.8359456635318704,-2.0964360587002098,-1.9553072625698322,-0.7342657342657343,-1.5112732478929112
2024-10-21T12:34:38.943836159Z,AAPL,-0.30071796413938273,-0.12855831037649218,0.0,0.0,0.0,0.0,0.0,0.0,0.0,0.0,-0.024053032296249895
2024-10-21T12:34:38.961431383Z,AAPL,0.010602044680045438,0.31078610603290674,0.812842918106076,1.1267605633802817,0.00739781764379508,1.474382602285293,3.9215686274509802,0.4547915538711424,1.2562313060817547,0.6978772899098575,1.0874277507936032
2024-10-21T12:34:38.961442941Z,AAPL,0.0,-6.223259432127576,-0.14055394791236048,-0.28776978417266186,-2.7557698932139165,-0.015302218821729153,-0.851063829787234,-2.0768431983385254,-2.05078125,-0.7321324811156305,-1.422398188288301
2024-10-21T12:34:39.359232731Z,AAPL,-0.3029155622870125,-0.10890704006223259,0.0,0.0,0.0,0.0,0.0,0.0,0.0,0.0,-0.022396684645207048
2024-10-21T12:34:39.445076887Z,AAPL,0.010680093069382463,0.264488525865422,0.8267879288962381,1.1510791366906474,0.006889424733034792,1.5302218821729152,4.25531914893617,0.43613707165109034,1.23046875,0.6972690296339338,1.123904060603728
2024-10-21T12:34:39.445089261Z,AAPL,0.0,-5.398110661268556,-0.14055394791236048,-0.28776978417266186,-2.7557698932139165,-0.015302218821729153,-0.851063829787234,-2.0768431983385254,-2.05078125,-0.7321324811156305,-1.3489781314864535
2024-10-21T12:34:39.534348093Z,AAPL,-0.3074085459575776,-0.09478672985781991,0.0,0.0,0.0,0.0,0.0,0.0,0.0,0.0,-0.021328754783807708
2024-10-21T12:34:39.805848072Z,AAPL,0.010839688746080291,0.22941970310391366,0.8267879288962381,1.1510791366906474,0.006889424733034792,1.5302218821729152,4.25531914893617,0.43613707165109034,1.23046875,0.6972690296339338,1.1207904027278843
2024-10-21T12:34:39.805861078Z,AAPL,0.0,-4.766160262138815,-0.14055394791236048,-0.28776978417266186,-2.7557698932139165,-0.015302218821729153,-0.851063829787234,-2.0768431983385254,-2.05078125,-0.7321324811156305,-1.2927484722557268
2024-10-21T12:34:40.424950427Z,AAPL,0.008249804067153404,9.741727199354317,0.008622547962923045,0.5884516366311143,3.2058403428027296,0.15847860538827258,0.8359456635318704,0.06286013619696176,1.8709073900841908,0.11968880909634949,1.5030563885329618
2024-10-21T12:34:40.429056129Z,AAPL,-1.9915027018108318,-0.0074920397078104516,-1.7559262510974538,-1.519368183527642,-0.05970149253731343,-1.6494845360824741,-0.13683010262257697,-0.4024144869215292,-0.1834862385321101,-1.3153961136023917,-0.9212233955822163
2024-10-21T12:34:42.760362354Z,AAPL,0.649456080532554,0.13720742534301855,0.8622547962923044,1.1769032732622287,0.006348198698619267,1.5847860538827259,4.179728317659352,0.4400209533787323,1.1786716557530401,0.718132854578097,1.1445496881365054
2024-10-21T12:34:44.765845817Z,AAPL,-0.011365481409319695,-3.1031807602792862,-0.14658331536969174,-0.29422581831555716,-2.5392794794477065,-0.01584786053882726,-0.8359456635318704,-2.095337873232059,-1.9644527595884003,-0.7540394973070018,-1.1240056046180373
2024-10-21T12:34:46.916797916Z,AAPL,0.0,0.0,0.0,0.0,0.0,0.0,0.0,0.0,0.0,0.0,0.0
2024-10-21T12:34:51.436613204Z,AAPL,0.06068224177538902,7.157894736842105,0.009180628873077806,0.6158583525789069,2.807505211952745,0.17130620985010706,0.8948545861297539,0.060882800608828,1.7621145374449338,0.12326656394453005,1.2423571308357821
2024-10-21T12:34:51.440710504Z,AAPL,-2.0926704520827015,-0.005930318754633061,-1.8361257746155613,-1.5550423402617397,-0.05559416261292564,-1.7130620985010707,-0.1342281879194631,-0.4058853373921867,-0.1762114537444934,-1.3559322033898304,-0.9509502017971824
2024-10-21T12:34:54.821268272Z,AAPL,0.6818956699624957,0.10362694300518134,0.9009009009009009,1.2039127163280663,0.005885815185403178,1.6433853738701725,4.1067761806981515,0.4439746300211416,1.1310592459605027,0.7402837754472548,1.149943664656446
2024-10-21T12:34:56.823934089Z,AAPL,-0.012032143010614069,-2.300503235082674,-0.15315315315315314,-0.3009781790820166,-2.3543260741612713,-0.016433853738701727,-0.8213552361396304,-2.1141649048625792,-1.8850987432675044,-0.7772979642196175,-1.0350789531772553
2024-10-21T12:34:56.914006729Z,AAPL,0.0,0.09777138749101366,0.9009009009009009,1.2039127163280663,0.005885815185403178,1.6433853738701725,4.1067761806981515,0.4439746300211416,1.1310592459605027,0.7402837754472548,1.1208192639428474
2024-10-21T12:34:56.914018909Z,AAPL,0.0,-2.300503235082674,-0.15315315315315314,-0.3009781790820166,-2.3543260741612713,-0.016433853738701727,-0.8213552361396304,-2.1141649048625792,-1.8850987432675044,-0.7772979642196175,-1.0345742425040267
2024-10-21T12:34:56.970301620Z,AAPL,0.0,0.0,1.8018018018018018,0.0,0.0,0.0,0.0,0.0,0.0,0.0,0.16570552065204092
2024-10-21T12:35:01.086704786Z,AAPL,0.0,-2.0695899624886818,0.0,0.0,0.0,0.0,0.0,0.0,0.0,0.0,-0.1841478991046253
2024-10-21T12:35:04.824035688Z,AAPL,0.6816923011375741,0.09254218835057158,0.9009009009009009,1.2039127163280663,0.005885815185403178,1.6433853738701725,4.1067761806981515,0.4439746300211416,1.1310592459605027,0.7402837754472548,1.1489488350823847
2024-10-21T12:35:06.832364220Z,AAPL,-0.012028524787352864,-2.066916419067304,-0.15315315315315314,-0.3009781790820166,-2.3543260741612713,-0.016433853738701727,-0.8213552361396304,-2.1141649048625792,-1.8850987432675044,-0.7772979642196175,-1.014294722331754
2024-10-21T12:35:10.273312188Z,AAPL,0.14446300392758793,5.17470525187567,0.00962000962000962,0.6306661411115491,2.626788036410923,0.17817371937639198,0.8781558726673985,0.06141248720573183,1.694915254237288,0.1271860095389507,1.0494432005897703
2024-10-21T12:35:11.596759827Z,AAPL,0.0,0.0,0.0,0.6462035541195477,0.0,0.0,0.0,0.0,0.0,0.0,0.06732130459094074
2024-10-21T12:35:11.866382042Z,AAPL,0.7961387271732099,0.057862491490810075,1.0408534998698933,1.292929292929293,0.004830334500664171,1.8484288354898335,3.902439024390244,0.45627376425855515,1.0088070456365092,0.8157715839564922,1.1837179330565228
2024-10-21T12:35:12.594795091Z,AAPL,0.0,0.0,0.0,0.6519967400162999,0.0,0.0,0.0,0.0,0.0,0.0,0.06792483706893614
2024-10-21T12:35:12.649791928Z,AAPL,0.0,0.0,0.0,-0.6522625356706074,0.0,0.0,0.0,0.0,0.0,0.0,-0.06795252758547464
2024-10-21T12:35:12.649804588Z,AAPL,0.0,0.0,3.989030167040638,-1.5695415695415695,-0.05013787916771121,-1.7605633802816902,-0.09983361064891846,-0.4801920768307323,-0.1597444089456869,-1.55148095909732,-0.3680709945032574
2024-10-21T12:35:13.882085380Z,AAPL,-0.015581524763494713,-1.0955902492467817,-0.16144349477682812,-0.3108003108003108,-2.0055151667084483,-0.017605633802816902,-0.6655574043261231,-2.4009603841536613,-1.6773162939297124,-0.8885754583921015,-0.9114663854513527
2024-10-21T12:35:18.869298325Z,AAPL,0.9499495339310099,0.043010752688172046,0.906412871062769,1.2432012432012431,0.005013787916771121,1.7605633802816902,3.327787021630616,0.5042016806722689,1.0063897763578276,0.8462623413258109,1.1110981504769049
2024-10-21T12:35:20.880663008Z,AAPL,-0.017816238228556887,-0.9402914903620123,-0.14737754659731253,-0.3108003108003108,-2.0055151667084483,-0.017605633802816902,-0.6655574043261231,-2.4009603841536613,-1.6773162939297124,-0.8885754583921015,-0.8964483605296851
2024-10-21T12:35:22.590424361Z,AAPL,0.0,0.03811872862828634,0.8166598611678236,1.2148823082763858,0.005277741126797731,1.687051876845213,3.1201248049921997,0.5293005671077504,1.023558082859464,0.8471584892340275,1.0327179223973748
2024-10-21T12:35:22.590436801Z,AAPL,0.0,-0.8969112618420314,-0.1283503208758022,-0.29684601113172543,-2.258610954263128,-0.016253555465258026,-0.6324110671936759,-2.493765586034913,-1.7706576728499157,-0.8591885441527446,-0.9196253294056902
2024-10-21T12:35:22.645812212Z,AAPL,0.0,0.0,2.9101491451436887,0.003083802328270758,2.665259269032854,0.1687051876845213,0.62402496099844,0.07561436672967864,1.6246953696181967,0.1411930815390046,0.7583365025572952
2024-10-21T12:35:23.823304028Z,AAPL,0.0,-0.7754192110109528,0.0,0.0,0.0,0.0,0.0,0.0,0.0,0.0,-0.06899522186574869
2024-10-21T12:35:23.988201548Z,AAPL,0.0,0.0,0.0,0.0,0.0,0.0,0.0,0.0,0.0,0.0,0.0
2024-10-21T12:35:24.238426890Z,AAPL,0.0,0.0,0.0,0.0,0.0,0.0,0.0,0.0,0.0,0.0,0.0
2024-10-21T12:35:24.238426890Z,AAPL,1.777975330592288,0.028038924624773216,0.6436041834271923,1.5016424213984045,0.004016870857601928,2.092050209205021,3.1496062992125986,0.5256570713391739,0.8798882681564246,0.9852216748768473,1.1892936329767494
2024-10-21T12:35:24.238452385Z,AAPL,0.16547025185545688,0.16688918558077434,0.5179669796050502,4.141717423007635,1.608201829329581,0.020920502092050212,2.7900552486187844,0.05329780146568954,1.3736263736263736,0.2566295979469632,1.088197999467611
2024-10-21T12:35:24.238461987Z,AAPL,0.0,0.16818028927009754,0.0,0.0,0.0,0.0,0.0,0.0,0.0,0.0,0.0149643395557713
2024-10-21T12:35:24.238465281Z,AAPL,0.0,-0.16748314700833228,0.0,0.0,0.0,0.0,0.0,0.0,0.0,0.0,-0.014902309257399179
2024-10-21T12:35:24.238471795Z,AAPL,0.7160759040458289,0.0,0.0,0.0,0.0,0.0,0.0,0.0,0.0,0.0,0.030037138961433098
2024-10-21T12:35:24.238485568Z,AAPL,0.0,0.0,0.6487187804086928,0.22003713126590113,4.544427710843373,6.950477845351868,0.00407705636530425,3.08868501529052,0.13486176668914363,1.8744142455482662,2.069438340660066
2024-10-21T12:35:24.238506128Z,AAPL,0.0,-0.19399582908967455,-0.5056890012642226,-3.046056782334385,-1.5810276679841897,-0.016722408026755852,-1.902788244159759,-0.06514657980456026,-1.3679890560875514,-0.2808988764044944,-0.881906364645094
2024-10-21T12:35:24.238844974Z,AAPL,0.11055112989757762,0.20413370757846389,2.3855673177277468,0.002430428970713331,0.39549139806209216,7.186489399928135,0.3952569169960475,0.413589364844904,0.8216364258815474,0.01921229586935639,1.4530212093480137
2024-10-21T12:35:24.325803839Z,AAPL,-1.3322231473771857,-0.03678061445261792,-0.5894488653109342,-0.926730379380249,-0.003996403237086622,-1.4419610670511898,-1.8130722509291997,-0.6898817345597898,-0.8627182471756247,-1.1499760421657883,-0.9221414920229456
2024-10-21T12:35:24.325823716Z,AAPL,-0.2334763948497854,0.0,0.0,0.0,0.0,0.0,0.0,0.0,0.0,0.0,-0.009793602712637286
2024-10-21T12:35:24.343765036Z,AAPL,0.0,-0.19687461547926663,-6.293833919958284,-0.8807177849947707,-0.00404244567963618,-6.37223974763407,-0.034992564080132973,-0.6575702778234425,-0.20505809979494188,-1.9212295869356388,-1.9838001107134
2024-10-21T12:35:24.343821064Z,AAPL,-1.3205678441729944,0.0,0.0,0.0,0.0,0.0,0.0,0.0,0.0,0.0,-0.05539368050134212
2024-10-21T12:35:24.493765488Z,AAPL,-0.5282271376691978,-3.2745523602821485,-1.8693772636990302,-0.0022398924851607122,-2.0236425566018834,-0.11160714285714286,-0.3358240282092184,-0.10708548991611637,-1.3427324605572342,-0.2031488065007618,-0.871849747728975
2024-10-21T12:35:39.266829390Z,AAPL,0.6181424818420646,0.24180142058334592,5.110076206604573,0.8862792887608708,0.004177982034677251,4.9412915851272015,0.03250446936453762,0.7680491551459294,0.20394289598912305,2.044989775051125,1.732355168485196
2024-10-21T12:35:39.267322775Z,AAPL,-0.46620046620046623,-3.6481789330512315,-1.6936593627606646,-0.002279332155678386,-2.0061575131592018,-0.10005002501250625,-0.3228149463320152,-0.11711887565879368,-1.3192612137203166,-0.21551724137931036,-0.8827320003396201
2024-10-21T12:35:46.324153630Z,AAPL,0.0,0.0,-0.004381161007667032,-1.131716062524511,-0.04136504653567735,-0.9763241396143519,-0.04690798217496678,-0.8460236886632826,-0.13377926421404682,-2.3745277927684834,-0.7362390494318538
2024-10-21T12:35:46.324167263Z,AAPL,0.0,0.0,0.0,0.43601482450403317,2.1788372343867977,0.09532888465204957,0.30323705556819047,0.1384721901684745,1.3568521031207599,0.21621621621621623,0.44575932884287933
2024-10-21T12:35:46.381553985Z,AAPL,1.0200178503123805,0.0,0.0,0.0,0.0,0.0,0.0,0.0,0.0,0.0,0.04278655061546992
2024-10-21T12:35:46.464926027Z,AAPL,-0.9713453132588635,0.0,0.0,0.0,0.0,0.0,0.0,0.0,0.0,0.0,-0.04074489029591192
2024-10-21T12:35:48.967546449Z,AAPL,0.0,0.0,0.0,-1.0024813895781637,-0.05277741126797731,-0.8727907484180667,-0.04194044456871243,-1.2372409526755335,-0.14641288433382138,-2.2668727460072127,-0.7302882156843618
2024-10-21T12:35:48.967567635Z,AAPL,0.0,0.0,0.0,0.7786266971628789,2.665259269032854,0.08727907484180668,0.2796029637914162,0.18558614290133002,1.4641288433382138,0.20607934054611027,0.5323005676458368
2024-10-21T12:35:50.412145028Z,AAPL,0.0,0.0,2.0544427324088343,-1.0177860633848945,-0.05564056196967589,-0.8543357539513029,-0.04342790966994789,-1.203731567860367,-0.1514004542013626,-2.1611001964636545,-0.5211210108710547
2024-10-21T12:35:54.451388501Z,AAPL,0.9388569416735125,0.0,0.0,0.0,0.0,0.0,0.0,0.0,0.0,0.0,0.0393821049732579
2024-10-21T12:35:54.451399487Z,AAPL,0.08308895405669599,0.27354168091362924,1.8327605956471935,0.0022168033695411215,0.6146281499692686,3.787878787878788,0.3375934410417169,0.7281132620629875,0.9760065067100447,0.01845869866174435,0.9821639755096059
2024-10-21T12:35:54.451579862Z,AAPL,0.020857776039629773,0.21789459349039902,4.753372058678743,0.9525506265217649,3.0095351609058403,0.07031112673580595,0.3436130916587922,0.1752336448598131,1.6286644951140066,0.1902044698050404,1.0525773277700659
2024-10-21T12:35:54.451584967Z,AAPL,0.0,0.2708375651702891,0.3066015138449746,2.7483349462059543,2.671107410491257,3.2612205360025834,0.03553976010661928,1.3436345314074571,0.2441008950366151,1.9569471624266144,1.497354382363298
2024-10-21T12:35:54.451914911Z,AAPL,0.0,-0.2157497303128371,-4.069453809844909,-0.9803202542476469,-3.2533419230149785,-0.060578524912918374,-0.3825920612147298,-0.20408163265306123,-1.629327902240326,-0.20202020202020202,-1.0196393453403403
2024-10-21T12:35:54.490013783Z,AAPL,-0.4855105446821423,-3.0290482464395505,-1.3163725892490767,-1.289910600255428,-0.06874033339061694,-0.5968367651447328,-0.060210737581535376,-1.3201320132013201,-0.16913319238900634,-2.1204819277108435,-1.1220705006726233
2024-10-21T12:35:54.565074677Z,AAPL,-1.2238029677221967,-0.03989205678751614,-0.3198464736926276,-1.0696617194812141,-0.0073678393811014925,-0.5881488016468166,-2.1108179419525066,-1.3461538461538463,-1.1076923076923078,-1.1059907834101383,-0.8955337833999746
2024-10-21T12:35:56.157378125Z,AAPL,0.107357120303126,0.21934634788330776,1.2188618877123485,0.0028866276971927546,0.7785130400934216,2.73972602739726,0.4889406286379511,0.7954545454545454,1.0999083409715857,0.01813236627379873,0.819900288465576
2024-10-21T12:35:56.203098030Z,AAPL,-1.2670256572695597,-0.03511852502194908,-0.324648973297622,-1.1459676264145537,-0.007771517388770157,-0.580130529369108,-2.326934264107039,-1.3257575757575757,-1.157556270096463,-1.0830324909747293,-0.9245185532173701
2024-10-21T12:35:59.076399251Z,AAPL,0.11503975638639824,0.19442959218393038,1.3542107490478206,0.00292654375182909,0.7611798287345385,2.9027576197387517,0.5118829981718465,0.8061420345489443,1.1065006915629323,0.01845869866174435,0.856077199138322
2024-10-21T12:35:59.076412669Z,AAPL,-1.4008054631413063,-0.03305303067126816,-0.3385240352064997,-1.1289867344058706,-0.008403361344537815,-0.5730659025787965,-2.4630541871921183,-1.3080037371535347,-1.2121212121212122,-1.05866784296427,-0.9413312921314787
2024-10-21T12:35:59.437757339Z,AAPL,0.0,0.0,0.7401239707651031,0.0029042329194801423,3.837386018237082,0.06168080185042406,0.48721071863581,0.19193857965451055,1.8484288354898335,0.18373909049150208,0.6686794087535732
2024-10-21T12:35:59.494791441Z,AAPL,0.0,0.365296803652968,-0.0038424591738712775,-1.414863066470547,-0.0838750262109457,-0.6083650190114068,-0.07384615384615385,-1.2457178449081283,-0.19286403085824494,-1.9323671497584543,-0.661325270309941
2024-10-21T12:36:00.843631726Z,AAPL,0.0,0.3829033647633178,4.15633608815427,0.0029042329194801423,3.837386018237082,0.06168080185042406,0.48721071863581,0.19193857965451055,1.8484288354898335,0.18373909049150208,1.0169266603767588
2024-10-21T12:36:02.353651432Z,AAPL,0.0,-2.310821806346623,-0.003443526170798898,-1.4348629066628782,-0.0838750262109457,-0.6083650190114068,-0.07384615384615385,-1.2457178449081283,-0.19286403085824494,-1.9323671497584543,-0.9014877422012209
2024-10-21T12:36:02.353665960Z,AAPL,0.0,0.0,0.6771053745239103,0.0028820520210389796,4.235688823652757,0.060836501901140684,0.49230769230769234,0.18685767673621922,1.9286403085824493,0.1756697408871322,0.7028614370467203
2024-10-21T12:36:07.530496723Z,AAPL,0.15084294587400177,0.19069412662090007,1.2993340912782199,0.00301182139899104,0.8216926869350862,2.867383512544803,0.5433376455368694,0.79520353423793,1.158860453887011,0.018034265103697024,0.859077530620792
2024-10-21T12:36:07.530508969Z,AAPL,0.0,-0.7490987405777424,-0.3196675457524175,-1.2522501369648587,-0.007458512026850644,-0.5809731299927379,-2.5591810620601407,-1.3618677042801557,-1.1661267931513188,-1.13314447592068,-0.9808928265467804
2024-10-21T12:36:07.585080931Z,AAPL,0.0,0.0,0.6293266205160478,0.0,0.0,0.0,0.0,0.0,0.0,0.0,0.057877006898604595
2024-10-21T12:36:09.508691863Z,AAPL,-4.256451183825486,0.18327605956471935,1.2489267036140816,0.003485838779956427,0.6714789323484975,2.779708130646282,0.5596269153897402,0.8522150828542442,1.0676156583629892,0.02041858090862685,0.642964688030039
2024-10-21T12:36:10.549225606Z,AAPL,-0.04490597810833567,-0.7505061867266591,-0.317208564631245,-1.4583903017044937,-0.00619962802231866,-0.5629838142153413,-2.635046113306983,-1.4623955431754876,-1.0778443113772456,-1.2910166756320602,-1.0359058397815983
2024-10-21T12:36:43.158440811Z,AAPL,0.0,0.3714882749013234,3.681000304971028,0.0,0.0,0.0,0.0,0.0,0.0,0.0,0.37158321996941746
2024-10-21T12:36:43.375021837Z,AAPL,0.0,-2.101048783672048,-0.0034453057708871662,-1.7767613686340047,-0.06395906619763352,-0.63441712926249,-0.07159904534606205,-1.3531799729364005,-0.1706484641638225,-2.225594334850784,-0.9751935833924659
2024-10-21T12:36:43.375035050Z,AAPL,0.0,0.0,0.6999125109361329,0.003787161522438932,3.2273526122383767,0.07393715341959335,0.4512126339537507,0.20597322348094746,1.6447368421052633,0.20554984583761562,0.5974316946668181
2024-10-21T12:36:50.819889336Z,AAPL,0.0,0.0,0.7902795613948435,0.0,0.0,0.0,0.0,0.0,0.0,0.0,0.07267929583078747
2024-10-21T12:36:53.683336201Z,AAPL,1.0678056593699945,0.12781083995686385,4.542289961426286,0.7508212106992023,0.006609385327164573,4.027916251246261,0.04145077720207254,1.3346680013346681,0.24559967253376994,1.9474196689386563,1.5895884108729919
2024-10-21T12:36:54.097617679Z,AAPL,0.0,0.0,0.0,-0.003940498473056842,-3.0853826179929738,-0.08121827411167512,-0.4108885464817668,-0.20604395604395606,-1.5791551519936833,-0.20470829068577276,-0.5119095215141916
2024-10-21T12:36:54.097630082Z,AAPL,0.0,0.0,0.0,1.5318334131163236,0.006212144742972512,4.0973630831643,0.03950617283950617,1.3540961408259988,0.2361275088547816,1.9970044932601096,1.2155891248154287
2024-10-21T12:36:54.153856242Z,AAPL,0.0,-0.3546728143287817,-0.05369551484523057,-0.398406374501992,-2.3429491872895007,-0.007639419404125286,-0.411522633744856,-5.971931919976113,-1.6228748068006182,-1.2625250501002003,-1.2483603756775308
2024-10-21T12:36:56.765119762Z,AAPL,0.0,0.0318560854492645,0.30372057706909644,1.5482872072769498,0.00595149531319744,0.7632131272657889,1.9782393669634026,1.2385726924211147,0.970724191063174,1.17359413202934,0.8913667485968206
2024-10-21T12:36:56.765132861Z,AAPL,0.0,-0.39211841976276834,-0.048945512128409994,-0.4028603081881358,-2.250035156799325,-0.007211105101856859,-0.4121586810922205,-5.2826201796090855,-1.5891032917139614,-1.2365063788027477,-1.1695057375336118
2024-10-21T12:36:56.819654707Z,AAPL,0.0,0.4069589988808628,0.0,-0.004154117769238758,-2.6897470039946736,-0.07342143906020558,-0.42987641053197206,-0.1435063381966037,-1.48975791433892,-0.19598236158745713,-0.42706175348787934
2024-10-21T12:36:57.476523790Z,AAPL,0.0,-0.4274874425563749,0.0,0.0,0.0,0.0,0.0,0.0,0.0,0.0,-0.038036961846154176
2024-10-21T12:36:58.378164795Z,AAPL,0.0,0.002139266231682533,0.7501674480910918,4.96146336450519,0.004819857814194481,3.5720601237842615,0.047058823529411764,0.8046670690002011,0.21629416005767846,1.9636720667648504,1.5075831724870659
2024-10-21T12:36:58.406534723Z,AAPL,0.0,0.0,-0.5359774889454644,0.0,0.0,0.0,0.0,0.0,0.0,0.0,-0.04929200801923233
2024-10-21T12:36:58.406546557Z,AAPL,0.0,0.0,0.0,0.0,1.7809439002671417,0.0,0.0,0.0,0.0,0.0,0.1526950768357765
2024-10-21T12:36:58.464922853Z,AAPL,0.0,-0.5146018268364853,0.0,0.0,0.0,0.0,0.0,0.0,0.0,0.0,-0.04578822230727706
2024-10-21T12:37:00.372093470Z,AAPL,0.0,-0.5657708628005658,0.0,0.0,0.0,0.0,0.0,0.0,0.0,0.0,-0.05034113889596388
2024-10-21T12:37:00.454146766Z,AAPL,0.0,0.0,0.0,0.0,0.8360330233044205,0.006023189278723084,2.8754448398576513,0.055263885051119094,1.4614541468761417,0.25252525252525254,0.534888887873967
2024-10-21T12:37:00.536164034Z,AAPL,0.0,0.0,0.0,0.5108230636613244,-0.004271222637479978,-3.043543769775501,-0.05772005772005772,-0.5154639175257731,-0.2224694104560623,-1.5822784810126582,-0.7061806236066522
2024-10-21T12:37:01.064935080Z,AAPL,0.0,0.0,0.0,0.0,0.0,0.0,0.0,0.0,0.0,0.0,0.0
2024-10-21T12:37:01.064935080Z,AAPL,-1.015228426395939,0.0,0.0,0.0,0.0,0.0,0.0,0.0,0.0,0.0,-0.04258564929912824
2024-10-21T12:37:01.064997491Z,AAPL,0.0,0.0,0.0,-0.4377564979480164,0.0,0.0,0.0,0.0,0.0,0.0,-0.04560534888294645
2024-10-21T12:37:01.065010830Z,AAPL,0.0,0.0,0.0,0.0,0.0,0.0,0.0,0.0,0.0,0.0,0.0
2024-10-21T12:37:01.065010830Z,AAPL,-0.02184598580010923,-0.5715306304697267,-3.8271898533491875,-0.0021185318574228063,-2.0530541721719686,-0.049800796812749,-0.8592910848549946,-0.06006006006006006,-1.5054572826496049,-0.14270424545130217,-0.8363181350869662
2024-10-21T12:37:01.065032811Z,AAPL,-2.1881838074398248,-0.030852294639413805,-0.6291781360597719,-0.037160500573801845,-0.3830683777054204,-2.04159755008294,-0.009420631182289214,-0.40404040404040403,-6.291286568103177,-1.5228426395939085,-1.3270259025125284
2024-10-21T12:37:01.065044515Z,AAPL,0.09253903990746096,1.6099818877037635,0.053831538948701706,0.22223456858714372,1.4758786089844111,0.0051692943913155855,1.0400416016640666,1.942690626517727,1.3039428748835764,0.9127127852227453,0.8569603936968503
2024-10-21T12:37:01.065398746Z,AAPL,-2.919042189281642,-0.03511852502194908,-0.6283380458686774,-0.03949584712783876,-0.34952813701502966,-2.1211719475009945,-0.011638056444573757,-0.39196472317491426,-5.343307507347047,-1.5463917525773194,-1.2841137520175798
2024-10-21T12:37:01.134392616Z,AAPL,0.0,0.0,0.0,0.9337613072658302,0.0,0.0,0.0,0.0,0.0,0.0,0.09727899046814664
2024-10-21T12:37:01.201495261Z,AAPL,0.0,0.0,0.0,-0.9784137467131413,0.0,0.0,0.0,0.0,0.0,0.0,-0.10193086905593425
2024-10-21T12:37:01.201507987Z,AAPL,0.0,0.0,0.0,0.0,0.6584362139917695,2.64017775454189,0.136986301369863,0.4333694474539545,0.11673151750972763,1.5009380863039399,0.7356785094528819
2024-10-21T12:37:01.461864865Z,AAPL,0.0,0.0,0.0,0.5003752814610959,-1.7046413502109705,-0.049689440993788817,-1.4179369018078694,-0.06795016987542468,-0.7226738934056007,-0.1477650535648319,-0.33690185346976553
2024-10-21T12:37:01.498580512Z,AAPL,-0.045636052481460354,-1.4699971289118576,-0.01196888090963495,-0.4911591355599214,-0.05930060172669399,-0.4908577739599951,-5.126561999359179,-0.004801344376425399,-0.7233273056057866,-6.361323155216286,-1.843444343356261
2024-10-21T12:37:02.076277129Z,AAPL,0.0,0.0,0.0,0.5134129123347452,0.0,0.0,0.0,0.0,0.0,0.0,0.05348721286329395
2024-10-21T12:37:02.131181816Z,AAPL,0.0,0.0,0.0,-0.5451076587626057,0.0,0.0,0.0,0.0,0.0,0.0,-0.056789162635312515
2024-10-21T12:37:02.131194998Z,AAPL,0.0,0.0,1.0189135833917087,3.267460747157553,0.0036609921288669233,2.7092274678111585,0.09521542489883361,0.6002400960384154,0.10554089709762533,0.935672514619883,1.0448479433253075
2024-10-21T12:37:05.074380125Z,AAPL,-0.05930318754633061,-0.023633677991137372,-0.317342258584356,-0.010899182561307902,-0.7747433662599265,-0.09100642398286937,-0.952154248988336,-2.437538086532602,-0.007167174341515857,-0.927643784786642,-0.5938001797673738
2024-10-21T12:37:09.471991076Z,AAPL,0.0,-0.17073170731707318,0.0,0.0,0.0,0.0,0.0,0.0,0.0,0.0,-0.0151913595363491
2024-10-21T12:37:09.476084016Z,AAPL,0.0,0.17715912685858903,0.0,0.0,0.0,0.0,0.0,0.0,0.0,0.0,0.01576325823449068
2024-10-21T12:37:09.756862909Z,AAPL,0.0,0.0,-2.6478008116705056,-0.0030802402587401818,-2.0973938324161563,-0.05312790543232833,-1.053740779768177,-0.0957090445047057,-0.7591573353577529,-0.09053870529651425,-0.6277825083438764
2024-10-21T12:37:09.756876626Z,AAPL,0.0,0.0,0.0,1.3463480309660045,0.0,0.0,0.0,0.0,0.0,0.0,0.14026215934632216
2024-10-21T12:37:10.616114227Z,AAPL,0.0,0.0,0.8038989097121038,4.166379012771833,0.004108885464817668,2.8587602604019247,0.10293360782295419,0.6684491978609626,0.11659541391371939,0.9086778736937756,1.144104562013099
2024-10-21T12:37:17.205123764Z,AAPL,0.0,0.0,-2.283714110023178,-0.0038887808671981337,-2.01215260484112,-0.06072567177774404,-1.0060362173038229,-0.10346611484738749,-0.7801833430856251,-0.09197516670498966,-0.5862936886530912
2024-10-21T12:37:17.205136424Z,AAPL,0.0,0.0,0.0,1.7050298380221653,0.0,0.0,0.0,0.0,0.0,0.0,0.17762952916365013
2024-10-21T12:37:19.163732276Z,AAPL,0.0,0.0,0.0,0.0,0.06827309236947791,0.644433703882713,3.6646816307833254,0.007820136852394917,0.7838526357044875,4.225649693640397,1.202825953951247
2024-10-21T12:37:19.163745804Z,AAPL,0.0,0.0,0.0,0.0,-0.7952286282306164,-0.11675824175824176,-0.8958566629339306,-2.9547553093259467,-0.008688097306689836,-0.8460236886632826,-0.5962347117510489
2024-10-21T12:37:19.224217636Z,AAPL,0.0,0.0,0.0,0.0,-0.8113590263691683,0.0,0.0,0.0,0.0,0.0,-0.06956453196210019
2024-10-21T12:37:24.436550463Z,AAPL,0.0,0.0,0.7390300230946882,4.172139647424818,0.004230118443316413,3.393817204301075,0.08940545373267769,0.7017543859649122,0.15321756894790603,0.8247422680412371,1.2065826504640205
2024-10-21T12:37:25.366548710Z,AAPL,0.0,0.0,-2.2374640837890443,-0.0035845505869701584,-2.1138551695269987,-0.07182618064284432,-0.8746993221080254,-0.1,-1.170617500731636,-0.0825593395252838,-0.6125767472384991
2024-10-21T12:37:25.366561737Z,AAPL,0.0,0.0,0.0,1.3857613026156246,0.0,0.0,0.0,0.0,0.0,0.0,0.14436822290591486
2024-10-21T12:37:27.922279446Z,AAPL,0.0,0.0,0.7756823580743686,3.7899364157312188,0.004185413832792717,4.205704767853425,0.08383986585621463,0.6060606060606061,0.24803637866887143,0.827300930713547,1.2844618756621085
2024-10-21T12:37:36.585363105Z,AAPL,0.0,0.0,-2.348820238384821,-0.003193357815743254,-2.091746919333126,-0.09049773755656108,-0.8213552361396304,-0.08695652173913043,-2.0833333333333335,-0.08281573498964803,-0.6991526505204806
2024-10-21T12:37:36.585375675Z,AAPL,0.0,0.0,0.0,1.2769353551476457,0.0,0.0,0.0,0.0,0.0,0.0,0.13303076629462832
2024-10-21T12:37:36.952501284Z,AAPL,0.0,0.0,0.8001600320064013,3.6742770167427703,0.004202122071646181,4.2535270583280695,0.09569377990430622,0.5139406398560966,0.3665241295051925,0.970873786407767,1.307109645318204
2024-10-21T12:37:38.907567221Z,AAPL,0.0,0.0,0.0,0.0,-0.8697542944118287,0.0,0.0,0.0,0.0,0.0,-0.07457124213375821
2024-10-21T12:37:39.163653557Z,AAPL,0.0,0.0,0.4158652596558715,0.0,0.0,0.0,0.0,0.0,0.0,0.0,0.03824569900166666
2024-10-21T12:37:39.594538033Z,AAPL,0.0,0.0,0.0,0.0,-0.8527875493017801,0.0,0.0,0.0,0.0,0.0,-0.07311654249507599
2024-10-21T12:37:42.591822605Z,AAPL,0.0,0.0,-2.4329772223342068,-0.0031877590054191903,-2.043500252908447,-0.08727907484180668,-1.1173184357541899,-0.06992192052208367,-2.779708130646282,-0.12048192771084337,-0.7986632156014166
2024-10-21T12:37:42.591835289Z,AAPL,0.0,0.0,0.7600589045651038,0.0,0.0,0.0,0.0,0.0,0.0,0.0,0.06990000586148512
2024-10-21T12:37:47.411231127Z,AAPL,0.6666666666666666,0.025624599615631006,0.16061031921300942,4.96447327772629,0.004046535154274153,4.407593279511237,0.11173184357541899,0.46614613681389117,0.4169562195969423,1.2048192771084338,1.473406130032746
2024-10-21T12:37:48.676986240Z,AAPL,-11.707317073170733,-0.05398110661268556,-0.004284719618659954,-0.3585936405659056,-0.017419706042460535,-1.5206234556168028,-0.1995890813031993,-0.4781257470714798,-9.12721049629207,-0.012080942313500452,-1.6406961861196918
2024-10-21T12:37:48.750455978Z,AAPL,0.0,0.0,0.0,0.0,0.0,0.12925299372742824,1.174053419430584,1.9125029882859192,0.022818026240730177,1.2080942313500451,0.5147284291136878
2024-10-21T12:37:48.750469059Z,AAPL,0.0,0.0,0.0,0.0,0.0,-1.3470281192119886,-0.21026592455163884,-0.49073733284259596,-7.740686985970005,-0.012113870381586917,-0.9584250369046978
2024-10-21T12:37:48.859269056Z,AAPL,0.0,0.0,0.0,0.0,0.0,-1.2090071029167295,0.0,0.0,0.0,0.0,-0.1716306422992479
2024-10-21T12:37:49.104334459Z,AAPL,0.0,0.0,0.0,0.0,0.0,0.0967420685730545,1.497566454511419,1.9002375296912113,0.01820664542558034,1.340931947703654,0.5616892014398122
2024-10-21T12:37:49.104346675Z,AAPL,0.0,0.0,0.0,0.0,0.0,-1.0380173867912288,-0.2722177742193755,-0.4875076173065204,-6.371963361210673,-0.013449899125756557,-0.7974204425825959
2024-10-21T12:37:49.160516949Z,AAPL,0.0,0.0,1.2944983818770226,-0.7458512026850644,0.0,0.0,0.0,0.0,0.0,0.0,0.04134799963244047
2024-10-21T12:37:50.467783433Z,AAPL,0.0,0.0,-1.342957864696995,0.0,0.0,0.0,0.0,0.0,0.0,0.0,-0.12350722036176962
2024-10-21T12:37:50.467796686Z,AAPL,0.0,0.0,0.0,0.6865184930919077,0.0,0.0,0.0,0.0,0.0,0.0,0.07152130359871677
2024-10-21T12:37:50.525418175Z,AAPL,0.0,0.0,0.0,0.0,0.0,-0.8061265618702136,0.0,0.0,0.0,0.0,-0.11443772270194713
2024-10-21T12:37:51.258156258Z,AAPL,0.0,0.0,0.0,0.0,0.0,0.06852075775896815,2.109704641350211,2.203856749311295,0.010384215991692628,1.4044943820224718,0.6573643734781656
2024-10-21T12:37:51.258169160Z,AAPL,0.0,0.0,0.0,0.0,0.0,-0.7545746085644218,-0.3946604759141033,-0.5677785663591199,-3.840614498319731,-0.014089468122578374,-0.5494295494315364
2024-10-21T12:37:51.310797013Z,AAPL,0.0,0.0,2.3337222870478413,-0.5751258087706685,0.0,0.0,0.0,0.0,0.0,0.0,0.15470797491737234
2024-10-21T12:37:54.120490249Z,AAPL,0.0,0.0,2.37741456166419,0.11932729238915614,13.833810888252149,0.0036499680627794504,10.295616717635067,0.062111801242236024,0.8058017727639001,0.22675736961451246,2.554031826973329
2024-10-21T12:37:54.459888299Z,AAPL,0.0,0.0,0.0,0.0,0.0,-0.7520210565895845,0.0,0.0,0.0,0.0,-0.10675690544219998
2024-10-21T12:37:57.227102986Z,AAPL,0.0,0.0,0.0,0.0,0.0,-0.7754192110109528,0.0,0.0,0.0,0.0,-0.11007850732714194
2024-10-21T12:38:00.262765699Z,AAPL,0.0,0.0,-0.49751243781094523,-1.9362342089432525,-0.0075272864132480246,-1.9238095238095239,-0.14798372179060304,-0.746268656716418,-0.0947717580161112,-1.835704451583295,-0.9083280808096565
2024-10-21T12:38:00.262778489Z,AAPL,0.0,0.0,0.0,0.628486134024668,8.29553264604811,0.0037474236462432075,6.677685950413223,0.0791295746785361,0.5943536404160475,0.28776978417266186,1.5468430674774734
2024-10-21T12:38:00.316954864Z,AAPL,0.0,0.0,4.075394803871625,-1.8022995371061667,-0.0078125,-1.7794221282593374,-0.1402524544179523,-0.8264462809917356,-0.08517887563884156,-1.9267822736030829,-0.4739705704289783
2024-10-21T12:38:00.336429148Z,AAPL,0.0,0.0,0.0,0.0,0.0,0.05990133897110641,1.402524544179523,3.3057851239669422,0.0056785917092561046,1.9267822736030829,0.7756387034270718
2024-10-21T12:38:00.336442519Z,AAPL,0.0,0.0,0.0,0.0,0.0,-0.704721634954193,-0.23842917251051896,-0.8264462809917356,-2.271436683702442,-0.01926782273603083,-0.41161714358127555
2024-10-21T12:38:00.442444353Z,AAPL,0.0,0.0,0.0,0.0,0.0,-0.693541395752059,0.0,0.0,0.0,0.0,-0.09845513308141512
2024-10-21T12:38:00.603243988Z,AAPL,0.0,0.0,0.0,0.0,0.0,-0.693541395752059,0.0,0.0,0.0,0.0,-0.09845513308141512
2024-10-21T12:38:01.201736475Z,AAPL,0.0,0.0,0.0,0.0,0.0,0.0,0.0,0.0,0.0,0.0,0.0
2024-10-21T12:38:01.201736475Z,AAPL,-0.08,-35.62152133580705,-6.96982820845965,-0.0017162962327297692,-3.7214443625644806,-0.03564109418159138,-1.440922190201729,-0.1444043321299639,-0.50460451621042,-0.22371364653243847,-4.376155951917699
2024-10-21T12:38:01.269398755Z,AAPL,0.0,-25.889967637540455,0.0,0.0,0.0,0.0,0.0,0.0,0.0,0.0,-2.303636582488444
2024-10-21T12:38:01.269411943Z,AAPL,0.0,0.0,0.0,0.7658067295266356,0.006743088334457181,1.882923191648024,0.13956734124214934,0.9828009828009828,0.07488766849725412,2.3557126030624262,0.8376695724859121
2024-10-21T12:38:01.547036937Z,AAPL,0.0,-25.37046768260641,-1.7580485660916383,-0.0020317976329557574,-3.1385954008701056,-0.03908922114726864,-1.3531799729364005,-0.15056461731493098,-0.49401012720760773,-0.24875621890547261,-2.9268340832146804
2024-10-21T12:38:02.096094950Z,AAPL,0.0,0.0,-0.8675848606441817,0.0,0.0,0.0,0.0,0.0,0.0,0.0,-0.07978879857879423
2024-10-21T12:38:02.402017086Z,AAPL,0.0,0.0,0.8384865318100828,0.0,0.0,0.0,0.0,0.0,0.0,0.0,0.07711272525888917
2024-10-21T12:38:02.465417465Z,AAPL,0.0,0.0,-0.8280716281958389,0.0,0.0,0.0,0.0,0.0,0.0,0.0,-0.07615490235949297
2024-10-21T12:38:02.465429218Z,AAPL,0.0,2.2449838641784763,-0.004174493842621582,-1.46727682138447,-0.05027020233756441,-0.46915317851278443,-0.1905972045743329,-1.1661807580174928,-0.0457351932311914,-3.5228182546036826,-0.7198802020335782
2024-10-21T12:38:13.050394683Z,AAPL,-0.3333333333333333,-0.1096516276413478,-0.008788311545644294,-0.006182858026122575,-0.6328800988875154,-0.02018927444794953,-2.398081534772182,-0.20316701523752614,-0.47387750266556095,-9.650180940892641,-1.9139121752617052
2024-10-21T12:38:13.124071363Z,AAPL,0.0,0.0,0.0,0.0,0.0,0.0,0.23893183415319746,1.1638056444573757,1.9159382109926955,0.022818026240730177,0.3130244788899762
2024-10-21T12:38:13.124084446Z,AAPL,0.0,0.0,0.0,0.0,0.0,0.0,-3.1508467900748327,-0.19744483159117307,-0.5024494410249969,-7.120605251446373,-1.506955367654816
2024-10-21T12:38:18.490902611Z,AAPL,0.0,-1.2085504947503587,0.0,0.0,0.0,0.0,0.0,0.0,0.0,0.0,-0.10753436120385666
2024-10-21T12:38:18.490913936Z,AAPL,0.0,0.0,0.9967605282830799,0.003198976327575176,3.673395162756865,0.05761198329252485,1.596806387225549,0.18275967103259214,0.5437737901033171,0.13114754098360656,0.6611426867322227
2024-10-21T12:38:20.985998839Z,AAPL,0.0,0.0,0.0,0.0,0.0,0.0,0.0,0.0,0.0,0.0,0.0
2024-10-21T12:38:20.985998839Z,AAPL,-30.8301404853129,-0.5026388539834129,-0.005217164471109951,-1.8114967267509643,-0.07914523149980214,-0.6498781478472786,-0.24281667341157426,-1.2812299807815504,-0.059250481410161454,-1.1419672982091875,-1.961505277651258
2024-10-21T12:38:20.986025309Z,AAPL,-0.014550745725718444,-0.009927405844760191,-0.13314840499306518,-0.007749685169040008,-0.015807152736613317,-0.8735710629585395,-0.06722689075630252,-2.7378507871321016,-0.10056196391600118,-1.0354646647683148,-0.586371071386459
2024-10-21T12:38:20.986183368Z,AAPL,0.0,-0.0024815435200694833,-2.7835193606173347,-0.044444444444444446,-0.775494377665762,-0.11322891111530478,-1.628001628001628,-0.1364256480218281,-0.6796416434970652,-1.0095911155981827,-0.7396122211923525
2024-10-21T12:38:20.986209570Z,AAPL,0.0,-0.24665474502065732,-0.021965952773201538,-0.12469151837901027,-0.015223596574690771,-0.01734981565820863,-1.926260346124906,-0.0582665695557174,-1.2560841576385617,-0.17094017094017094,-0.37773998855890667
2024-10-21T12:38:20.986221127Z,AAPL,0.0,-0.004902862045719189,0.0,0.0,0.0,0.0,0.0,0.0,0.0,0.0,-0.0004362466776913215
2024-10-21T12:38:20.986359911Z,AAPL,0.0,-0.30945905107283167,0.0,0.0,0.0,0.0,0.0,0.0,0.0,0.0,-0.027535035995945284
2024-10-21T12:38:20.986378447Z,AAPL,0.0,0.0,0.0,0.0,0.0,0.0,0.0,3.240178209801539,0.11752506049083995,0.9526077637532746,0.4770504565931579
2024-10-21T12:38:20.986396044Z,AAPL,-0.016242005887727135,0.0,0.0,0.0,0.0,0.0,0.0,0.0,0.0,0.0,-0.000681301221149387
2024-10-21T12:38:20.986433209Z,AAPL,0.0,0.0,0.0,0.0,0.0,0.0,2.250351617440225,0.2843998327059808,0.7680491551459294,3.342385627741801,0.8504690794008742
2024-10-21T12:38:20.986615985Z,AAPL,0.0,0.25783163594173003,0.0,0.0,0.0,0.0,0.0,0.0,0.0,0.0,0.022941333762695925
2024-10-21T12:38:20.986887376Z,AAPL,-0.3782785371259697,-0.013975263783103906,-0.8999653859466944,-0.038068046633357125,-0.2436548223350254,-0.04507042253521127,-0.021488047273704,-3.3361134278565467,-0.1496149614961496,-0.7319304666056725,-0.5875254360927766
2024-10-21T12:38:20.986924542Z,AAPL,0.0,0.0,0.0,0.0,0.0,0.0,2.048131080389145,0.2943722943722944,0.9400705052878966,2.6872690628149143,0.7429058086036883
2024-10-21T12:38:20.990315989Z,AAPL,0.0,0.0,0.012418503570319775,0.0,0.0,0.0,0.0,0.0,0.0,0.0,0.0011420871029106823
2024-10-21T12:38:21.053639879Z,AAPL,0.0,1.4951873656667602,0.006090133982947625,5.248116393868537,0.12539184952978055,3.3585222502099077,0.1404494382022472,1.8700327255726974,0.10914051841746249,0.6430868167202571,1.4756580234887362
2024-10-21T12:38:21.057112403Z,AAPL,0.0,-0.004407227853680035,-2.8063350930814117,-0.11918951132300357,-1.2594458438287153,-0.5434782608695652,-0.9180628873077806,-0.19521717911176184,-1.1686586985391767,-0.585480093676815,-0.7642207289929679
2024-10-21T12:38:21.064804647Z,AAPL,0.0,0.0,1.9445794846864366,0.0,0.0,0.0,0.0,0.0,0.0,0.0,0.17883629355738007
2024-10-21T12:38:21.064830997Z,AAPL,0.0,0.0,0.0,0.0,0.0,0.0,-1.629327902240326,0.0,0.0,0.0,-0.16170564843318835
2024-10-21T12:38:21.086105964Z,AAPL,0.0,0.008695652173913044,0.0,0.0,0.0,0.0,0.0,0.0,0.0,0.0,0.0007737214173792709
2024-10-21T12:38:21.116614965Z,AAPL,0.0,0.0,0.0,0.0,0.0,0.0,1.5399422521655437,0.0,0.0,0.0,0.15283440496765252
2024-10-21T12:38:21.116627916Z,AAPL,0.0,0.0,0.0,0.0,0.0,0.0,-2.9657089898053752,0.0,0.0,0.0,-0.294337250716202
2024-10-21T12:38:21.127620498Z,AAPL,0.0,0.0,0.0,0.0,0.0,0.0,-2.816901408450704,0.0,0.0,0.0,-0.2795685682418855
2024-10-21T12:38:21.712864469Z,AAPL,0.0,0.0,-0.5802146794313896,0.0,0.0,0.0,0.0,0.0,0.0,0.0,-0.053360350427550156
2024-10-21T12:38:21.828276411Z,AAPL,0.0,0.0,0.559753708368318,0.0,0.0,0.0,0.0,0.0,0.0,0.0,0.051478625223555945
2024-10-21T12:38:22.256456628Z,AAPL,0.0,0.0,-0.5473453749315819,0.0,0.0,0.0,0.0,0.0,0.0,0.0,-0.05033747343288599
2024-10-21T12:38:22.256482691Z,AAPL,0.0,0.0,0.5542085209560097,14.744525547445255,0.182648401826484,7.8431372549019605,0.0855188141391106,3.1847133757961785,0.10386912490262269,0.5036053565297013,3.123789970553986
2024-10-21T12:38:23.254687557Z,AAPL,0.0,0.0,0.0,0.0,0.0,0.0,0.0,0.0,0.0,0.0,0.0
2024-10-21T12:38:24.119784545Z,AAPL,0.0,0.0,0.5684644354437576,0.0,0.0,0.0,0.0,0.0,0.0,0.0,0.05227972086229387
2024-10-21T12:38:24.411319477Z,AAPL,0.0,0.0,-1.4228358103824752,-0.17391304347826086,-1.9267822736030829,-0.8823529411764706,-0.522056904202558,-0.36934441366574333,-1.1837503362927093,-0.4106776180698152,-0.6988829156931367
2024-10-21T12:38:24.411330476Z,AAPL,0.0,0.0,0.5707762557077626,7.2792792792792795,0.199203187250996,5.228758169934641,0.07715057220007715,3.4100596760443307,0.1105888858169754,0.4512820512820513,1.9912708584574728
2024-10-21T12:38:27.465707438Z,AAPL,0.0,0.0,0.5782435851102277,0.0,0.0,0.0,0.0,0.0,0.0,0.0,0.05317907565558812
2024-10-21T12:38:27.556753199Z,AAPL,0.0,0.0,-1.46027615123256,-0.12307692307692308,-2.0618556701030926,-0.7058823529411765,-0.4825090470446321,-0.37037037037037035,-1.2222222222222223,-0.3976143141153082,-0.6811238287267305
2024-10-21T12:38:27.556765455Z,AAPL,0.0,0.0,0.5914534969688009,5.393858477970627,0.21621621621621623,4.278074866310161,0.07138607971445568,3.4188034188034186,0.11428571428571428,0.4369414101290963,1.6615856608637347
2024-10-21T12:38:27.614000492Z,AAPL,0.0,0.0,-1.4934200798462223,-0.1068090787716956,-2.1621621621621623,-0.6417112299465241,-0.46484601975595585,-0.3418803418803419,-1.2571428571428571,-0.3972194637537239,-0.6805221538584905
2024-10-21T12:38:27.614012681Z,AAPL,0.0,0.0,0.5828779599271403,5.393858477970627,0.21621621621621623,4.278074866310161,0.06814310051107325,3.4188034188034186,0.11428571428571428,0.4369414101290963,1.660475142744167
2024-10-21T12:38:27.623739112Z,AAPL,0.0,0.0,0.0,0.0,0.0,-11.267605633802816,0.07965327398383507,2.978406552494415,4.324324324324325,0.004131804565644045,-0.9119533744823457
2024-10-21T12:38:28.193154770Z,AAPL,0.0,0.0,0.0,0.0,-7.729468599033816,10.631229235880399,0.0,0.0,0.0,0.0,0.8464978626797259
2024-10-21T12:38:28.732222683Z,AAPL,-0.06012325266796934,-22.857142857142858,-0.013461214874642437,-0.9562943593574897,-0.08163265306122448,-8.429423459244534,-0.010274852298998202,-0.42341220423412207,-1.0526315789473684,-1.7200602021070737,-3.7506869395020335
2024-10-21T12:38:28.732261256Z,AAPL,0.0,0.0,0.0,0.0,0.0,0.0,0.09292156326865264,2.2484541877459248,4.0,0.0044878267698866825,0.5887433648527116
2024-10-21T12:38:30.670563949Z,AAPL,0.0,11.922503725782414,0.0039884335427260945,0.0,0.0,0.0,0.0,0.0,0.0,0.0,1.0612068978920457
2024-10-21T12:38:30.672097186Z,AAPL,0.0,0.0,0.0,0.0,0.0,5.1069262687519945,0.0,0.0,0.0,0.0,0.724979227637487
2024-10-21T12:38:30.672110180Z,AAPL,0.0,0.0,0.0,0.0,0.0,0.0,-1.2704462442432904,-0.30699774266365687,-0.9302325581395349,-1.9643953345610805,-0.5513697025436134
2024-10-21T12:38:30.672237085Z,AAPL,0.0,0.0,0.0,0.0,0.0,0.0,0.11665808886601475,1.675041876046901,3.5555555555555554,0.005157297576070139,0.49540291267457837
2024-10-21T12:38:30.672248660Z,AAPL,0.0,0.0,0.0,0.0,0.0,0.0,-2.785515320334262,-0.2744148506860371,-0.9090909090909091,-2.0602626834921454,-0.7118729576010135
2024-10-21T12:38:31.614004753Z,AAPL,0.0,0.0,0.0,0.0,0.0,0.0,-2.8273546562996996,0.0,0.0,0.0,-0.280606020076676
2024-10-21T12:38:32.037724092Z,AAPL,0.0,3.0663089306247606,0.0,0.0,0.0,0.0,0.0,0.0,0.0,0.0,0.2728339225714562
2024-10-21T12:38:33.019264575Z,AAPL,0.0,-0.014635931211123308,-3.924616281328929,-0.0423728813559322,-3.225806451612903,-0.17045454545454544,-0.6963788300835655,-0.16142050040355124,-1.0,-0.5150656708730363,-0.9239685165903695
2024-10-21T12:38:33.019275921Z,AAPL,0.0,0.0,1.5926737009755125,2.112086992890004,0.32786885245901637,1.129305477131564,0.10445682451253482,1.6142050040355125,0.09090909090909091,0.56657223796034,0.8204718990095995
2024-10-21T12:38:33.943719177Z,AAPL,0.0,0.0,0.0,0.0,0.0,0.0,0.0,0.0,0.0,0.0,0.0
2024-10-21T12:38:33.943719177Z,AAPL,0.03132832080200501,0.0,0.0,0.0,0.0,0.0,0.0,0.0,0.0,0.0,0.001314124829562698
2024-10-21T12:38:33.943747947Z,AAPL,0.0,0.0,0.0,0.0,0.0,0.0,0.0,0.0,0.0,0.0,0.0
2024-10-21T12:38:33.943747947Z,AAPL,0.20135283938964918,0.049550944564880774,1.267013115565454,0.014643968515467693,0.9795918367346939,3.8314176245210727,0.13099595453669813,1.4593214155417729,3.5555555555555554,0.005414918099363747,1.2346735061815792
2024-10-21T12:38:33.943769475Z,AAPL,0.16446692159039514,10.886133032694476,0.010411244143675169,0.7532247434328219,13.694915254237289,0.08920606601248886,0.8174943797261394,0.2190580503833516,0.8179959100204499,0.05807200929152149,2.4270800478004078
2024-10-21T12:38:33.943773105Z,AAPL,0.0380359612724758,0.882223202470225,10.625,0.003769317753486619,5.079365079365079,3.7602382725241994,0.09049773755656108,1.3736263736263736,0.11776251226692837,0.6164278008938203,2.2779956132155257
2024-10-21T12:38:33.943783290Z,AAPL,0.0,0.8451299387280794,0.0,0.0,0.0,0.0,0.0,0.0,0.0,0.0,0.07519794041716979
2024-10-21T12:38:33.943793216Z,AAPL,0.06346458964373287,0.0,0.0,0.0,0.0,0.0,0.0,0.0,0.0,0.0,0.002662140546118878
2024-10-21T12:38:33.943807790Z,AAPL,0.0,0.25561580170410536,0.0,0.0,0.0,0.0,0.0,0.0,0.0,0.0,0.02274417334588949
2024-10-21T12:38:33.943810905Z,AAPL,0.0,-0.7733952049497292,0.0,0.0,0.0,0.09215340832091069,0.9720534629404617,4.736530491415039,0.007524454477050414,0.6956521739130435,0.612741164488294
2024-10-21T12:38:33.943823630Z,AAPL,0.0,-0.7874015748031497,0.0,0.0,0.0,0.0,0.0,0.0,0.0,0.0,-0.07006138818788674
2024-10-21T12:38:33.944141857Z,AAPL,0.0,0.0,0.0,0.0,0.0,-1.0584810796507014,-0.1623686723973257,-1.0875475802066341,-3.247412218388472,-0.00686224052153028,-0.5655661115228172
2024-10-21T12:38:33.944247536Z,AAPL,0.2591344908007256,0.48672566371681414,0.11667992574913816,6.1945085963561715,0.016764459346186086,1.0211896859841716,4.318084651560496,0.11148272017837235,0.7972892166633446,0.10463899546564354,1.3844194279203548
2024-10-21T12:38:33.944267088Z,AAPL,0.0,0.0,0.0,0.0,0.0,0.08578276775577141,0.7892659826361483,4.122648801855192,0.007987220447284345,0.7492039707810452,0.6113081143873351
2024-10-21T12:38:33.952228694Z,AAPL,-0.16475698344941211,-0.3333333333333333,-3.7721697007578716,-0.005165289256198347,-3.068661296509398,-2.4264264264264264,-0.0777302759424796,-0.9567089213106912,-0.13003901170351106,-0.7369196757553428,-1.2210266326885948
2024-10-21T12:38:33.952250005Z,AAPL,-0.07173718105486264,0.0,0.0,0.0,0.0,0.0,0.0,0.0,0.0,0.0,-0.0030091498175987903
2024-10-21T12:38:33.989609591Z,AAPL,0.0,0.0,0.0,0.0,0.0,-0.8598452278589854,-0.1527060408713227,-0.8607703894986013,-3.316062176165803,-0.00849437247823317,-0.5207768264362271
2024-10-21T12:38:34.050783040Z,AAPL,0.0,0.0,0.0,0.0,0.0,-0.7932573128408528,0.0,0.0,0.0,0.0,-0.1126108041739339
2024-10-21T12:38:34.050814299Z,AAPL,0.0,-11.580714799712162,-0.0024376866353830215,-1.3499831252109349,-5.516111414527581,-0.03825554705432288,-1.0863661053775122,-0.12453300124533001,-0.7380073800738007,-0.10495932826029913,-1.8526772749723899
2024-10-21T12:38:34.203768072Z,AAPL,-5.307244146421897,-0.009888751545117428,-0.4838807234016815,-3.48155808341951,-0.10863661053775123,-0.3692762186115214,-0.18187329493785998,-0.8161599673536013,-0.06993006993006994,-1.2895662368112544,-1.00083028029331
2024-10-21T12:38:34.505296009Z,AAPL,-0.08813484631486174,-1.2657601977750308,-0.00967761446803363,-0.8824543260944501,-0.043454644215100494,-0.08862629246676514,-4.849954531676266,-0.13874719445011222,-0.6993006993006993,-4.6893317702227435,-1.5272790320175789
2024-10-21T12:38:36.080592393Z,AAPL,0.0,1.885014137606032,0.0024488796375658137,0.0,0.0,0.0,0.0,0.0,0.0,0.0,0.16794993323360102
2024-10-21T12:38:36.293829552Z,AAPL,0.0,1.8005851901868106,0.0,0.0,0.0,0.0,0.0,0.0,0.0,0.0,0.16021240242829826
2024-10-21T12:38:36.493352133Z,AAPL,0.0,0.0,0.0,0.0,0.0,0.0,2.2975301550832854,0.0,0.0,0.0,0.2280226116619629
2024-10-21T12:38:36.493362781Z,AAPL,0.0,0.0,0.0,0.0,0.0,0.0,0.2001766264350898,0.8158270446665307,3.0018761726078798,0.010227563283047813,0.37104934629397757
2024-10-21T12:38:36.493424304Z,AAPL,0.008130081300813009,9.440750879937427,0.549563783746651,0.006173792251890724,5.8857808857808855,0.043015377997634156,1.1471178663607686,0.12453300124533001,0.7386888273314867,0.10468463752944254,1.611346002328879
2024-10-21T12:38:36.493836095Z,AAPL,0.0,0.0,0.0,0.0,0.0,0.0,-2.127659574468085,-0.14623655913978495,-0.7692307692307693,-3.87409200968523,-0.9093175049735568
2024-10-21T12:38:36.497532688Z,AAPL,-4.4886574934920045,-1.2560841576385617,-0.003306878306878307,-2.793527866131932,-0.11405759908753921,-0.5230809467765136,-0.1519756838905775,-0.8758484782132692,-0.08171603677221655,-0.9693765146508042,-0.9368989328910784
2024-10-21T12:38:36.552185914Z,AAPL,0.0,0.0,0.0,0.0,0.0,0.0,-1.8450184501845017,0.0,0.0,0.0,-0.18311225410677
2024-10-21T12:38:38.241994623Z,AAPL,0.0,-0.00619962802231866,-2.0321931589537225,-0.050050050050050046,-1.2590494176896443,-0.09399968666771111,-0.8463817181548878,-0.09972575417601595,-0.919732441471572,-0.7621951219512195,-0.6113688987310703
2024-10-21T12:38:38.242007311Z,AAPL,0.0,0.0,0.9081621069360881,2.34338747099768,0.13481631277384565,0.6683375104427736,0.11926058437686345,1.1025358324145533,0.08200082000820008,0.791651673263764,0.6862115719053186
2024-10-21T12:38:41.493738059Z,AAPL,0.0,0.0,1.041938004688721,0.0,0.0,0.0,0.0,0.0,0.0,0.0,0.09582345815252169
2024-10-21T12:38:41.521748296Z,AAPL,0.0,1.158580738595221,0.0053177346450412125,0.0,0.0,0.0,0.0,0.0,0.0,0.0,0.10357720787300044
2024-10-21T12:38:41.531759226Z,AAPL,0.0,0.0,0.0,0.0,0.0,0.0,1.6253555465258025,0.0,0.0,0.0,0.1613114046743102
2024-10-21T12:38:41.531773720Z,AAPL,0.0,0.0,0.0,0.0,0.0,0.0,-3.0610292710924045,0.0,0.0,0.0,-0.3037974875863611
2024-10-21T12:38:53.685919391Z,AAPL,-0.025220680958385876,-0.10460251046025106,-1.060041407867495,-0.017346053772766695,-2.099220992209922,-0.03792367859682389,-0.18619084561675717,-5.563282336578581,-0.15824994181987434,-0.5574136008918618,-0.9575961934761192
2024-10-21T12:38:53.685955694Z,AAPL,0.0,0.0,0.0,0.0,0.0,0.0,2.886002886002886,0.2434658073755818,1.0020040080160322,2.109426499670402,0.7349969344851928
2024-10-21T12:38:54.308447960Z,AAPL,0.0,-0.005118362124120281,-6.913073237508556,-0.04108041491219061,-1.6970725498515062,-0.21961932650073207,-0.6647831145088914,-0.15267175572519084,-1.161869553736467,-0.5010020040080161,-1.0820829964185972
2024-10-21T12:38:54.308461200Z,AAPL,0.0,0.0,2.5632809996795896,2.0115514837681734,0.2034587995930824,1.6488046166529267,0.09501187648456057,1.5255530129672006,0.1177509567265234,0.5186844276788872,0.947595690123455
2024-10-21T12:38:54.572377396Z,AAPL,0.0,0.0,2.5632809996795896,0.0,0.0,0.0,0.0,0.0,0.0,0.0,0.2357361460093116
2024-10-21T12:38:57.365590499Z,AAPL,0.0,0.0,2.4653312788906008,0.0,0.0,0.0,0.0,0.0,0.0,0.0,0.22672804674732253
2024-10-21T12:39:00.408882228Z,AAPL,0.0,0.0,0.0,0.0,0.0,0.0,0.0,0.0,-0.026675558519506506,-0.46609182008855743,-0.07635442400691315
2024-10-21T12:39:05.885844391Z,AAPL,0.0,0.0,0.0,0.0,0.0,0.0,0.0,0.0,0.0,0.0,0.0
2024-10-21T12:39:05.885844391Z,AAPL,0.014512471655328799,0.0,0.0,0.0,0.0,0.0,0.0,0.0,0.0,0.0,0.0006087526829517108
2024-10-21T12:39:05.885875693Z,AAPL,0.0,0.0,0.0,0.0,0.0,0.0,0.0,0.0,0.0,0.0,0.0
2024-10-21T12:39:05.885875693Z,AAPL,0.034424889194887905,1.249085142717736,0.03526559400484902,0.5158170461414467,0.07289293849658314,6.67779632721202,0.09449694274596998,0.03274662300450266,1.9851116625310175,1.8648018648018647,1.610902435339579
2024-10-21T12:39:05.885899748Z,AAPL,0.03783481663012167,1.3368983957219251,8.708513708513708,0.004029820672980053,4.232804232804233,6.1830425466789105,0.05777841976021956,1.5917230401910067,0.31088082901554404,0.461361014994233,2.424329993193581
2024-10-21T12:39:05.885911152Z,AAPL,0.0,1.3368983957219251,0.0,0.0,0.0,0.0,0.0,0.0,0.0,0.0,0.11895449598745475
2024-10-21T12:39:05.885912895Z,AAPL,0.0,-1.3831258644536653,0.0,0.0,0.0,0.0,0.0,0.0,0.0,0.0,-0.12306772198978722
2024-10-21T12:39:05.885925030Z,AAPL,0.0,-11.781356759394827,-0.0053676865271068165,-0.878348704435661,-7.5514018691588785,-0.07692307692307693,-0.670690811535882,-0.24262029923170236,-2.0725388601036268,-0.04672897196261682,-2.082760852001897
2024-10-21T12:39:05.885938282Z,AAPL,0.1484828921885087,0.0,0.0,0.0,0.0,0.0,0.0,0.0,0.0,0.0,0.006228391768055199
2024-10-21T12:39:05.885953008Z,AAPL,0.0,0.5137751303052867,5.845036319612591,0.004819857814194481,2.380952380952381,3.2232328067655973,0.07578628268283441,1.6963528413910092,0.2962962962962963,0.47337278106508873,1.5198548585643212
2024-10-21T12:39:05.886355387Z,AAPL,0.2444240757714635,0.6916207486224587,0.33141210374639773,5.36384846128208,0.011936735302894658,1.186415542043601,3.7511606313834727,0.17754105636928538,1.8912529550827424,0.0718132854578097,1.4016956708138932
2024-10-21T12:39:05.886369948Z,AAPL,0.0,0.0,0.0,0.0,0.0,0.0994733762434172,0.014091949973577593,1.7809439002671417,6.387225548902196,0.005088411143620405,0.7644871699647801
2024-10-21T12:39:05.886738012Z,AAPL,-0.25738933672747843,-0.5494724268365518,-5.0281191418454485,-0.0043482987281226225,-2.2650056625141564,-2.7923693668786287,-0.07584376185058779,-1.7174753112924002,-0.21352313167259787,-0.5367686527106816,-1.3922138295482118
2024-10-21T12:39:05.886757600Z,AAPL,-0.06762988011066708,0.0,0.0,0.0,0.0,0.0,0.0,0.0,0.0,0.0,-0.002836861421186932
2024-10-21T12:39:05.886783783Z,AAPL,0.0,0.0,0.0,0.0,0.0,-0.9693444807948626,-0.13994649104754064,-0.039721946375372394,-1.248829222603809,-2.1819173598799946,-0.6139557948317034
2024-10-21T12:39:05.981525319Z,AAPL,0.0,0.0,0.0,0.0,0.0,-0.8753692964219281,0.0,0.0,0.0,0.0,-0.12426742095350952
2024-10-21T12:39:05.993765456Z,AAPL,0.0,-7.465594556981598,-0.003327510190499959,-0.9554520482503285,-5.036150585888805,-0.04235044997353097,-0.9784735812133072,-0.30165912518853694,-1.2507817385866167,-0.05530208765380894,-1.4497318325963446
2024-10-21T12:39:06.136295194Z,AAPL,-5.013499480789201,-0.006083650190114068,-0.6724384298562662,-2.37730963869601,-0.10290712631849756,-0.406462757849812,-0.16194331983805668,-2.026342451874367,-0.12507817385866166,-0.6083229641918982,-0.9079242774469122
2024-10-21T12:39:13.360887776Z,AAPL,0.0,0.0,0.0,0.0,0.0,0.7970509116269802,0.0,0.0,0.0,0.0,0.1131493434386892
2024-10-21T12:39:13.360899450Z,AAPL,0.0,0.0,0.0,0.0,0.0,-1.5335953225342664,0.0,0.0,0.0,0.0,-0.21770918433703126
2024-10-21T12:39:17.310474885Z,AAPL,0.0,0.0,-1.7075232459847844,-0.04776689754000478,-1.1095700416088765,-0.055845122859270284,-1.5145778114350623,-0.2175095160413268,-1.2593016599885518,-0.51131279560271,-0.631020828396492
2024-10-21T12:39:17.310488922Z,AAPL,0.0,0.0,0.683410216982744,2.377029889385738,0.11490950876185003,0.3590664272890485,0.2657218777679362,2.1929824561403506,0.111358574610245,0.5416717961344332,0.7070694783425174
2024-10-21T12:39:18.976780060Z,AAPL,0.0,0.0,0.6907269901571403,0.0,0.0,0.0,0.0,0.0,0.0,0.0,0.06352378792048537
2024-10-21T12:39:20.364855444Z,AAPL,0.0,1.0937927262783702,0.003514012123341826,0.0,0.0,0.0,0.0,0.0,0.0,0.0,0.09764662034765646
2024-10-21T12:39:30.110092903Z,AAPL,0.0,-0.005544005544005544,-1.8912086883250634,-0.04634457189201715,-1.2281240405280933,-0.054318305268875614,-2.035623409669211,-0.2326934264107039,-1.1624834874504624,-0.4748901816454945,-0.6969039035152305
2024-10-21T12:39:30.110469895Z,AAPL,-0.006645622196378136,-0.11580775911986103,-0.5067801643076314,-0.018788163457022077,-1.5604998476074365,-0.015748031496062992,-6.562756357670221,-0.41362530413625304,-0.021152829190904283,-0.4924289055767574,-0.9667994123161276
2024-10-21T12:39:30.217424858Z,AAPL,0.0,0.0,0.8676789587852495,2.27068345323741,0.12441679626749612,0.42739608932578266,0.21231422505307854,2.4110910186859553,0.10872519706441969,0.5617260308949318,0.7423222663952255
2024-10-21T12:39:33.244552009Z,AAPL,0.0,0.0,0.8383108037304832,0.0,0.0,0.0,0.0,0.0,0.0,0.0,0.07709656415121677
2024-10-21T12:39:34.610960601Z,AAPL,0.0,0.0,0.8108655990269613,0.0,0.0,0.0,0.0,0.0,0.0,0.0,0.07457252297740337
2024-10-21T12:39:39.685061973Z,AAPL,0.0,0.0,-2.1748492678725238,-0.043749316416930986,-1.6019223067681219,-0.07632616715430607,-1.0269576379974326,-0.22421524663677128,-1.3333333333333333,-0.5607738679377542,-0.6854700335924563
2024-10-21T12:39:39.685074623Z,AAPL,0.0,0.0,0.8383108037304832,2.4287603703258385,0.1520912547528517,0.5431093007467753,0.1583949313621964,2.117522498676548,0.12853470437017994,0.6351039260969977,0.7543941064442715
2024-10-21T12:39:42.739238162Z,AAPL,0.0,2.1621621621621623,0.0041671007396603815,0.0,0.0,0.0,0.0,0.0,0.0,0.0,0.19276801879858235
2024-10-21T12:40:00.394502718Z,AAPL,0.0,0.0,0.0,0.0,0.0,0.0,0.0,0.0,1.7248814144027598,2.124551852343646,0.4923349109215307
2024-10-21T12:40:02.173786055Z,AAPL,0.0,0.0,0.0,0.0,0.0,0.0,0.16508861374119932,2.2062879205736348,6.9144338807260155,0.005304336294921098,0.8542276370968509
2024-10-21T12:40:02.173798644Z,AAPL,0.0,0.0,0.0,0.0,0.0,0.0,-3.5500332815620146,-0.37199124726477023,-1.7323516673884798,-2.1189246457422857,-0.8806451434473983
2024-10-21T12:40:02.229591880Z,AAPL,0.34182191078448126,-0.01113275814082939,-3.497835497835498,-0.04697040864255519,-1.5449980687524143,-0.12172854534388315,-0.8032128514056225,-0.22818026240730174,-1.8302828618968385,-0.5297311614355714,-0.8136723981130766
2024-10-21T12:40:06.958241000Z,AAPL,0.0,-0.1050328227571116,0.0,0.0,0.0,0.0,0.0,0.0,0.0,0.0,-0.009345606616922485
2024-10-21T12:40:16.999383849Z,AAPL,0.3375669859487742,14.24609029212157,0.006321112515802782,2.500618965090369,0.16447368421052633,0.9657170449058426,0.10442046641141664,2.249718785151856,0.16570008285004142,0.5758408585263709,2.029618001449015
2024-10-21T12:40:17.380243796Z,AAPL,-0.003528270265502337,-0.017901096442157084,-0.16907819866688342,-0.6338202525377569,-0.06578947368421052,-1.257985257985258,-0.02790859933717077,-7.352941176470589,-0.29172029172029174,-0.5448848930663397,-1.0985940669646563
2024-10-21T12:40:17.380284749Z,AAPL,0.0,0.0,0.0,0.0,0.0,0.0,2.6160889470241986,0.31036056595162026,1.716001716001716,2.1795395722653588,0.7901025315282622
2024-10-21T12:40:17.380598808Z,AAPL,0.0,0.0,0.0,0.0,0.0,4.120525366984291,0.11275078759741336,1.6813787305590584,6.321612011062821,0.00575373993095512,1.32961827477306
2024-10-21T12:40:17.408097402Z,AAPL,0.0,0.0,0.0,0.0,0.0,-2.1721422753190334,0.0,0.0,0.0,0.0,-0.3083573065691348
2024-10-21T12:40:21.749588745Z,AAPL,-2.4656554823553445,-0.00527495714097323,-3.58029067706487,-0.04951720722951226,-1.6447368421052633,-0.17657445556209533,-0.6540222367560496,-0.16096579476861167,-1.3618074899411945,-0.6510416666666667,-0.9108397993252728
2024-10-21T12:40:21.749600737Z,AAPL,0.0,1.0728174869250369,0.007062146892655367,2.500618965090369,0.16447368421052633,1.2507817385866167,0.09810333551340746,1.5485869144405728,0.11328235627301048,0.7658833768494343,0.8404399100824074
2024-10-21T12:40:21.804263239Z,AAPL,0.0,0.0,0.0,0.0,0.0,-2.594875121634771,0.0,0.0,0.0,0.0,-0.3683684593234263
2024-10-21T12:40:21.819271776Z,AAPL,0.0,0.0,0.0,0.0,0.0,0.21376925495127316,0.7084661707403471,4.932182490752158,0.011019283746556474,0.7454342154304883,0.699914322394963
2024-10-21T12:40:21.819284628Z,AAPL,0.0,0.0,0.0,0.0,0.0,-2.368966538347646,-0.1292038761162835,-1.2022843402464682,-3.972194637537239,-0.0075944560470856265,-0.8248227974018995
2024-10-21T12:40:21.827634639Z,AAPL,0.0,0.0,0.0,0.0,0.0,0.20058997050147492,0.8059641345960105,4.3126684636118595,0.009932952570151478,0.7594456047085627,0.6495557114394834
2024-10-21T12:40:21.827646959Z,AAPL,0.0,0.0,0.0,0.0,0.0,-4.226096143687268,-0.14847161572052403,-1.054574215660427,-3.615819209039548,-0.007739938080495357,-1.0439481024910509
2024-10-21T12:40:23.563340523Z,AAPL,0.0,0.0,0.0,0.0,0.0,0.0,0.0,0.0,0.0,0.0,0.0
2024-10-21T12:40:23.563340523Z,AAPL,0.004093118444614991,0.12037037037037036,1.7852161785216178,0.015712461946381224,8.820286659316427,0.1588785046728972,1.0493179433368311,3.679006668199586,0.008470986869970352,0.7875566056310298,1.543384304517958
2024-10-21T12:40:23.563363852Z,AAPL,0.21694326933506888,5.00155392106081,2.6084121291164006,0.004132658332472363,7.826423866718326,0.0951701165833928,1.1120378092855157,0.1291155584247902,0.8314279775514446,0.08033741715203857,1.589485895611481
2024-10-21T12:40:23.563369579Z,AAPL,0.02783738328597112,0.41845381316037245,11.298853264685233,0.8534243652656284,0.014064697609001408,4.371348193031811,0.12150668286755772,0.7952286282306164,0.1271994912020352,0.8567144998929107,2.0250188014974344
2024-10-21T12:40:23.563375890Z,AAPL,0.0,0.4181913225300575,0.0,0.0,0.0,0.0,0.0,0.0,0.0,0.0,0.03720981202242181
2024-10-21T12:40:23.563390255Z,AAPL,0.0,0.0,0.7171029042667624,4.941152389724696,2.241524236480807,0.00807591358772461,5.674157303370786,0.07113640405477503,0.927213722763097,0.137520055008022,1.449381449700953
2024-10-21T12:40:23.563405657Z,AAPL,0.0,-0.41339396444811904,0.0,0.0,0.0,0.0,0.0,0.0,0.0,0.0,-0.03678295287251598
2024-10-21T12:40:23.563407672Z,AAPL,0.0,-0.4092071611253197,-8.217872340425531,-0.7169743681663381,-0.009722897423432183,-3.703024747937672,-0.12213740458015267,-0.6173792251890724,-0.1495886312640239,-1.0875475802066341,-1.6516138539671676
2024-10-21T12:40:23.663450037Z,AAPL,-0.3343642898938394,-4.939130434782609,-1.317089232795522,-0.003754458419373005,-4.138496209793075,-0.07437709185570845,-1.3071895424836601,-0.08853474988933156,-0.9995002498750625,-0.12202562538133008,-1.1880705879666156
2024-10-21T12:40:23.663480945Z,AAPL,-3.722436391673092,-0.9099181073703366,-0.006476683937823834,-1.9183285849952516,-0.07580064430547659,-0.7594456047085627,-0.19011406844106463,-0.590231665928877,-0.10035122930255895,-1.342281879194631,-0.8501797419565649
2024-10-21T12:40:26.244122626Z,AAPL,0.5642942794667419,-0.005256241787122208,-2.9784724270126803,-0.040359196851982644,-0.694082942911678,-0.11831985801617037,-1.3600816048962936,-0.056577086280056574,-1.1035866566340606,-1.3477088948787062,-0.7848769810077924
2024-10-21T12:40:29.022903358Z,AAPL,0.0,0.0,0.0,0.0,0.0,0.0,0.0,0.0,0.0,0.0,0.0
2024-10-21T12:40:29.022903358Z,AAPL,0.0625940415287391,0.9573672400897533,0.020330368487928845,1.7642518469511523,0.1070528967254408,0.9053870529651425,4.473022085546548,0.0056409533211112676,1.146788990825688,5.640157924421883,1.8537886042062266
2024-10-21T12:40:29.022924599Z,AAPL,0.25753283543651817,8.180232558139535,0.0054466230936819175,2.0536803578690526,0.06374501992031872,0.9084714967067908,0.15483870967741936,0.5648121999435187,0.12953367875647667,1.0850801479654748,1.3417060321506922
2024-10-21T12:40:29.022930395Z,AAPL,0.061234430450212235,0.5792064871126557,6.448212648945922,0.004164931278633903,2.9780333185905943,0.09494422027059103,0.9210223347916187,0.08698173383589447,1.389854065323141,0.0898069151324652,1.1555770012642728
2024-10-21T12:40:29.022945958Z,AAPL,0.3005259203606311,0.0,0.0,0.0,0.0,0.0,0.0,0.0,0.0,0.0,0.012606120078028946
2024-10-21T12:40:29.022960110Z,AAPL,0.0,0.0,0.39258023358523897,5.336620519628296,0.0054832076764907475,4.477942806473066,0.07833920877399138,0.6334125098970704,0.21645021645021645,0.7629219912263971,1.4381789068301147
2024-10-21T12:40:29.022972653Z,AAPL,0.0,-0.572737686139748,-4.863043290417351,-0.0038782237735117313,-2.5887479174676407,-0.09257116408238833,-0.7176175098672408,-0.0978633175664655,-1.5612802498048401,-0.07089684509039347,-0.9662062728391099
2024-10-21T12:40:29.123013019Z,AAPL,-0.08708560118753092,0.0,0.0,0.0,0.0,0.0,0.0,0.0,0.0,0.0,-0.0036529679181082986
2024-10-21T12:40:29.123043558Z,AAPL,0.0,-6.745774901114707,-0.0030923850019327404,-1.9509368360054085,-0.04805382027871216,-0.9965122072745392,-0.09460737937559129,-0.7209805335255949,-0.1631986944104447,-0.6831237385499146,-1.151973318335015
2024-10-21T12:40:29.273765083Z,AAPL,-6.08695652173913,-0.0048367593712212815,-1.5055526570768427,-0.03948277563912743,-0.4746647680075946,-0.16533480297602646,-0.5873715124816447,-0.07464079119238665,-1.9546868058640605,-0.5772005772005772,-0.7955620849164187
2024-10-21T12:40:30.031246441Z,AAPL,0.0253592561284869,0.0,0.0,0.0,0.0,0.0,0.0,0.0,0.0,0.0,0.001063741282154894
2024-10-21T12:40:37.175837697Z,AAPL,-0.014851944676506081,-0.11492601637695733,-0.36306906821727414,-0.015934667861766755,-2.07012550135852,-0.18722466960352424,-0.5559416261292565,-3.28879753340185,-0.016260162601626018,-0.5398110661268556,-0.7123128160461591
2024-10-21T12:40:40.431312990Z,AAPL,0.018573551263001486,6.811909949164851,0.003101736972704715,1.952445389522521,0.051692943913155855,1.2395413696932136,0.08333333333333333,0.8221993833504625,0.1629327902240326,0.5929919137466307,1.1880139372668148
2024-10-21T12:40:41.079843018Z,AAPL,0.0,-0.021123785382340516,0.0,0.0,0.0,0.0,0.0,0.0,0.0,0.0,-0.0018795513941406033
2024-10-21T12:40:43.053712683Z,AAPL,0.0,0.0,0.0,0.0,0.09478672985781991,1.3315579227696406,2.2808267997148968,0.00877963125548727,1.6266775111834078,2.5236593059936907,0.9711961474633414
2024-10-21T12:40:43.053725029Z,AAPL,0.0,0.0,0.0,0.0,-2.290950744558992,-0.2191427650660651,-0.6130268199233716,-3.4438226431338785,-0.016884761502743772,-0.49875311720698257,-0.704171725292932
2024-10-21T12:40:43.108858295Z,AAPL,0.0,0.6623064823246957,4.201183431952662,0.004420866489832007,2.697649572649573,0.15337423312883436,0.6046863189720333,0.131550098662574,1.6299918500407498,0.05044136191677175,0.9263407117129917
2024-10-21T12:40:43.193105037Z,AAPL,0.0,-3.9973505547276043,-0.0035420171787833173,-2.1147403685092128,-0.057200057200057206,-1.4825796886582654,-0.09188361408882083,-0.8609556607834696,-0.1692047377326565,-0.547945205479452,-0.9867605602061851
2024-10-21T12:40:43.193118012Z,AAPL,0.0,0.0,0.0,0.8651454525792148,2.697649572649573,0.15337423312883436,0.6046863189720333,0.131550098662574,1.6299918500407498,0.05044136191677175,0.5707116706146163
2024-10-21T12:40:45.077306659Z,AAPL,0.0,0.0,0.0,0.0,-2.027112631445585,0.0,0.0,0.0,0.0,0.0,-0.17380116182599975
2024-10-21T12:40:46.195504516Z,AAPL,0.0,0.0,0.0,0.8140836470947389,0.0,0.0,0.0,0.0,0.0,0.0,0.08481100547836026
2024-10-21T12:40:46.250031571Z,AAPL,0.0,0.0,0.0,-0.8315143955929737,0.0,0.0,0.0,0.0,0.0,0.0,-0.08662693595632952
2024-10-21T12:40:46.250043946Z,AAPL,0.0,0.0,0.7820901358881611,-2.18970189701897,-0.04224310909282923,-1.6481252575195715,-0.09975062344139651,-0.744324525493115,-0.17969451931716082,-0.641399416909621,-0.5940632668825692
2024-10-21T12:40:48.678914166Z,AAPL,0.0,0.0,-0.8941544651838604,0.0,0.0,0.0,0.0,0.0,0.0,0.0,-0.08223231381413453
2024-10-21T12:40:48.678925835Z,AAPL,0.0,0.0,0.0,1.713796058269066,2.0739219712525667,0.1701403658017865,0.7504690431519699,0.09589260028767779,2.0639834881320946,0.06493506493506493,0.6603834757569872
2024-10-21T12:40:49.116948486Z,AAPL,0.0,0.0,0.0,-1.034527350316824,0.0,0.0,0.0,0.0,0.0,0.0,-0.10777676850327769
2024-10-21T12:40:51.221298867Z,AAPL,0.0,0.0,0.0,1.0615711252653928,0.0,0.0,0.0,0.0,0.0,0.0,0.11059418137418343
2024-10-21T12:40:51.681330922Z,AAPL,0.0,0.0,0.0,1.0611486934606713,0.0,0.0,0.0,0.0,0.0,0.0,0.11055017254753235
2024-10-21T12:40:51.735734347Z,AAPL,0.0,0.0,0.0,-1.16993272886809,0.0,0.0,0.0,0.0,0.0,0.0,-0.12188326277213313
2024-10-21T12:40:51.735746270Z,AAPL,0.0,0.0,1.5779092702169626,-2.9119215799336886,-0.031836994587710915,-2.785515320334262,-0.15306122448979592,-0.4894762604013705,-0.26350461133069825,-1.1055276381909547,-0.8183615197109574
2024-10-21T12:40:53.780616919Z,AAPL,0.0,0.0,-1.7057569296375266,0.0,0.0,0.0,0.0,0.0,0.0,0.0,-0.15687260377293424
2024-10-21T12:40:53.780629438Z,AAPL,0.0,0.0,0.0,1.1071132023249377,1.523148846327854,0.2791346824842987,1.1315417256011315,0.06923609508423725,3.0557677616501144,0.11428571428571428,0.6977458880134795
2024-10-21T12:40:54.935490253Z,AAPL,0.0,0.0,0.0,1.1234377194214296,0.0,0.0,0.0,0.0,0.0,0.0,0.11703942575984361
2024-10-21T12:40:56.836324617Z,AAPL,0.0,0.0,0.0,-1.1737089201877935,0.0,0.0,0.0,0.0,0.0,0.0,-0.12227666532216057
2024-10-21T12:40:56.836337009Z,AAPL,0.0,0.3328756293429867,0.0,-2.9636150234741785,-0.027331738981892725,-3.4188034188034186,-0.1762114537444934,-0.44969083754918493,-0.28776978417266186,-1.5172413793103448,-1.0946937610474823
2024-10-21T12:41:00.787986040Z,AAPL,0.0,0.0,0.0,0.0,0.0,0.0,-0.02419110976716057,-0.4653868528214078,-8.943543879262158,-0.014280614066404854,-0.8548661557707053
2024-10-21T12:41:02.958639135Z,AAPL,0.0,0.0,0.0,0.0,0.0,0.0,0.0,0.0,0.0,0.0,0.0
2024-10-21T12:41:02.958639135Z,AAPL,4.975124378109452,0.20044630622871235,0.05602240896358543,2.0736132711249353,0.04942938140582976,0.0642570281124498,1.2804097311139566,1.909307875894988,0.019065776930409912,1.4275517487508922,1.0021740803690344
2024-10-21T12:41:02.958662045Z,AAPL,12.618296529968454,0.008181966944853543,13.60077332044466,0.005054972829521042,1.5103933004336771,0.3252032520325203,1.2804097311139566,0.07159904534606205,1.9065776930409912,0.14275517487508924,2.2853183676676543
2024-10-21T12:41:02.958679653Z,AAPL,-0.591715976331361,-2.2742150563704695,-0.009965122072745391,-2.345019735314604,-0.03201024327784891,-3.0651340996168583,-0.19743336623889438,-0.47253396337861786,-0.199203187250996,-1.5161957270847692,-1.2343460471960566
2024-10-21T12:41:02.959797070Z,AAPL,8.714596949891067,0.0,0.0,0.0,0.0,0.0,0.0,0.0,0.0,0.0,0.36555001794894393
2024-10-21T12:41:07.396314590Z,AAPL,0.0,0.0,0.0,-1.6299918500407498,0.0,0.0,0.0,0.0,0.0,0.0,-0.16981209267234032
2024-10-21T12:41:24.040771450Z,AAPL,0.0,-0.3142677561282213,0.0,0.0,0.0,0.0,0.0,0.0,0.0,0.0,-0.027962904776435
2024-10-21T12:41:24.040783567Z,AAPL,0.0,0.0,2.2746659084446974,0.003958828186856691,1.9295061610469002,0.299625468164794,1.3540961408259988,0.07017543859649122,2.0855057351407713,0.13324450366422386,0.7676268914135915
2024-10-21T12:41:24.096538706Z,AAPL,0.0,0.0,0.0,-1.584001584001584,0.0,0.0,0.0,0.0,0.0,0.0,-0.16502083968633727
2024-10-21T12:41:33.732685313Z,AAPL,0.0,0.0,0.0,-1.553699747523791,0.0,0.0,0.0,0.0,0.0,0.0,-0.16186400288130634
2024-10-21T12:41:36.846722252Z,AAPL,0.0,0.0,2.1378941742383755,0.0,0.0,0.0,0.0,0.0,0.0,0.0,0.19661478131882995
2024-10-21T12:41:37.867616118Z,AAPL,0.0,0.0,0.0,0.0,0.0,0.0,0.0,0.0,0.0,0.0,0.0
2024-10-21T12:41:37.867616118Z,AAPL,-0.1406469760900141,0.0,0.0,0.0,0.0,0.0,0.0,0.0,0.0,0.0,-0.005899699656770932
2024-10-21T12:41:37.867616118Z,AAPL,-18.253308128544422,-0.31783869686134286,-0.011210762331838564,-1.8222823635543528,-0.04895361644841512,-3.21285140562249,-0.20311442112389982,-0.4678362573099415,-0.20855057351407716,-1.4656895403064625,-1.7621328661688684
2024-10-21T12:41:37.867639685Z,AAPL,-1.0144559979710879,-0.041385589537722964,-1.4349775784753362,-0.014433919711321606,-1.958144657936605,-0.5461847389558233,-0.028011204481792715,-0.48484848484848486,-6.905481225722918,-0.013778849466069583,-1.0987698910324855
2024-10-21T12:41:37.867644597Z,AAPL,-0.7782974742750234,0.0,0.0,0.0,0.0,0.0,0.0,0.0,0.0,0.0,-0.03264713874052533
2024-10-21T12:41:37.867652188Z,AAPL,-0.5841974587410544,0.0,0.0,0.0,0.0,0.0,0.0,0.0,0.0,0.0,-0.02450525167789766
2024-10-21T12:41:37.867653690Z,AAPL,-0.4734288081429755,0.0,0.0,0.0,0.0,0.0,0.0,0.0,0.0,0.0,-0.01985885409380581
2024-10-21T12:41:37.867677809Z,AAPL,0.0,-0.0020267531414673696,-4.960707269155207,-0.03538257408226449,-0.5903187721369539,-0.4195804195804196,-1.7436791630340016,-0.05544005544005544,-1.1755276516163504,-1.4301036825169826,-1.0814194379622044
2024-10-21T12:41:37.867682285Z,AAPL,0.3462304163420757,0.0,0.0,0.0,0.0,0.0,0.0,0.0,0.0,0.0,0.014523280380729274
2024-10-21T12:41:37.867702926Z,AAPL,0.3087610961018912,0.0,0.0,0.0,0.0,0.0,0.0,0.0,0.0,0.0,0.012951559879472427
2024-10-21T12:41:37.867737436Z,AAPL,0.2809778027535825,0.0,0.0,0.0,0.0,0.0,0.0,0.0,0.0,0.0,0.011786137836370138
2024-10-21T12:41:37.867893701Z,AAPL,0.26106252447461165,0.0,0.0,0.0,0.0,0.0,0.0,0.0,0.0,0.0,0.010950754355734582
2024-10-21T12:41:37.868002083Z,AAPL,-0.30785881787024233,0.0,0.0,0.0,0.0,0.0,0.0,0.0,0.0,0.0,-0.012913712136694339
2024-10-21T12:41:37.870051229Z,AAPL,-0.2870598788966136,-0.4259094942324756,-0.16439256945586062,-0.6938609567692099,-0.020108080935025762,-11.011699931176874,-0.29035012809564475,-0.014646649578908823,-0.7208506037123806,-5.633802816901408,-2.6913068126441795
2024-10-21T12:41:37.872277341Z,AAPL,0.0,0.0,0.0,0.0,0.0,0.4916847433116413,0.034349506225848,0.7886435331230284,2.6455026455026456,0.014646649578908823,0.39037360273703603
2024-10-21T12:41:37.872417981Z,AAPL,0.0,0.0,0.0,0.0,0.0,0.0,0.0,0.0,0.0,0.0,0.0
2024-10-21T12:41:37.872417981Z,AAPL,0.24609648100675832,0.11786892975011787,0.6770695583179053,0.029314767314034446,0.08824292758889177,0.060698027314112286,1.7271157167530224,3.420996365191362,0.006100350770169284,1.4749262536873158,0.8412198365215514
2024-10-21T12:41:37.872438670Z,AAPL,0.18555457623973654,5.760649087221095,0.005342593829304127,3.629177146963708,0.055470808487033695,2.840909090909091,0.2689376961004034,0.8399832003359933,0.06185248183083346,1.5647226173541964,1.6692571498670135
2024-10-21T12:41:37.872439572Z,AAPL,0.0073885938582313555,0.0,0.0,0.0,0.0,0.0,0.0,0.0,0.0,0.0,0.00030992834585742837
2024-10-21T12:41:37.872443112Z,AAPL,0.0,0.5659309564233164,5.651410511529908,0.007578628268283441,3.0077427039904703,0.26702269692923897,1.8639328984156571,0.12378791004745203,0.6272541947624274,0.13736263736263737,1.141954319948929
2024-10-21T12:41:37.872449092Z,AAPL,0.0,0.0,0.22548443922489725,7.930354796320631,0.00643915003219575,10.135474159558454,0.19455252918287938,0.8110300081103001,0.09535918626827718,1.3324450366422385,2.6045371038416762
2024-10-21T12:41:37.872453115Z,AAPL,-0.36274598712251743,-0.4177545691906005,-5.005183495749534,-0.007027406886858749,-3.2517707662588538,-0.2007024586051179,-1.9455252918287937,-0.12165450121654502,-0.6357279084551811,-0.13324450366422386,-1.1040043469215597
2024-10-21T12:41:37.872464745Z,AAPL,-0.19002375296912113,0.0,0.0,0.0,0.0,0.0,0.0,0.0,0.0,0.0,-0.007970900628910465
2024-10-21T12:41:37.872736622Z,AAPL,-0.09639038104322506,-9.027673896783845,-0.003644314868804665,-4.215358931552588,-0.06325110689437065,-2.11864406779661,-0.2679767753461367,-0.7771517388770157,-0.06685609226140733,-1.4661779406864377,-1.8938611227553612
2024-10-21T12:41:37.948619585Z,AAPL,0.0,0.0,0.0,1.7829284599955426,3.1385954008701056,0.2243409983174425,1.6515276630883569,0.11189854531891084,0.7049700387733522,0.13333333333333333,0.7460910003391522
2024-10-21T12:41:37.957880869Z,AAPL,0.0,0.0,0.0,1.8256503879507076,0.0,0.0,0.0,0.0,0.0,0.0,0.1901957441432785
2024-10-21T12:41:37.973766387Z,AAPL,-2.8278568499970715,-0.005584252408208852,-1.4065934065934067,-4.609767229575536,-0.064882400648824,-2.4052916416115453,-0.22197558268590453,-0.6806193636208949,-0.08054772452678212,-1.420271142672692,-1.3966050932553227
2024-10-21T12:41:37.973822964Z,AAPL,0.0,0.0,0.0,0.0,-2.633744855967078,-0.3890160183066361,-0.030557677616501144,-0.6703536115300821,-3.2881216605014383,-0.01287001287001287,-0.6472766542246271
2024-10-21T12:41:39.067873779Z,AAPL,0.0,0.0,-0.729594163246694,0.0,0.0,0.0,0.0,0.0,0.0,0.0,-0.06709826828044338
2024-10-21T12:41:39.067885587Z,AAPL,0.0,0.0,-1.8422252621979025,-0.07446016381236038,-0.6683375104427736,-0.3273322422258592,-1.5791551519936833,-0.06603929337956084,-0.9232060428031892,-1.2828736369467606,-0.730741459425885
2024-10-21T12:41:39.067896733Z,AAPL,0.0,0.0,1.4732965009208103,3.442986193966252,0.06785411365564037,2.0855057351407713,0.24509803921568626,0.6507239303725394,0.08572653236176596,1.4066496163682864,1.1146162883860504
2024-10-21T12:41:40.032433370Z,AAPL,0.0,0.0,0.0,0.0,-1.4272970561998215,0.0,0.0,0.0,0.0,0.0,-0.12237400270228509
2024-10-21T12:41:44.073298694Z,AAPL,0.0,0.0,-1.8781961878196187,-0.06287331027978622,-0.7400555041628122,-0.29955067398901647,-1.6927634363097757,-0.0641333974667308,-0.9636443276390714,-1.2746972594008923,-0.7484794357197561
2024-10-21T12:41:44.073310878Z,AAPL,0.0,0.0,0.0,2.4140012070006036,0.07258210851025222,2.346041055718475,0.26513477684489617,0.622568093385214,0.0839278220730172,1.600582029829029,0.9391713021656208
2024-10-21T12:41:47.949975113Z,AAPL,0.0,0.0,0.0,0.0,0.12513801987486198,0.04507042253521127,1.757469244288225,2.347762289068232,0.009374267635340989,1.3995801259622114,0.6429401031370311
2024-10-21T12:41:47.949987830Z,AAPL,0.0,0.0,0.0,0.0,-2.7874564459930316,-0.3655913978494624,-0.03651300775901415,-0.5792903692976105,-3.8396928245740343,-0.01394700139470014,-0.6986709697147251
2024-10-21T12:41:49.849454965Z,AAPL,0.0,0.0,0.0,0.0,0.0,0.0,0.0,0.0,0.0,0.0,0.0
2024-10-21T12:41:49.849454965Z,AAPL,0.15803138051698837,0.0,0.0,0.0,0.0,0.0,0.0,0.0,0.0,0.0,0.006628920914719251
2024-10-21T12:41:49.849491539Z,AAPL,0.0,0.0,0.0,0.0,0.0,0.0,0.0,0.0,0.0,0.0,0.0
2024-10-21T12:41:49.849491539Z,AAPL,0.05060984867655245,1.1547135769057286,0.014227280810955008,1.9668100799016595,0.10786802030456853,0.038461538461538464,2.3161551823972206,2.588996763754045,0.007730962504831852,1.4919806042521446,1.045035511804945
2024-10-21T12:41:49.849513942Z,AAPL,0.2035002035002035,8.55421686746988,0.0036117381489841984,2.5801507216758206,2.3869908995971953,0.25236593059936907,2.2014309301045683,0.09844134536505332,0.7606008746910059,0.15438054805094556,1.6003004448702631
2024-10-21T12:41:49.849516947Z,AAPL,0.0,0.1538192623667191,4.408729796365629,0.004863221884498481,3.0135760107414593,8.10126582278481,0.23161551823972207,0.6472491909385113,0.11596443757247778,1.4919806042521446,2.161224648271281
2024-10-21T12:41:49.849522698Z,AAPL,0.0,0.0,0.0,0.9500059375371096,0.0,0.0,0.0,0.0,0.0,0.0,0.09897135148270353
2024-10-21T12:41:49.849526401Z,AAPL,0.0,0.5355648535564853,0.37030179596371043,5.18081339199485,0.005975500448162534,7.292418772563177,7.9129574678536105,0.06477732793522267,0.7723498744931454,0.22421524663677128,2.5539149233588523
2024-10-21T12:41:49.849539343Z,AAPL,0.0,0.0,-0.23833907457406203,0.0,0.0,0.0,0.0,0.0,0.0,0.0,-0.021919225746431407
2024-10-21T12:41:49.849546854Z,AAPL,0.0,0.0,0.3732736095558044,0.24658062030437294,7.005223447475333,0.012285012285012284,7.407407407407407,2.440884820747521,0.07860090391039497,1.443522194153735,1.8711934612568029
2024-10-21T12:41:49.849557265Z,AAPL,-0.19139820842374675,-1.357773251866938,-0.24960998439937598,-4.280141843971631,-0.005811419439198024,-5.517618137121005,-5.141388174807198,-0.061871616395978345,-0.7723498744931454,-0.22421524663677128,-2.0028535543413133
2024-10-21T12:41:49.849565635Z,AAPL,0.0,-0.8226221079691517,-4.413566139500868,-0.003645643456069996,-2.8877769835596854,-4.054738976178408,-0.12480499219968799,-0.5912786400591279,-0.12539184952978055,-1.4466546112115732,-1.6134297561402695
2024-10-21T12:41:49.849576958Z,AAPL,-0.05676320712120235,0.0,0.0,0.0,0.0,0.0,0.0,0.0,0.0,0.0,-0.0023810385610839426
2024-10-21T12:41:49.849586071Z,AAPL,0.0,0.0,0.0,0.06374203224596926,0.011245431543435479,0.8512449457331348,4.437049362174154,0.005668934240362812,1.0010010010010009,5.964807634953773,1.605872825636263
2024-10-21T12:41:49.849970156Z,AAPL,0.30658388901663214,0.7091412742382271,0.21440536013400335,4.241412632873583,0.005963918294319368,3.894351262772315,3.645477329687856,0.0582495995340032,1.056524035921817,0.15970188980569605,1.5787952274269705
2024-10-21T12:41:49.850361832Z,AAPL,-0.216930768578934,-0.6779661016949152,-3.8247643191000558,-0.003672420124862284,-2.884066247858367,-2.872531418312388,-0.0836470096194061,-0.591016548463357,-0.17187052420509882,-0.9420631182289213,-1.3073769253178635
2024-10-21T12:41:49.938320730Z,AAPL,0.0,0.0,0.0,-0.7220868309414207,-0.0941046221976197,-0.013468013468013467,-0.8350730688935282,-2.235261246158145,-0.013346680013346681,-0.9205983889528193,-0.5328853219395124
2024-10-21T12:41:49.953764722Z,AAPL,0.0,-9.194439154446771,-0.00318142050425515,-1.7750439367311073,-2.1525628951970943,-0.06855184233076264,-0.8043434546551377,-0.08137800081378001,-1.4880952380952381,-0.09208103130755065,-1.4338925583110955
2024-10-21T12:41:49.953824187Z,AAPL,0.0,0.0,0.0,-0.6733439946132481,0.0,0.0,0.0,0.0,0.0,0.0,-0.07014878805116122
2024-10-21T12:41:50.099656448Z,AAPL,-6.065326633165829,-0.0060033018159988,-1.708823280602318,-1.303249979636719,-0.053763440860215055,-0.6980802792321117,-0.11636927851047323,-0.5271481286241434,-0.16813787305590583,-1.0131245682707806,-0.890323620446064
2024-10-21T12:41:54.605026768Z,AAPL,0.0,0.0,0.0,0.641385392447687,0.0,0.0,0.0,0.0,0.0,0.0,0.06681934986257086
2024-10-21T12:41:54.605038914Z,AAPL,0.0,0.0,0.0,-1.2432978475406014,0.0,0.0,0.0,0.0,0.0,0.0,-0.12952642020916097
2024-10-21T12:42:00.451273152Z,AAPL,0.0,0.0,0.0,0.0,0.0,0.6916825177243646,2.782608695652174,0.004944987019409074,3.1225604996096803,3.9682539682539684,1.2854978300480293
2024-10-21T12:42:01.205791497Z,AAPL,0.0,0.0,0.0,0.0,-0.006374501992031873,-0.11728182131769577,-0.6956521739130435,-1.9779948077636296,-0.0312256049960968,-0.7936507936507936,-0.40746715745444273
2024-10-21T12:42:01.410378914Z,AAPL,0.0,0.0,-0.6582736772813297,0.0031345505838100466,0.11554800339847068,0.6682258603407951,2.682313495389774,0.005144694533762058,3.10077519379845,3.6101083032490973,1.1631408989578964
2024-10-21T12:42:01.558207688Z,AAPL,0.0,0.0,0.6986289407038687,0.0,0.0,0.0,0.0,0.0,0.0,0.0,0.0642505031608647
2024-10-21T12:42:01.558220271Z,AAPL,0.0,0.0,0.0,-1.1976047904191616,-0.00819840131174421,-0.12365884706310239,-0.6374501992031872,-2.1691973969631237,-0.0290065264684554,-0.6711409395973155,-0.5264878503849498
2024-10-21T12:42:06.188932979Z,AAPL,0.0,0.0,1.3848018002423401,-0.0323546064870986,-0.8061265618702136,-0.11942675159235669,-0.6694560669456067,-0.05422993492407809,-3.167746580273578,-0.6617038875103392,-0.42388855533815006
2024-10-21T12:42:06.243954716Z,AAPL,0.0,0.0,1.3456686291000841,1.7030604502149904,0.08072653884964683,0.8631851532153647,0.1073345259391771,0.5357621216180016,0.30792917628945343,0.7166123778501629,0.6348479563415623
2024-10-21T12:42:10.521164045Z,AAPL,0.0,0.0,-1.642944286295242,-0.033313900224868825,-1.0438413361169103,-0.12867252841518337,-0.7714561234329798,-0.05652911249293386,-3.1451036454610435,-0.6514657980456026,-0.7308183271101887
2024-10-21T12:42:10.521177517Z,AAPL,0.0,0.0,1.218026796589525,0.0,0.0,0.0,0.0,0.0,0.0,0.0,0.11201773929583765
2024-10-21T12:42:11.086778743Z,AAPL,0.0,-1.452696568004358,0.0,0.0036968576709796672,0.19373219373219372,1.0253781081773903,3.0331753554502368,0.006072567177774404,2.495321272613849,3.018867924528302,1.0384967432921597
2024-10-21T12:42:11.425996730Z,AAPL,0.0,0.0,1.3303400681799284,1.8157303370786517,0.13266998341625208,1.0813733441470668,0.10752688172043011,0.6464124111182935,0.23571007660577492,0.6254442075337597,0.6704259007080224
2024-10-21T12:42:11.745252868Z,AAPL,0.445583156956667,6.909975669099756,0.003696516033638296,1.3903371567605145,6.666666666666667,0.12088244182532489,0.7054673721340388,0.09831230542356219,2.244668911335578,0.05759539236861051,1.6581994806056102
2024-10-21T12:42:11.816393127Z,AAPL,0.0,0.0,0.0,-1.8721037998146433,-0.13097576948264572,-1.3774104683195594,-0.11352885525070956,-0.6458905215565962,-0.2364066193853428,-0.625,-0.5963693317095692
2024-10-21T12:42:11.816406103Z,AAPL,0.0,0.0,0.0,1.3700976194553862,0.0,0.0,0.0,0.0,0.0,0.0,0.14273638479805556
2024-10-21T12:42:14.032586828Z,AAPL,0.0,-0.7132667617689016,0.0,0.0,0.0,0.0,0.0,0.0,0.0,0.0,-0.06346502353681609
2024-10-21T12:42:16.054252982Z,AAPL,0.0,0.700770847932726,0.0,0.0,0.0,0.0,0.0,0.0,0.0,0.0,0.062353162577866966
2024-10-21T12:42:16.818985957Z,AAPL,0.0,0.0,0.0,-1.3130898645876077,0.0,0.0,0.0,0.0,0.0,0.0,-0.13679733292340523
2024-10-21T12:42:16.818999497Z,AAPL,0.0,0.0,0.0,0.0,9.473060982830077,0.14357501794687724,0.62402496099844,0.12815036309269542,2.0120724346076457,0.045662100456621,1.095319091526713
2024-10-21T12:42:19.054770676Z,AAPL,0.0,-0.5468963631391851,0.0,0.0,0.0,0.0,0.0,0.0,0.0,0.0,-0.048661724363476155
2024-10-21T12:42:19.821163900Z,AAPL,-0.05137426149499101,-0.06356874960269532,-2.8703452025006797,-0.01390578828437337,-0.016306563391765186,-0.2500919455682236,-0.5813953488372093,-3.8901045465596886,-0.0176444640494045,-0.44642857142857145,-0.8188346602635993
2024-10-21T12:42:19.929575144Z,AAPL,0.0,0.0,1.1145165784341042,0.0,0.0,0.0,0.0,0.0,0.0,0.0,0.1024982601971387
2024-10-21T12:42:20.703092700Z,AAPL,0.0,0.0,0.0,1.412928293889085,-0.14149274849663956,-1.5710919088766693,-0.0900225056264066,-0.903546419697312,-0.17714791851195746,-0.5200945626477541,-0.283295471344271
2024-10-21T12:42:20.703225651Z,AAPL,0.0,0.0,1.2464942349641635,0.0,0.0,0.0,0.0,0.0,0.0,0.0,0.11463579178794978
2024-10-21T12:42:20.703237243Z,AAPL,0.0,0.0,0.0,0.0,-5.009392611145899,-0.01692047377326565,-0.11367435640254095,-0.8121827411167513,-6.506710044733631,-0.005290305515143499,-1.1086562275852683
2024-10-21T12:42:20.754943741Z,AAPL,0.0,0.0,1.3656538067599864,-1.3279110299609924,0.0,0.0,0.0,0.0,0.0,0.0,-0.012746909595919315
2024-10-21T12:42:23.772177586Z,AAPL,0.0,0.0,0.0,0.0,0.0,0.0,0.0,0.0,0.0,0.0,0.0
2024-10-21T12:42:23.772177586Z,AAPL,0.1177440244907571,0.21736361706644025,0.03150226422524119,1.317089232795522,0.01025115325474116,0.2813405047579644,0.6979584714709475,3.62400906002265,0.012670256572695597,0.5425200054252001,0.7143782859971911
2024-10-21T12:42:23.772200068Z,AAPL,0.5415651232060655,0.33678538351435544,8.351496280920255,0.6515925115487479,4.690039470629208,0.16583747927031509,0.6979584714709475,0.13574660633484162,1.271051795360661,0.054922422078813676,1.5198711593454093
2024-10-21T12:42:23.772203446Z,AAPL,0.006369426751592357,0.0,0.0,0.0,0.0,0.0,0.0,0.0,0.0,0.0,0.00026717748127160076
2024-10-21T12:42:23.772211976Z,AAPL,0.7584376185058779,0.0,0.0,0.0,0.0,0.0,0.0,0.0,0.0,0.0,0.03181408006040297
2024-10-21T12:42:23.772224573Z,AAPL,-1.966568338249754,0.0,0.0,0.0,0.0,0.0,0.0,0.0,0.0,0.0,-0.08249137573184133
2024-10-21T12:42:23.772481783Z,AAPL,0.041311644719855406,0.0,0.0,0.0,0.0,0.0,0.0,0.0,0.0,0.0,0.0017328939657997961
2024-10-21T12:42:23.772771136Z,AAPL,1.058761249338274,0.0,0.0,0.0,0.0,0.0,0.0,0.0,0.0,0.0,0.04441171472698922
2024-10-21T12:42:23.772877430Z,AAPL,-0.04349007882576787,0.0,0.0,0.0,0.0,0.0,0.0,0.0,0.0,0.0,-0.0018242724461926098
2024-10-21T12:42:23.872284029Z,AAPL,-0.011176306230790724,0.0,0.0,0.0,0.0,0.0,0.0,0.0,0.0,0.0,-0.00046881100374005386
2024-10-21T12:42:23.872761380Z,AAPL,-2.235261246158145,-2.5786465844148907,-0.6581532416502948,-1.5660128692146678,-0.0572655690765927,-2.7378507871321016,-0.15109544195416771,-0.5811419439198025,-0.14316392269148176,-1.1273379451703818,-1.2037623972576843
2024-10-21T12:42:26.754101871Z,AAPL,1.0872519706441968,0.0,0.0,0.0,0.0,0.0,0.0,0.0,0.0,0.0,0.04560681115481524
2024-10-21T12:42:26.765613859Z,AAPL,-1.0872519706441968,0.0,0.0,0.0,0.0,0.0,0.0,0.0,0.0,0.0,-0.04560681115481524
2024-10-21T12:42:30.983584342Z,AAPL,1.1176306230790725,0.47292504138094116,3.4929822022862105,0.5829466357308585,3.036680697534576,0.30721966205837176,1.3395847287340923,0.07348438456827924,1.661819692563357,0.14270424545130217,1.0872078451961285
2024-10-21T12:42:30.983588965Z,AAPL,1.1160714285714286,0.0,0.0,0.0,0.0,0.0,0.0,0.0,0.0,0.0,0.04681569705317112
2024-10-21T12:42:30.983623729Z,AAPL,0.0,0.0,0.0,0.0029461589452750973,0.0988659494038965,2.888086642599278,4.869141813755325,0.005150656708730363,1.596169193934557,6.2441461130190445,2.036921416768391
2024-10-21T12:42:30.983765496Z,AAPL,0.0,0.0,0.0,0.0,0.0,0.0,0.0,0.0,0.0,0.0,0.0
2024-10-21T12:42:30.983765496Z,AAPL,0.22352612461581448,0.0,0.0,0.0,0.0,0.0,0.0,0.0,0.0,0.0,0.009376220074801078
2024-10-21T12:42:30.983765496Z,AAPL,1.3886628695416328,0.013037809647979138,0.0021704921590970754,0.05927475592747559,0.49413218035824585,9.523809523809524,0.009696969696969697,0.5958587814687919,6.506180871828238,1.103230890464933,2.279696873481995
2024-10-21T12:42:30.983788140Z,AAPL,1.0825439783491204,0.711490572749911,0.43713458280968254,3.9615984245507505,1.006761833208114,8.132045088566828,0.09746588693957116,0.5958587814687919,0.1887385970430953,1.0253781081773903,2.049720455815742
2024-10-21T12:42:30.983791844Z,AAPL,0.011098779134295229,0.39541320680110714,0.4402135035492214,0.6725514922236234,5.4351007542496905,2.6943699731903488,4.412407164700743,0.060395591121848106,1.1872959335114277,0.1534526854219949,1.5696870532463376
2024-10-21T12:42:30.983802784Z,AAPL,0.0,0.44518642181413465,0.0,0.0,0.0,0.0,0.0,0.0,0.0,0.0,0.0396117809676644
2024-10-21T12:42:30.983848403Z,AAPL,0.0,-0.4565688848304988,0.0,0.0,0.0,0.0,0.0,0.0,0.0,0.0,-0.04062456934076756
2024-10-21T12:42:30.983906995Z,AAPL,0.0,-0.9262475396549728,-0.49538671125147066,-4.218067447143107,-0.7461716937354989,-4.105691056910569,-0.07864726700747149,-0.7001575354454753,-0.12317799219872716,-1.019108280254777,-1.4629593189986307
2024-10-21T12:42:30.984034903Z,AAPL,0.0,-0.4754546535124213,0.0,0.0,0.0,0.0,0.0,0.0,0.0,0.0,-0.04230498656774809
2024-10-21T12:42:30.984200479Z,AAPL,0.0,0.0,0.0,0.0,-0.7870142646335465,0.0,0.0,0.0,0.0,0.0,-0.06747725382649365
2024-10-21T12:42:31.054258517Z,AAPL,0.0,0.0,0.0,0.0,0.8032128514056225,0.0,0.0,0.0,0.0,0.0,0.0688660928861755
2024-10-21T12:42:31.083872223Z,AAPL,-1.0758472296933834,-1.02027802576202,-3.681000304971028,-0.6217135787194555,-2.00815190376777,-0.05039687539372559,-0.9049773755656109,-0.12583892617449663,-0.6049606775559588,-0.09489916963226572,-0.8901050879681818
2024-10-21T12:42:31.083896105Z,AAPL,-2.0408163265306123,-5.5341586428243925,-0.6640786321962501,-1.571617521201276,-0.041395011901065926,-0.4756242568370987,-0.141643059490085,-0.8785416209092906,-0.05697194131890044,-1.0185185185185186,-1.140184648032086
2024-10-21T12:42:31.083924688Z,AAPL,0.0,0.0,-1.391667391493433,-0.0031352876626430477,-0.0740418118466899,-0.4660375160200396,-3.594697820714446,-0.009436187780136825,-0.5689900426742532,-4.149377593360996,-1.2680812237954209
2024-10-21T12:42:33.976481607Z,AAPL,0.0,0.0,0.0,0.0,0.0,0.0,0.0,0.0,0.0,0.0,0.0
2024-10-21T12:42:36.344215669Z,AAPL,0.0,0.0,0.0,0.0,0.0,0.0,0.0,0.0,0.0,0.0,0.0
2024-10-21T12:42:36.344215669Z,AAPL,0.23218017181332715,0.0,0.0,0.0,0.0,0.0,0.0,0.0,0.0,0.0,0.009739230220487885
2024-10-21T12:42:36.344222466Z,AAPL,0.9122006841505131,0.8780594885303479,3.69084932344622,0.7203010213223436,2.184256055363322,0.044868199663488505,0.7078393204742524,0.22701475595913734,0.5386479935362241,0.06230529595015576,0.875218091360043
2024-10-21T12:42:36.344292494Z,AAPL,0.0,0.0,0.6025457558183325,0.0,0.0,0.0,0.0,0.0,0.0,0.0,0.05541406279242763
2024-10-21T12:42:36.344360943Z,AAPL,0.03771805752003772,0.8830996798763661,0.00301340967304505,0.06308562946469988,0.4279447951214293,1.7208001720800172,0.007204610951008645,1.7072129748186085,2.5236593059936907,0.6536964980544747,0.8656873785584408
2024-10-21T12:42:36.344373155Z,AAPL,1.8531387537641881,0.0044782803403493054,0.05117784300444043,0.36771465342893916,1.644398766700925,0.0043482987281226225,0.7616146230007615,7.037297677691766,0.5296343001261034,0.4208416833667335,1.1376311555491785
2024-10-21T12:42:36.344395418Z,AAPL,0.009494422027059102,0.07708876544609454,0.29888664723903463,1.4188170612751618,0.0041177681696520484,0.4348298728122622,3.736920777279521,1.4256619144602851,0.3192702394526796,0.4325883201153569,0.8516293534425663
2024-10-21T12:42:36.344594234Z,AAPL,-1.957905041605482,-4.9060054872472305,-0.6444373196537352,-1.6883985289200936,-0.043859649122807015,-0.4449883190566248,-0.1040582726326743,-1.3175230566534912,-0.054303556882975834,-0.7852935927181868,-1.0887820283453584
2024-10-21T12:42:36.358702428Z,AAPL,-1.8788163457022076,-0.0036883356385431073,-0.054430481069398864,-0.35257822829440283,-1.7336656192436883,-0.004886988393402566,-0.6814310051107325,-5.820721769499418,-0.602928509905254,-0.45234248788368336,-1.0303329549409685
2024-10-21T12:42:36.404131118Z,AAPL,-1.7663943475380879,0.0,0.0,0.0,0.0,0.0,0.0,0.0,0.0,0.0,-0.07409470445509617
2024-10-21T12:42:36.415666105Z,AAPL,0.008693762225603129,0.052432724188449374,0.317208564631245,1.2881410514451332,0.005685048322910745,0.5491488193300385,3.644314868804665,1.0445162894802287,0.42324487739334904,0.4229820232640113,0.8153867221419412
2024-10-21T12:42:36.453978311Z,AAPL,0.0,-0.5605381165919282,-0.05385285499326839,-0.3122804278241861,-2.6062876690014662,-0.00589622641509434,-0.7847753580537571,-4.433606739082244,-0.7679648930334614,-0.44002095337873226,-0.9599432988194044
2024-10-21T12:42:36.465458984Z,AAPL,0.0,0.0,0.6327612117377205,0.0034228991956186893,2.995699243660092,0.06791171477079797,0.7567158531971244,0.12432656444260257,0.7753440589261485,0.07149240393208221,0.4933607646725619
2024-10-21T12:42:38.411817639Z,AAPL,0.0,0.0,-0.0032102728731942215,-1.8252462275232673,-0.05837711617046117,-0.7864726700747149,-0.11131725417439703,-0.7654037504783773,-0.08405127127547804,-0.7909401402121158,-0.5256976616653993
2024-10-21T12:42:38.411830877Z,AAPL,0.0,0.0,0.641179770778232,0.0,0.0,0.0,0.0,0.0,0.0,0.0,0.05896710040034156
2024-10-21T12:42:38.411863606Z,AAPL,0.0,0.0,-0.6507239303725394,0.0,0.0,0.0,0.0,0.0,0.0,0.0,-0.05984484396413385
2024-10-21T12:42:38.415564347Z,AAPL,0.0,0.0,0.0,1.582434971812877,2.668428005284016,0.12991230919129587,0.70212392487274,0.09337068160597572,1.122334455667789,0.07330034817665383,0.6034958536808129
2024-10-21T12:42:39.481634033Z,AAPL,0.0,-0.3849299908579127,0.0,0.0,0.0,0.0,0.0,0.0,0.0,0.0,-0.03425028648361301
2024-10-21T12:42:40.604433391Z,AAPL,0.0,0.0,0.7592293821770902,-1.982724774244209,-0.04572473708276178,-1.6057808109193095,-0.10750761512273786,-0.5524861878453039,-0.12254901960784315,-0.9020090200902009,-0.5871980913483696
2024-10-21T12:42:42.254261471Z,AAPL,0.0,-0.3778040141676505,0.0,0.0,0.0,0.0,0.0,0.0,0.0,0.0,-0.03361623159333786
2024-10-21T12:42:43.909239345Z,AAPL,0.0,0.0,0.0,0.0,0.0,0.0,0.0,0.0,0.0,0.0,0.0
2024-10-21T12:43:00.284425512Z,AAPL,0.0,0.0,0.0,-0.007701935111196688,-0.4167969157028238,-6.170458927882761,-0.008729812309035356,-0.4797888928871296,-5.443658138268917,-1.1637572734829593,-1.6346281512745184
2024-10-21T12:43:02.784844745Z,AAPL,0.0,0.0,1.000250062515629,0.0039261876717707105,2.0867768595041323,0.13826477704804702,0.9562514941429596,0.07112375533428165,0.9818360333824252,0.12445550715619166,0.5008810653074235
2024-10-21T12:43:04.015686328Z,AAPL,0.0,0.0,-0.006052352852171282,-1.9250929190889166,-0.04315925766076824,-1.2183978068839476,-0.16220600162206003,-0.46403712296983757,-0.09124087591240876,-1.5073655361425147,-0.6864152655595797
2024-10-21T12:43:04.015699115Z,AAPL,0.0,0.0,1.423740879159993,0.0,0.0,0.0,0.0,0.0,0.0,0.0,0.1309365566284146
2024-10-21T12:43:05.959981783Z,AAPL,-1.1518560179977504,-0.0015392311540385578,-1.6680567139282734,-0.0618013269108425,-0.01015228426395939,-1.1229646266142617,-4.178636719770175,-0.004824508503196236,-0.9526077637532746,-5.624296962879639,-1.7618972412951304
2024-10-21T12:43:06.083701725Z,AAPL,0.0,0.0,0.1834367413002428,0.007333394444953708,0.5344735435595939,4.048582995951417,0.012326656394453005,0.47784016246565525,4.399472063352397,1.1348284247500675,1.2619293505111022
2024-10-21T12:43:06.083715131Z,AAPL,0.0,0.0,-2.101392172314158,-0.06460193805814175,-0.01068804275217101,-1.0121457489878543,-5.087440381558029,-0.00483851457602516,-0.8727907484180667,-4.829751267809708,-1.6948469463860771
2024-10-21T12:43:06.092775798Z,AAPL,0.0,0.0,0.17861833464670346,0.007671653241273495,0.5567153792623522,3.6773155596414617,0.013131976362442547,0.5084530316512011,4.017677782241864,1.0040640688501075,1.1586732675651765
2024-10-21T12:43:06.092788627Z,AAPL,0.0,0.0,-2.0050125313283207,-0.06573223779603674,-0.011787240312361868,-0.898876404494382,-4.781829049611476,-0.005428881650380022,-0.8043434546551377,-4.329004329004329,-1.5542295395802395
2024-10-21T12:43:06.106459675Z,AAPL,0.0,0.0,-1.8648018648018647,0.0,0.0,0.0,0.0,0.0,0.0,0.0,-0.17149941997553883
2024-10-21T12:43:06.158293160Z,AAPL,0.0,0.0,1.7885088307623518,0.0,0.0,0.0,0.0,0.0,0.0,0.0,0.16448301178069788
2024-10-21T12:43:06.158305704Z,AAPL,0.0,0.0,-3.294214535721639,0.0,0.0,0.0,0.0,0.0,0.0,0.0,-0.3029575918036078
2024-10-21T12:43:06.163468352Z,AAPL,0.0,-0.598175564528189,-0.007934933544931562,0.0,0.0,0.0,0.0,0.0,0.0,0.0,-0.05395419182065877
2024-10-21T12:43:07.470875000Z,AAPL,0.0,0.0,-1.6580310880829014,0.0,0.0,0.0,0.0,0.0,0.0,0.0,-0.15248342211296612
2024-10-21T12:43:07.577428252Z,AAPL,0.0,0.0,0.0,0.8208495793145906,4.21008753647353,0.08088978766430738,0.8428150021070374,0.12581253931641853,0.802407221664995,0.05521048999309869,0.6348310326625426
2024-10-21T12:43:08.751885580Z,AAPL,0.0,0.0,0.0,0.8279002380213185,0.0,0.0,0.0,0.0,0.0,0.0,0.08625041403661869
2024-10-21T12:43:08.806020808Z,AAPL,0.0,0.0,0.0,-0.8528784648187633,0.0,0.0,0.0,0.0,0.0,0.0,-0.08885263868185996
2024-10-21T12:43:08.806033885Z,AAPL,0.0,0.0,1.680672268907563,0.004549073126350506,0.0,0.0,0.0,0.0,0.0,0.0,0.1550395748768016
2024-10-21T12:43:09.027088703Z,AAPL,0.0,-0.5724917704308,0.0,0.0,0.0,0.0,0.0,0.0,0.0,0.0,-0.05093915156640398
2024-10-21T12:43:12.901407951Z,AAPL,0.0,0.0,-0.008835873647006848,-2.486765973162625,-0.105318588730911,-0.7604562737642585,-0.09351620947630922,-1.9011406844106464,-0.07782101167315175,-0.47670639219934996,-0.6538040929731385
2024-10-21T12:43:12.901420094Z,AAPL,0.0,0.0,0.0,1.0213200561726032,4.815256257449344,0.08213552361396304,0.5797101449275363,0.3125,0.8281573498964804,0.04199475065616798,0.7000551307626801
2024-10-21T12:43:12.919836141Z,AAPL,0.0,-0.5604595768530194,0.0,0.0,0.0,0.0,0.0,0.0,0.0,0.0,-0.049868551491448025
2024-10-21T12:43:13.063028062Z,AAPL,0.0,0.0,1.8691588785046729,-2.505581741503349,-0.1000250062515629,-0.936768149882904,-0.07794232268121591,-2.3228803716608595,-0.09925558312655088,-0.42656325739214734,-0.5410968657732442
2024-10-21T12:43:18.819511842Z,AAPL,0.0,0.0,-1.968503937007874,0.0,0.0,0.0,0.0,0.0,0.0,0.0,-0.18103654323205257
2024-10-21T12:43:18.890070389Z,AAPL,0.0,0.0,2.069857697283312,0.0,0.0,0.0,0.0,0.0,0.0,0.0,0.19035770030920093
2024-10-21T12:43:19.118949471Z,AAPL,-1.2062726176115801,-0.1737124245097374,-3.766478342749529,-0.004952947003467063,-0.17810371922472498,-0.022396416573348264,-0.4880429477794046,-8.320332813312532,-0.012775471095496645,-0.37365716954694067,-1.3499977547161046
2024-10-21T12:43:27.312017427Z,AAPL,0.3051571559353067,0.279778974610058,8.852218555188852,1.0366168127900979,4.66728280961183,0.1182033096926714,0.5011903270266884,0.2682163611980331,1.2812299807815504,0.039196472317491425,1.5741142479316232
2024-10-21T12:43:28.682580695Z,AAPL,0.0,0.0,0.0,-1.1032960970900565,0.0,0.0,0.0,0.0,0.0,0.0,-0.11494107720808804
2024-10-21T12:43:28.682593294Z,AAPL,0.0,0.0,0.0,0.0,1.6177957532861476,6.306587574149235,0.05089058524173028,1.403016485443704,0.22909507445589922,0.41279669762641896,1.261694426348702
2024-10-21T12:43:28.718720000Z,AAPL,0.0,0.0,-1.76697956929873,0.0,0.0,0.0,0.0,0.0,0.0,0.0,-0.1625030395792516
2024-10-21T12:43:28.737428528Z,AAPL,0.0,-0.3165308221888106,0.004055972419387548,0.11915191869633782,0.0149812734082397,1.0217113665389528,2.119205298013245,0.012307692307692308,1.5810276679841897,2.157497303128371,0.8270863576008809
2024-10-21T12:43:29.526405527Z,AAPL,0.0,0.0,0.0,0.0,1.3961605584642234,0.0,0.0,0.0,0.0,0.0,0.11970441276549876
2024-10-21T12:43:29.583993815Z,AAPL,0.0,0.0,0.0,0.0,-1.3513513513513513,0.0,0.0,0.0,0.0,0.0,-0.11586254816660606
2024-10-21T12:43:29.584006831Z,AAPL,0.0,0.0,0.0,3.48280365694384,0.006767044493317543,0.0,0.0,0.0,0.0,0.0,0.36341770059949574
2024-10-21T12:43:29.841228100Z,AAPL,0.0,0.3781254431157537,0.0,0.0,0.0,0.0,0.0,0.0,0.0,0.0,0.03364483168638887
2024-10-21T12:43:29.841240098Z,AAPL,0.0,0.0,-0.5231493591420351,-0.008371703641691083,-0.13826758845058967,-0.01328462304882099,-0.5669737774627923,-4.189578423671119,-0.01757469244288225,-0.4434589800443459,-0.5986581750089432
2024-10-21T12:43:29.895971250Z,AAPL,0.0,0.0,0.0,3.2245062474808543,0.0,0.0,0.0,0.0,0.0,0.0,0.3359281543070723
2024-10-21T12:43:30.016726563Z,AAPL,0.0,0.0,-0.4468524828241077,0.0,0.0,0.0,0.0,0.0,0.0,0.0,-0.04109548744316939
2024-10-21T12:43:31.026157327Z,AAPL,0.0,0.0,0.0,-0.007506098705197974,-5.107458912768648,-0.05954153021732659,-0.6694560669456067,-0.11569610489780177,-2.211166390270868,-0.05,-0.7317758460937438
2024-10-21T12:43:31.026169913Z,AAPL,0.0,0.0,0.0,0.0,1.9230769230769231,2.8754448398576513,0.07054673721340388,0.7162041181736795,0.3498542274052478,0.5270092226613966,0.7648858096034779
2024-10-21T12:43:32.777462165Z,AAPL,0.9499072356215214,0.5901881224640354,0.001841620626151013,0.1475054229934924,0.020752269779507133,0.5319148936170213,2.867383512544803,0.007054673721340388,2.4539877300613497,2.6041666666666665,1.1045040054485504
2024-10-21T12:43:32.778470496Z,AAPL,0.0,0.0,0.0,0.0,0.0,0.0,0.0,0.0,0.0,0.0,0.0
2024-10-21T12:43:32.778470496Z,AAPL,-1.5267175572519085,-3.9743167599604874,-0.0017600985655196692,-1.9483682415976618,-4.993819530284302,-0.050473186119873815,-0.7174887892376681,-0.10582010582010581,-2.4464831804281344,-0.05215123859191656,-1.3660988019666473
2024-10-21T12:43:32.778470496Z,AAPL,0.0,0.0,0.0,0.0,0.0,0.0,0.0,0.0,0.0,0.0,0.0
2024-10-21T12:43:32.778497265Z,AAPL,-0.7674597083653107,-0.04497880806158637,-0.22601862887917712,-2.1745039412883935,-0.007945967421533572,-0.08874967371443487,-0.01496166074434262,-0.7144132880871584,-7.5650118203309695,-0.005738057667479558,-1.049563125115623
2024-10-21T12:43:32.778508908Z,AAPL,0.0,0.0,-0.3595020896058958,-1.4624393030562695,-1.4005602240896358,-0.005283317923656056,-0.12712656571321743,-0.01563721657544957,-1.7361111111111112,-2.2312090363965975,-0.8306576282154532
2024-10-21T12:43:32.778520533Z,AAPL,0.0,0.0,0.0,-0.4632768361581921,-0.8792718529967372,-1.0297335564422705,-0.007619047619047619,-0.1436720895837735,-0.03470715835140998,-0.5578022590991494,-0.3761989588802481
2024-10-21T12:43:32.778523795Z,AAPL,0.10146341463414635,0.30036795073965605,0.08505341769525983,1.3243662700465597,1.332001332001332,0.005149330587023687,0.13160441261854072,0.01845444059976932,1.6638935108153077,2.1416142417347075,0.7961214587147423
2024-10-21T12:43:32.778533623Z,AAPL,0.0,0.11519280747348458,0.28757582565715567,1.876172607879925,0.006354249404289118,0.0933040614709111,0.01550688117852297,1.0126582278481013,5.540166204986149,0.005492996429552321,0.845515014033029
2024-10-21T12:43:32.778543405Z,AAPL,0.3228982083087222,0.3358698504329572,0.4878643737041103,0.008962581223392337,0.10303030303030303,0.01177682908876785,0.7620499142693847,4.139715394566624,0.013454423141607804,0.5561735261401557,0.6676905231380011
2024-10-21T12:43:32.778545123Z,AAPL,0.0,0.0,0.0,-4.0799838416481515,-0.0622568093385214,-0.6359300476947536,-0.12111425111021397,-0.9380863039399625,-0.13942140118508192,-0.6468685680682151,-0.7391630491416573
2024-10-21T12:43:32.843469885Z,AAPL,0.0,0.0,0.0,0.0,2.484472049689441,0.070212392487274,0.8431703204047218,0.1310615989515072,1.4010507880910683,0.06337135614702154,0.45556629975849616
2024-10-21T12:43:32.863795827Z,AAPL,0.0,0.0,0.0,0.0,0.0,0.0,0.0,0.0,0.0,0.0,0.0
2024-10-21T12:43:32.864010296Z,AAPL,0.8092251669026906,0.4580589750930432,3.556275780789629,0.007256894049346879,2.815723445776415,3.264639869414405,0.0944733112895607,0.756000756000756,0.2188183807439825,0.7377351530800442,1.327075839112275
2024-10-21T12:43:32.864353459Z,AAPL,-1.6214025131738954,-2.613685578172369,-0.003182432970005569,-3.6064988394929474,-2.1085925144965736,-0.09285051067780872,-0.9940357852882704,-0.10704727921498662,-1.466275659824047,-0.08110300081103002,-1.1244621393084981
2024-10-21T12:43:32.875672259Z,AAPL,0.8290155440414507,0.43308791684711995,3.8411965947967217,0.0076893502499038825,2.496292634700939,3.8068046633357127,0.09940357852882704,0.7136485280999108,0.21994134897360704,0.8110300081103001,1.4096089033208474
2024-10-21T12:43:32.883762376Z,AAPL,1.0660004164064127,0.4314063848144952,0.0032336297493936943,0.1411081137165387,0.009322922736277823,0.9532888465204956,3.700277520814061,0.00768344218209758,1.4149274849663955,3.750937734433608,1.3247099043413417
2024-10-21T12:43:32.960428938Z,AAPL,0.0,0.0,0.0,0.0,0.0,0.0,0.0,0.0,0.0,0.0,0.0
2024-10-21T12:43:32.961014516Z,AAPL,0.0,0.0,0.0,0.0,0.0,0.0,0.0,0.0,0.0,0.0,0.0
2024-10-21T12:43:32.961014516Z,AAPL,0.5565068493150686,0.0,0.0,0.0,0.0,0.0,0.0,0.0,0.0,0.0,0.0233437174347319
2024-10-21T12:43:33.006751243Z,AAPL,0.0,0.0,0.0,0.0,0.8560727661851257,4.325481798715203,0.0,0.0,0.0,0.0,0.6874435859277128
2024-10-21T12:43:33.219553558Z,AAPL,0.0,0.0,0.0,0.0,0.8381351492928235,0.0,0.0,0.0,0.0,0.0,0.07186027083774835
2024-10-21T12:43:33.275878319Z,AAPL,0.0,0.0,0.0,0.0,-0.8658008658008658,0.0,0.0,0.0,0.0,0.0,-0.07423228194224112
2024-10-21T12:43:33.275890776Z,AAPL,0.0,0.0,0.0,0.0,1.7515051997810618,0.0,0.0,0.0,0.0,0.0,0.15017105312453374
2024-10-21T12:43:48.778340231Z,AAPL,0.09791921664626684,0.2527486414760521,0.5611278670126955,9.86514098896608,0.004633920296570899,2.6088374368172187,3.508771929824561,0.09615384615384616,1.5570260801868432,0.08212428141253764,1.9874500087016784
2024-10-21T12:43:49.327571719Z,AAPL,0.0,0.0,0.0,0.0,1.9209989194381079,0.006427767957576732,0.0,0.0,0.0,0.0,0.1656156399824274
2024-10-21T12:43:54.884512067Z,AAPL,0.0,-0.5679397983813717,-3.1629979035639413,-2.681863895407308,-0.005195479932458761,-3.0522816560894532,-0.058360081704114386,-0.947193937958797,-0.2323780015491867,-0.5062650297430705,-1.253779352597926
2024-10-21T12:43:59.424379492Z,AAPL,-2.167434299647792,0.0030816640986132513,0.04134744010701691,0.013245033112582781,0.5637773079633545,2.1299254526091587,0.005927682276229995,0.9078529278256922,6.903693476009665,0.5457380457380457,1.0620949904273043
2024-10-21T12:43:59.523974366Z,AAPL,2.2528865108420164,0.0,0.0,0.0,0.0,0.0,0.0,0.0,0.0,0.0,0.09450152533853297
2024-10-21T12:43:59.523987613Z,AAPL,0.0,-1.4286989909813375,0.0,0.0,0.0,0.0,0.0,0.0,0.0,0.0,-0.12712272595569768
2024-10-21T12:43:59.578697454Z,AAPL,0.0,0.0,0.4043058573811088,-0.006968641114982578,-2.950197166642325,-0.04170576582212491,-0.6197706848466068,-0.15420200462606012,-1.0217113665389528,-0.050697084917617236,-0.398922465920989
2024-10-21T12:44:00.291904704Z,AAPL,0.0,0.0,0.0,0.7497656982193065,2.1813224267212,0.004171011470281543,0.6197706848466068,5.011275369581559,1.045036078626524,0.3208964726855979,0.9598873561742994
2024-10-21T12:44:01.574475139Z,AAPL,0.0,0.0,-0.3630917260472927,0.0,0.0,0.0,0.0,0.0,0.0,0.0,-0.033392298447558734
2024-10-21T12:44:01.574487162Z,AAPL,0.0,0.0,0.0,1.5302218821729152,0.005193456245131134,2.0839781285463737,0.061977068484660676,0.954426151276545,0.14194464158977999,0.5142049106568968,0.6491005902468651
2024-10-21T12:44:01.597349974Z,AAPL,0.0,0.0,0.0,0.0,0.0,0.0,0.0,0.0,0.0,0.0,0.0
2024-10-21T12:44:01.597349974Z,AAPL,-5.394190871369295,-5.359780544418654,-1.0894095255358682,-0.14291385470424772,-3.1149440082378685,-1.6086316821971556,-0.6357199055861527,-1.1525933350037585,-4.968944099378882,-0.5937782367368013,-2.03035438802043
2024-10-21T12:44:01.597372308Z,AAPL,0.0,-0.38517091959557054,-0.11930688381782029,-2.9583179638509773,-0.08735868448098665,-0.407955124936257,-2.482544608223429,-0.010240655401945725,-0.8138351983723296,-2.6119890296460753,-1.1539075104765228
2024-10-21T12:44:01.597376739Z,AAPL,0.0,-0.021432398642614755,-0.19788265558523793,-0.46086320409656184,-1.9601613100329953,-0.07286755250750107,-0.6415396952686447,-3.7914691943127963,-0.008161599673536012,-0.5581135761127389,-0.7684587148655064
2024-10-21T12:44:01.597388458Z,AAPL,0.0,0.0,0.0,-0.2116788321167883,-0.3056768558951965,-1.7353673049875582,-0.11443958263211039,-0.944733112895607,-3.0268634127884977,-0.006080875646093038,-0.6712894696427427
2024-10-21T12:44:01.597398797Z,AAPL,0.0,0.0,0.0632945926774704,0.4560260586319218,1.8558370936017587,0.07753705815279362,0.6978367062107467,3.5180299032541775,0.007587253414264036,0.657030223390276,0.7400085742747747
2024-10-21T12:44:01.597405484Z,AAPL,0.0,-0.3721200668653245,-0.013852813852813853,-0.2094618996027447,-0.27972027972027974,-1.8703358208955223,-0.12502298216583932,-0.8768084173608067,-2.828354251369984,-0.0072740498272413166,-0.699141480131458
2024-10-21T12:44:01.597418633Z,AAPL,0.0,0.0,-0.002480774001488464,-3.3366369342583417,-0.04608294930875576,-0.4721435316336166,-0.11855364552459988,-0.858184938854323,-0.06720430107526881,-0.8782435129740519,-0.6594939949461919
2024-10-21T12:44:01.597710823Z,AAPL,0.0,0.0,0.0,0.0,1.8044774440319495,0.08517034068136273,0.839278220730172,3.1620553359683794,0.006839945280437757,0.8658008658008658,0.6958120676224169
2024-10-21T12:44:01.631410923Z,AAPL,0.0,0.0,0.0,0.0,-1.7983589974148588,-0.0053475935828877,-0.15496809480401094,-0.7753440589261485,-2.6045905909164904,-0.009682885499878963,-0.4817285172344498
2024-10-21T12:44:01.665008249Z,AAPL,0.0,0.0,1.1487650775416427,0.0,0.0,0.0,0.0,0.0,0.0,0.0,0.10564797698091062
2024-10-21T12:44:01.697457905Z,AAPL,0.0,0.0,0.08193826375644557,2.632878064834622,0.0044878267698866825,0.09581513315485415,1.4678899082568808,2.741134144252184,0.006489292667099286,1.168907071887785,0.8943096329210772
2024-10-21T12:44:01.697487107Z,AAPL,0.0,0.0,1.1636363636363636,0.006487187804086928,0.07608817276490992,0.5977286312014345,5.86080586080586,0.00685283536063046,0.649456080532554,5.827505827505828,1.7644885478771566
2024-10-21T12:44:01.723656057Z,AAPL,0.0,0.0,-0.6094309438561742,0.0,0.0,0.0,0.0,0.0,0.0,0.0,-0.056047269878499395
2024-10-21T12:44:03.939688098Z,AAPL,0.0,0.0,-0.6397952655150352,0.0,0.0,0.0,0.0,0.0,0.0,0.0,-0.05883977220849821
2024-10-21T12:44:10.095362898Z,AAPL,0.8321144157321633,0.3533100737534779,0.00342407122068139,0.10471204188481675,0.4546487838145033,3.280705351650605,0.011289867344058707,0.7093456286575635,3.7425149700598803,0.9877704609595485,1.1459763770635745
2024-10-21T12:44:10.112254651Z,AAPL,-0.6269592476489029,-0.21901869358771445,-0.7367160880375725,-0.005716735743890238,-0.0827250608272506,-0.8570816370259268,-4.148301788955147,-0.0071111111111111115,-0.8240626287597858,-4.213187276174426,-1.3979584144877828
2024-10-21T12:44:10.112739141Z,AAPL,0.771665410700829,0.3308109002191622,0.0040662803700315135,0.09166891345376113,0.5387205387205387,3.1031807602792862,0.010890280424720936,0.7532956685499058,3.8767202946307426,0.8590713847412559,1.118041216120349
2024-10-21T12:44:10.125962951Z,AAPL,0.0,0.0,0.0,0.0,0.0,0.0,0.0,0.0,0.0,0.0,0.0
2024-10-21T12:44:10.125962951Z,AAPL,-0.5102763997165131,0.0,0.0,0.0,0.0,0.0,0.0,0.0,0.0,0.0,-0.02140449502688997
2024-10-21T12:44:10.126029110Z,AAPL,0.0,0.0,-2.295223066991823,0.0,0.0,0.0,0.0,0.0,0.0,0.0,-0.21108377899729208
2024-10-21T12:44:10.126259301Z,AAPL,0.0,-0.009041591320072333,-1.2174707046111704,-0.004560483411241592,-0.12431444241316271,-0.7375991148810622,-4.426002766251729,-0.009567089213106911,-0.6951685783802573,-3.552397868561279,-1.295026846813256
2024-10-21T12:44:10.130353938Z,AAPL,0.0,0.3002552169343942,0.006339144215530904,0.07648183556405354,0.7908264136022143,2.752451402029933,0.012775471095496645,0.9163802978235968,3.2981530343007917,0.7872539831302718,1.0059984577927086
2024-10-21T12:44:10.130410348Z,AAPL,0.0,0.0,0.0,0.8845643520566121,4.246373764977927,0.0645577792123951,1.3192612137203166,0.14760147601476015,0.6094773731525217,0.0749063670411985,0.6774292897209141
2024-10-21T12:44:10.139163189Z,AAPL,-6.262809702944611,-0.0015488267637264774,-1.3529511246406225,-2.1182885906040267,-0.0930448941614329,-0.6364359586316627,-0.20470829068577276,-0.963855421686747,-0.06085501293169025,-0.7936507936507937,-0.9517979478894103
2024-10-21T12:44:10.157454473Z,AAPL,0.0,0.0,1.314708299096138,0.0,0.0,0.0,0.0,0.0,0.0,0.0,0.12090920488004299
2024-10-21T12:44:10.210284689Z,AAPL,0.0,0.0,-1.3157894736842106,0.0,0.0,0.0,0.0,0.0,0.0,0.0,-0.12100863679195092
2024-10-21T12:44:10.210294376Z,AAPL,0.0,0.0,-3.070375436996504,-0.04008417677121956,-1.2610340479192939,-0.08874426859931962,-1.4732965009208103,-0.10178117048346055,-0.6117908787541713,-0.67260803766605,-0.7251715535165888
2024-10-21T12:44:10.228540017Z,AAPL,0.0,0.0,1.1811604901816035,2.026688070633089,0.13932427725531174,0.5599104143337066,0.2293577981651376,1.1019283746556474,0.05200884150305552,0.7392473118279569,0.6631724027573036
2024-10-21T12:44:22.659115608Z,AAPL,0.0035625222657641614,2.247253770247626,0.0059101654846335705,0.8290155440414507,6.588388780169602,0.05366966322286328,1.48975791433892,0.1692524682651622,0.5075498033244512,0.0671591672263264,1.0801716185656012
2024-10-21T12:44:24.320346216Z,AAPL,0.0,0.0,0.0,0.0,0.0,0.0,0.0,0.0,0.0,0.0,0.0
2024-10-21T12:44:24.320346216Z,AAPL,-4.053055742108798,-0.001958672020370189,-1.3042060645582003,-2.2569832402234637,-0.11904761904761904,-0.4910988336402701,-0.22598870056497175,-1.2658227848101267,-0.046674445740956826,-0.7376362112321878,-0.872040517917542
2024-10-21T12:44:24.320371608Z,AAPL,-0.003142183817753339,-0.2664446294754371,-1.3954299668585384,-0.004469273743016759,-0.20238095238095238,-0.4910988336402701,-6.0263653483992465,-0.012658227848101266,-0.46674445740956827,-3.352891869237217,-1.4130374598867157
2024-10-21T12:44:24.328088877Z,AAPL,0.0,0.0,-3.4606818571183826,-0.04730928444707274,-1.1594202898550725,-0.07444168734491315,-1.4598540145985401,-0.13029315960912052,-0.5074971164936563,-0.6717044500419815,-0.7429877100946789
2024-10-21T12:44:24.329087388Z,AAPL,0.0,-0.014277215942891136,0.0,0.0,0.0,0.0,0.0,0.0,0.0,0.0,-0.00127035759188982
2024-10-21T12:44:24.329391498Z,AAPL,-0.010491803278688525,0.0,0.0,0.0,0.0,0.0,0.0,0.0,0.0,0.0,-0.0004400982511175483
2024-10-21T12:44:24.329400563Z,AAPL,0.0,-0.2796420581655481,-0.8532314549506526,-1.1184118551656648,-0.01104667219000276,-0.09161950956615467,-1.292824822236587,-5.161290322580645,-0.004721992680911344,-0.6756756756756757,-0.9720443846094489
2024-10-21T12:44:24.329919574Z,AAPL,0.0,0.4112952731737262,1.2148823082763858,0.006022282445046673,0.18743109151047407,0.5684240443370754,4.471771939631079,0.013740982480247337,0.48953616448415127,3.1720856463124503,1.2382269566103532
2024-10-21T12:44:24.333182245Z,AAPL,0.0,0.02041858090862685,0.0,0.0,0.0,0.0,0.0,0.0,0.0,0.0,0.00181680373657205
2024-10-21T12:44:24.367829695Z,AAPL,0.008465608465608466,0.0,0.0,0.0,0.0,0.0,0.0,0.0,0.0,0.0,0.00035510573172183133
2024-10-21T12:44:24.396882356Z,AAPL,0.0,0.0,2.0541789703427913,3.604568165596003,0.112391121101433,0.6703536115300821,0.12133468149646107,1.6433853738701725,0.05578022590991493,0.5890227576974565,0.9396891643291867
2024-10-21T12:44:24.420452931Z,AAPL,0.24419325606906092,0.9772782799902272,0.005006884466140944,0.12099644128113879,1.098297638660077,2.553055688527206,0.008798944126704795,1.5791551519936833,2.641658961828028,0.5936395759717314,1.053353290105845
2024-10-21T12:44:29.399741197Z,AAPL,0.0,0.0,-2.3784292947132935,-0.07804878048780488,-1.0718113612004287,-0.09705596894208993,-0.8637443316778233,-0.1637331150225133,-0.5735888410898188,-0.5661712668082095,-0.5756537495435454
2024-10-21T12:44:29.399754078Z,AAPL,0.0,0.0,0.0,3.004694835680751,0.12357120790855732,0.6377551020408163,0.1319841619005719,1.5822784810126582,0.052763487666534756,0.6140963014654571,0.6834266497407291
2024-10-21T12:44:37.204838096Z,AAPL,0.0,0.0,0.0,0.0,0.0,0.0,0.0,0.0,0.0,0.0,0.0
2024-10-21T12:44:37.267315101Z,AAPL,0.0,0.0,0.0,0.0,0.0,0.0,0.0,0.0,0.0,0.0,0.0
2024-10-21T12:44:37.267315101Z,AAPL,0.17345301591431422,0.0,0.0,0.0,0.0,0.0,0.0,0.0,0.0,0.0,0.007275810166019049
2024-10-21T12:44:37.267346130Z,AAPL,0.18303285439736433,6.916905444126074,0.004344048653344918,3.6693914623069936,4.523607577042692,0.06382639221318015,0.8798944126704795,0.2368732727990525,0.5283317923656056,0.05653710247349823,1.569611139559002
2024-10-21T12:44:37.267377859Z,AAPL,0.0,0.005008138224614999,0.07534626038781163,0.7158196134574087,3.785190442394133,0.006922810661128419,0.8456659619450317,7.022471910112359,0.5780346820809248,0.3634790134141065,1.2844998029613037
2024-10-21T12:44:37.371918862Z,AAPL,0.0,-1.0016276449229997,-0.00443213296398892,-0.11539114203292042,-0.970402717127608,-2.7691242644513676,-0.008456659619450317,-1.4044943820224718,-2.7525461051472613,-0.6057983556901775,-1.0592249335248298
2024-10-21T12:44:37.372688632Z,AAPL,-2.2195660169179847,-0.005898834980091432,-2.1198446846468677,-2.625964221237486,-0.11028398125172319,-0.681663258350375,-0.12917115177610333,-1.3637913399249915,-0.055741360089186176,-0.6256220673965591,-0.9182031222050387
2024-10-21T12:44:43.997940262Z,AAPL,0.0,0.0,1.6445677870284716,3.315279829312326,0.0,0.0,0.0,0.0,0.0,0.0,0.496630169117095
2024-10-21T12:44:43.997952400Z,AAPL,0.0,0.006011421701232342,0.0697722142417402,0.6459948320413437,3.9900249376558605,0.006933610677760444,0.9205983889528193,5.827505827505828,0.5848767581116836,0.38204972710733776,1.1890741023209126
2024-10-21T12:44:43.997963233Z,AAPL,0.0,-1.1894142134998513,-0.004236390595212879,-0.1014471132328808,-0.9992505620784411,-2.5999350016249596,-0.01036001036001036,-1.1046672190002762,-2.6734393797620637,-0.6762196103687007,-1.0279829538598204
2024-10-21T12:44:44.082882873Z,AAPL,0.0,-1.1778563015312131,0.0,0.0,0.0,0.0,0.0,0.0,0.0,0.0,-0.10480325441533116
2024-10-21T12:44:49.032770567Z,AAPL,0.0,0.0,-2.259760599619644,-0.05532503457814661,-0.9806325079676392,-0.0877321245796169,-1.3431833445265278,-0.10232796111537479,-0.5378315609338712,-0.7365126127784938,-0.618648266683897
2024-10-21T12:44:49.032784585Z,AAPL,0.0,0.0,0.0,2.151405136479763,0.09784735812133072,0.5474202819214452,0.21474588403722264,1.0813733441470668,0.046620046620046623,0.8079324274697025,0.5691714286612981
2024-10-21T12:44:56.110568275Z,AAPL,0.19328340178787146,5.866342648845687,0.004936443292607676,2.541519879214897,3.5786177588906285,0.05261773217574322,1.6701461377870563,0.15777018143570865,0.4459308807134894,0.08062890546260834,1.3436428125530946
2024-10-21T12:44:56.111500132Z,AAPL,0.0,0.0,0.0,0.0,0.0,0.0,0.0,0.0,0.0,0.0,0.0
2024-10-21T12:44:59.972308166Z,AAPL,0.02169079767908465,0.4132658332472363,6.109072504112363,0.004724781478856603,3.7813552976413325,1.8643672803542297,0.26542800265428007,0.9765625,0.062079668908432487,0.98015192354815,1.4713612673395495
2024-10-21T12:44:59.972823933Z,AAPL,0.0,-4.406315597335037,-0.0054757015742642025,-2.381513793916529,-2.751504729148753,-0.04549590536851683,-3.3528918692372174,-0.145985401459854,-0.39389463318562284,-0.11154489682097044,-1.2831613797236583
2024-10-21T12:45:00.466069449Z,AAPL,0.0,0.0,0.0,0.0,0.0,0.0,0.0,0.0,0.0,0.0,0.0
2024-10-21T12:45:00.466069449Z,AAPL,0.5387568186409859,0.0030372057706909645,0.10595200997195389,0.44150110375275936,2.3512123438648054,0.004820438659918053,2.9048656499636896,4.514672686230249,0.4268292682926829,0.7513416815742398,1.1661643274907576
2024-10-21T12:45:00.466091166Z,AAPL,0.2895613146083683,0.030816640986132512,6.7656950672645735,0.004574565416285453,2.6578947368421053,1.9514574948164412,0.27192386131883073,0.8281573498964804,0.06349206349206349,1.2113870381586918,1.4479983925898745
2024-10-21T12:45:00.466096527Z,AAPL,0.01891998423334647,0.3105590062111801,0.06008712633318311,5.0114178949553665,0.00506906602458497,2.461913467397928,8.184143222506394,0.07782101167315175,0.43739748496446146,0.1895734597156398,1.7952366454358362
2024-10-21T12:45:00.466104495Z,AAPL,0.0,0.3105590062111801,0.0,0.0,0.0,0.0,0.0,0.0,0.0,0.0,0.02763290776354539
2024-10-21T12:45:00.466110782Z,AAPL,0.0,0.2346403210867552,0.0,0.0,0.0,0.0,0.0,0.0,0.0,0.0,0.020877817807640718
2024-10-21T12:45:00.466138376Z,AAPL,0.0,-0.3411222923418046,0.0,0.0,0.0,0.0,0.0,0.0,0.0,0.0,-0.03035236670599221
2024-10-21T12:45:00.466144715Z,AAPL,0.0,-0.37753657385559225,0.0,0.0,0.0,0.0,0.0,0.0,0.0,0.0,-0.033592435299147204
2024-10-21T12:45:00.466331776Z,AAPL,0.003787161522438932,0.0732679668139209,0.684814244136278,1.1440011440011442,0.0053497392002139895,0.44429634566255694,4.523863379325944,0.6829268292682927,0.3271452680773725,0.8513657325292657,0.9323373962217373
2024-10-21T12:45:00.534396965Z,AAPL,0.0,0.0,0.0,0.0,0.0,1.7771853826502277,3.733826247689464,0.0,0.0,0.0,0.6228596906923417
2024-10-21T12:45:00.566178995Z,AAPL,-0.37181996086105673,-0.0444493832648072,-7.601952448433317,-0.002656924609764198,-2.088772845953003,-2.2178304787000442,-0.06775067750677508,-0.6589785831960461,-0.08665511265164645,-1.524390243902439,-1.5334091506080654
2024-10-21T12:45:00.566206580Z,AAPL,-0.05753739930955121,-4.72360825750905,-0.006628003314001657,-1.0491803278688525,-2.6044352759154203,-0.04387408138642097,-0.6260760682422915,-0.1073345259391771,-0.5737234652897303,-0.15866719555731854,-0.9115430025593043
2024-10-21T12:45:00.576961798Z,AAPL,-2.611392198465807,-0.0035625222657641614,-0.12031139419674451,-0.2626740215392698,-1.8711261840720383,-0.004636068613815485,-0.6085501293169026,-3.3869602032176123,-0.6299685015749212,-1.0592686002522067,-0.9241464473389195
2024-10-21T12:45:00.732087701Z,AAPL,0.0,0.0,0.0,0.5331200852992137,0.0,0.0,0.0,0.0,0.0,0.0,0.05554030060214891
2024-10-21T12:45:01.132627516Z,AAPL,0.0,0.0,0.0,0.5168292525356935,0.0,0.0,0.0,0.0,0.0,0.0,0.05384312622494
2024-10-21T12:45:01.134992267Z,AAPL,2.317497103128621,0.0,0.0,0.0,0.0,0.0,0.0,0.0,0.0,0.0,0.09721173710229739
2024-10-21T12:45:01.188576992Z,AAPL,0.0,0.0,0.0,-0.5215123859191656,0.0,0.0,0.0,0.0,0.0,0.0,-0.05433101374418816
2024-10-21T12:45:01.188588948Z,AAPL,0.0,0.0,1.7683465959328029,0.002681144848850459,0.0,0.0,0.0,0.0,0.0,0.0,0.16290808123819303
2024-10-21T12:45:03.941408756Z,AAPL,0.0,0.0,2.2643645626945936,0.0,0.0,0.0,0.0,0.0,0.0,0.0,0.2082458283880729
2024-10-21T12:45:04.378997886Z,AAPL,0.0,0.0,-0.011270780501549733,-1.339078554855817,-0.03370975897522333,-0.7476635514018691,-0.0806343233436366,-0.468384074941452,-0.09835259404966806,-2.4376731301939056,-0.6987857453213918
2024-10-21T12:45:04.392289828Z,AAPL,-0.15201418799087915,-0.5494505494505495,-0.011270780501549733,-0.045077891945641366,-0.3485535029627048,-2.9411764705882355,-0.00543773790103317,-0.463768115942029,-5.028916268544129,-2.204724409448819,-1.3564995919984295
2024-10-21T12:45:04.455791398Z,AAPL,0.0,0.0,2.1436227224008575,0.0027590012415505587,1.7906213988121622,0.06850488097276931,0.5511919525974921,0.0729483282674772,0.9149130832570906,0.20544427324088343,0.5374205267961081
2024-10-21T12:45:04.463427946Z,AAPL,0.0,0.0,-0.01593625498007968,-1.3539781486694817,-0.03814609956131986,-0.6736274840013473,-0.08376378612313277,-0.5111821086261981,-0.08399832003359933,-2.2011005502751373,-0.6562845675686331
2024-10-21T12:45:04.463440670Z,AAPL,0.0,0.0,5.545927209705373,0.0,0.0,0.0,0.0,0.0,0.0,0.0,0.5100398694593148
2024-10-21T12:45:06.500906813Z,AAPL,0.0,0.0,0.0,0.0,0.0,0.0,0.0,0.0,0.0,0.0,0.0
2024-10-21T12:45:07.821742791Z,AAPL,0.40485829959514175,0.021505376344086023,10.871425354649853,1.2873194221508828,1.998417095370004,0.0686106346483705,0.6901311249137336,0.0881057268722467,0.693601525923357,0.17316017316017315,1.5008629023254254
2024-10-21T12:45:07.821766697Z,AAPL,0.0,0.0,0.0,0.0,0.0,0.0,0.0,0.0,0.0,0.0,0.0
2024-10-21T12:45:07.821766697Z,AAPL,-0.15255530129672007,-2.4184741772278717,-2.674670668667667,-1.8727980715742631,-0.039916176030336294,-0.6983240223463688,-0.12212497455729697,-0.6552006552006552,-0.06185248183083346,-1.7713365539452495,-1.1277375712380195
2024-10-21T12:45:08.568521916Z,AAPL,2.1310295176385887,0.0199203187250996,6.804792107117689,1.6713556319683234,1.9013554216867468,0.07229351165732877,0.9722897423432183,0.09828009828009827,0.5793742757821553,0.15847860538827258,1.2477284321381634
2024-10-21T12:45:08.568573634Z,AAPL,0.0,0.0,0.0,0.0,0.0,0.0,0.0,0.0,0.0,0.0,0.0
2024-10-21T12:45:08.568573634Z,AAPL,2.49609984399376,0.001982062335860463,0.08384710234278668,0.47014574518100616,1.3639075952604212,0.008249123530624871,1.3793103448275863,3.117692907248636,0.5623995715050885,1.0173597093257973,0.9320158163573554
2024-10-21T12:45:08.568595371Z,AAPL,1.1448196908986836,0.3098503088035172,0.049776007964161276,5.355518580144204,1.333776816896724,3.8512869399428027,0.16597510373443983,0.580130529369108,0.08080808080808081,1.556420233463035,1.6263452885442509
2024-10-21T12:45:08.568607237Z,AAPL,-1.724941724941725,-0.022335138757049528,-5.223977494048907,-1.7790594498669032,-1.6796939963412607,-0.07626310772163966,-1.6597510373443984,-0.08701957940536621,-0.5387205387205387,-0.1556420233463035,-1.1413299602496059
2024-10-21T12:45:08.568836429Z,AAPL,0.012614317250078838,0.04065040650406504,0.3798309752160289,1.6812020594725228,0.0034402683409305926,0.7485029940119761,7.117437722419929,0.6461538461538462,0.34132466477041856,0.9349435138293728,1.269106688367337
2024-10-21T12:45:08.568842453Z,AAPL,0.0,0.25580354287906887,0.037654146662901254,4.544427710843373,1.4419273642574613,3.401818794206804,0.1282051282051282,0.6462035541195477,0.08269018743109151,1.5071590052750568,1.4284015688204739
2024-10-21T12:45:08.569243224Z,AAPL,0.0,0.0,0.0,0.0,0.0,0.0,0.0,0.0,0.0,0.0,0.0
2024-10-21T12:45:08.569247948Z,AAPL,0.0,-0.029928918817807706,-4.021992669110296,-1.3113145846958796,-1.9761299158677361,-0.06032272658724174,-1.0443864229765014,-0.10938924339106655,-0.5644137152532807,-0.14609203798392986,-0.8754318564005272
2024-10-21T12:45:08.572627612Z,AAPL,-0.15449980687524142,-3.608101038786339,-1.3053385416666667,-1.5495550782448604,-0.042881646655231566,-0.5865102639296188,-0.14475271411338964,-0.7729468599033816,-0.05751258087706686,-1.5520282186948853,-1.0369595195210786
2024-10-21T12:45:08.674779302Z,AAPL,-3.0899961375048286,-0.0029893132052910844,-0.05444791416446473,-0.29542097488921715,-1.8113891090229821,-0.005788712011577424,-0.9852216748768473,-3.802281368821293,-0.6117989803350328,-0.858603066439523,-0.9808946296321026
2024-10-21T12:45:08.952909426Z,AAPL,1.4930944382232176,0.032829940906106365,3.525374224169405,1.193807680857398,2.165523156089194,0.05865102639296188,0.9650180940892642,0.11594202898550725,0.5751258087706685,0.14109347442680775,0.8893390328459653
2024-10-21T12:45:09.467642057Z,AAPL,0.014519056261343012,0.06293965198074787,0.26666666666666666,1.1666059059423988,0.004113533525298231,0.6220839813374806,4.229223937407486,0.8243375858684985,0.38135593220338987,0.8921933085501859,0.9167772675493181
2024-10-21T12:45:09.568869622Z,AAPL,-2.6402640264026402,-0.004251700680272109,-0.04243899394620233,-0.2817298211015636,-1.596169193934557,-0.00663239927043608,-0.8285004142502072,-3.6396724294813465,-0.6760019314340898,-0.9516616314199395,-0.9304433450139648
2024-10-21T12:45:10.957645576Z,AAPL,0.0,0.0,0.0,-0.5723688917507334,0.0,0.0,0.0,0.0,0.0,0.0,-0.05962923022364215
2024-10-21T12:45:11.522901317Z,AAPL,0.0,0.0,0.0,0.5732301519059902,0.0,0.0,0.0,0.0,0.0,0.0,0.059718956064477385
2024-10-21T12:45:16.300828735Z,AAPL,-0.10624169986719788,-7.523764999220819,-0.887020958911685,-1.4388489208633093,-0.033573946617424875,-0.8594757198109154,-0.11331444759206799,-0.6130268199233716,-0.07680491551459294,-1.8949181739879415,-1.4087492957079435
2024-10-21T12:45:17.074205541Z,AAPL,0.0,0.0,-0.4680278476569356,0.0,0.0,0.0,0.0,0.0,0.0,0.0,-0.04304291298748386
2024-10-21T12:45:17.074218249Z,AAPL,0.0,0.0,0.9814746656851919,0.0028758357897764038,1.6806722689075628,0.1013684744044602,0.7396449704142013,0.08097165991902834,0.9242144177449167,0.1710863986313088,0.44066220617857743
2024-10-21T12:45:39.966757614Z,AAPL,0.009801519235481499,0.08262454434993925,0.24390243902439024,1.1604293588627792,0.003221908981071285,1.124859392575928,3.337783711615487,0.572987721691678,0.6330067822155238,1.094391244870041,0.9286886731974376
2024-10-21T12:45:39.966770270Z,AAPL,0.0,-0.848626286199215,-0.043564610160804665,-0.29693415485116176,-1.2583562721195438,-0.012670256572695597,-0.6567066163191594,-2.5873221216041395,-1.1712214166201895,-1.1715481171548117,-0.8284006036359363
2024-10-21T12:45:40.024030599Z,AAPL,0.0,0.0,1.079767849912269,0.0,0.0,0.0,0.0,0.0,0.0,0.0,0.09930253903294124
2024-10-21T12:45:41.579754503Z,AAPL,-2.197802197802198,0.05744698825715975,0.28380871292748683,1.2256779531178181,0.0031705770450221942,1.400070003500175,3.0349013657056148,0.5429864253393665,0.8002540489044142,1.1396011396011396,0.8726241446763552
2024-10-21T12:45:42.523889758Z,AAPL,0.0,0.0,-0.0028232636928289105,-1.5965855200758772,-0.033823778116015564,-1.5680125441003527,-0.08577555396711938,-0.5449591280653951,-0.1289490651192779,-2.0823473734027447,-0.7956396795779374
2024-10-21T12:45:42.523901729Z,AAPL,0.0,0.0,0.6040471156750226,0.0031867431485022306,1.7677430646713923,0.1509433962264151,0.5409060175794456,0.08639308855291576,1.3071895424836601,0.1895734597156398,0.4386908641582654
2024-10-21T12:45:46.308803313Z,AAPL,0.0,0.0,0.6432419393744472,0.0,0.0,0.0,0.0,0.0,0.0,0.0,0.05915675096044557
2024-10-21T12:46:00.710010076Z,AAPL,0.0,0.0,-0.006284861340246681,-0.375727972947586,-1.341156747694887,-0.019455252918287938,-0.5645730416372619,-2.7567195037904892,-1.3178537809852526,-1.245674740484429,-0.7980337339279912
2024-10-21T12:46:01.288790694Z,AAPL,0.0,0.0,-0.6239762889010219,0.0,0.0,0.0,0.0,0.0,0.0,0.0,-0.057384955283914026
2024-10-21T12:46:01.288803458Z,AAPL,0.0,0.0,1.3427324605572342,0.0,0.0,0.0,0.0,0.0,0.0,0.0,0.12348649071753301
2024-10-21T12:46:10.320582034Z,AAPL,0.0,0.0,-0.6886459499010071,0.0,0.0,0.0,0.0,0.0,0.0,0.0,-0.06333240179866244
2024-10-21T12:46:10.320607088Z,AAPL,0.0,0.0,-0.0035707909301910374,-2.645364064955474,-0.02914177473408131,-3.4071550255536627,-0.09900990099009901,-0.4836759371221282,-0.1146788990825688,-2.3887079261672097,-1.2083278470096985
2024-10-21T12:46:10.320619482Z,AAPL,0.0,0.0,0.0,1.0759919300605245,1.471659624071106,0.34071550255536626,0.6600660066006601,0.07255139056831923,1.146788990825688,0.21715526601520088,0.49687730892553295
2024-10-21T12:46:12.080290410Z,AAPL,-1.9588638589618024,0.0,0.0,0.0,0.0,0.0,0.0,0.0,0.0,0.0,-0.08216819698264706
2024-10-21T12:46:12.137568253Z,AAPL,0.0,0.0,0.0,1.1539016298860523,0.0,0.0,0.0,0.0,0.0,0.0,0.12021314738725608
2024-10-21T12:46:12.193567298Z,AAPL,0.0,0.0,0.0,-1.154068090017311,0.0,0.0,0.0,0.0,0.0,0.0,-0.1202304891569311
2024-10-21T12:46:12.193579968Z,AAPL,0.0,0.0,2.9558470349159434,0.00612369871402327,0.0,0.0,0.0,0.0,0.0,0.0,0.27247706060851495
2024-10-21T12:46:12.268092521Z,AAPL,-0.19820670127418594,-0.6365584570203984,-0.12564671101256467,-0.013490725126475547,-0.27932960893854747,-11.560693641618496,-0.007084661707403471,-0.4889975550122249,-4.981320049813201,-2.3503077783995523,-2.61254186619569
2024-10-21T12:46:16.791652393Z,AAPL,3.6134264473980626,0.02696914412627905,0.014295925661186561,0.7371913011426465,1.0799865001687479,0.030911901081916538,0.6979584714709475,2.4706609017912293,1.0231425091352009,1.4937759336099585,0.9678748490918329
2024-10-21T12:46:19.577613731Z,AAPL,1.8018018018018018,0.0,0.0,0.0,0.0,0.0,0.0,0.0,0.0,0.0,0.07557993614349788
2024-10-21T12:46:23.938521180Z,AAPL,0.0,0.0,2.9181105234360754,0.0,0.0,0.0,0.0,0.0,0.0,0.0,0.2683685981014268
2024-10-21T12:46:25.802255158Z,AAPL,0.0,0.0,-0.007891102781613731,-3.5879218472468914,-0.027175759222773283,-3.11284046692607,-0.1143728555089592,-0.46647230320699706,-0.09859502095144196,-2.458100558659218,-1.2743844618558926
2024-10-21T12:46:25.802267157Z,AAPL,0.0,0.0,0.0,1.372448104306056,1.3723758407500508,0.311284046692607,0.7624857033930613,0.06997084548104957,0.9859502095144196,0.22346368715083798,0.5115108456040474
2024-10-21T12:46:26.818456297Z,AAPL,-1.5876165905933717,-0.0016097875080489374,-0.16295231248502276,-0.014209591474245116,-0.26994196247806723,-10.094637223974763,-0.008426374552348853,-0.46674445740956827,-4.4503782821539835,-2.2888283378746594,-2.3493349081973713
2024-10-21T12:46:30.615356413Z,AAPL,-0.008266170696424881,-0.31960369142263595,-0.009818360333824251,-0.1375961149332254,-0.005223978059292151,-2.6755852842809364,-3.3812341504649197,-0.004772700155112755,-0.8656135035706557,-9.195402298850574,-2.2972536935859766
2024-10-21T12:46:36.896860441Z,AAPL,-0.017241379310344827,-0.0015990405756546072,-2.0125786163522013,-0.008435259384226065,-0.04435746901500326,-0.05726556907659271,-0.9233610341643583,-1.8441678192715536,-0.00877385391533231,-1.8058690744920993,-0.7571993477644459
2024-10-21T12:46:36.896993475Z,AAPL,0.0,0.0,0.0,-4.1675263049308855,-0.026934213184297354,-2.8797696184305255,-0.1559656875487393,-0.4416961130742049,-0.09076469253460404,-1.8683651804670913,-1.2083745371215342
2024-10-21T12:46:36.935295740Z,AAPL,0.009431737797689225,0.31768723691525697,0.01221001221001221,0.12908124525436598,0.005731480154749964,2.5348542458808616,3.9389463318562288,0.004628558204119416,0.927643784786642,6.915629322268327,1.9757240558789069
2024-10-21T12:46:36.967821622Z,AAPL,0.0,0.0,0.0,2.865329512893983,1.4896755162241888,0.23852116875372692,0.9170105456212747,0.07368291784354661,0.9287206872533086,0.12015620306398318,0.6609216764299425
2024-10-21T12:46:36.973880941Z,AAPL,0.0,0.001577971517614107,0.2526002971768202,0.013593882752761258,0.30165912518853694,7.707129094412331,0.009383063570255689,0.5165956347668863,4.253509145044662,1.2459210916641945,1.7764585169207434
2024-10-21T12:46:36.973894591Z,AAPL,0.0,0.0,-5.534417156693185,-0.10965973230124174,-0.0062198724926139015,-1.839080459770115,-3.5064650449265833,-0.005521811154058531,-0.8516074089844582,-5.2521008403361344,-2.0405395078122424
2024-10-21T12:46:40.270472256Z,AAPL,0.0,0.0,2.5898348980252512,0.0,0.0,0.0,0.0,0.0,0.0,0.0,0.23817821679995524
2024-10-21T12:46:42.223069810Z,AAPL,0.0,0.0,0.0,2.6101141924959217,0.0,0.0,0.0,0.0,0.0,0.0,0.2719209627523153
2024-10-21T12:46:46.421912989Z,AAPL,0.0,0.0,0.2059357964869776,0.012836970474967907,0.3262376641383248,5.965697240865026,0.007768498737618955,0.6943239021003298,3.8669760247486464,0.9083044982698962,1.4556207803106538
2024-10-21T12:46:46.421925139Z,AAPL,0.0,0.0,-4.324324324324325,-0.11058708733127338,-0.006743656747871534,-1.438331535418914,-2.9363185905670766,-0.007601672367920942,-0.7741436036384749,-3.951788184153329,-1.6028307069486978
2024-10-21T12:46:46.487697098Z,AAPL,0.0,0.0,-3.904343582235237,0.0,0.0,0.0,0.0,0.0,0.0,0.0,-0.35906906378480313
2024-10-21T12:46:52.612794937Z,AAPL,0.0,0.0,0.0,0.0,0.0,0.0,0.0,0.0,0.06968641114982578,0.0,0.00627170107753502
2024-10-21T12:47:00.410294114Z,AAPL,0.0,0.0,0.0,0.0,0.36143489653926086,5.370929842228937,0.006612663250123988,0.9380863039399625,3.864734299516908,0.7076663858466723,1.3454998656412498
2024-10-21T12:47:02.422982273Z,AAPL,0.0,-0.31974420463629094,-0.010866612333604997,0.0,0.0,0.0,0.0,0.0,0.0,0.0,-0.029449553007377317
2024-10-21T12:47:02.478990158Z,AAPL,0.0,-0.3174225290640003,0.0,0.0,0.0,0.0,0.0,0.0,0.0,0.0,-0.02824361004598378
2024-10-21T12:47:08.170726079Z,AAPL,0.0,0.0,0.0,0.0,0.0,0.0,0.0,0.0,0.0,0.0,0.0
2024-10-21T12:47:08.170726079Z,AAPL,-26.556655665566556,-0.0016418339284981322,-4.879536444037817,-2.5696476275283042,-0.040539170973953584,-0.8743169398907104,-0.10613833362816205,-1.63112607557052,-0.05897965202005308,-0.7209569064394561,-2.247138931232503
2024-10-21T12:47:08.170747785Z,AAPL,-1.3726835964310227,-0.0017285337712285554,-2.0639834881320946,-0.0049584727903805624,-0.07564801423962621,-0.8396305625524769,-2.7266530334015,-0.01763668430335097,-0.598175564528189,-3.0120481927710845,-1.177825046793038
2024-10-21T12:47:08.170753593Z,AAPL,-0.1325178389398573,-0.18153762367250612,-0.009391876027236441,-0.9334889148191365,-0.004764740917212627,-0.1520912547528517,-0.6800408024481468,-6.010518407212622,-0.006559527714004592,-0.5939123979213066,-0.8890695771408968
2024-10-21T12:47:08.170780793Z,AAPL,-0.13203883495145632,0.0,0.0,0.0,0.0,0.0,0.0,0.0,0.0,0.0,-0.005538615126321573
2024-10-21T12:47:08.170793241Z,AAPL,0.0,0.00204897039237783,1.5819655922483686,0.004272134999465983,0.09184224743381957,0.8572653236176596,2.8011204481792715,0.014035087719298246,0.6759040216289287,2.883922134102379,1.0734708351154174
2024-10-21T12:47:08.170829114Z,AAPL,0.0,-0.03709360680776784,-0.007608902415826516,-0.8366450533361222,-0.005414185165132648,-0.14526810510574664,-0.7002801120448179,-5.5963623644631,-0.006759040216289288,-0.5767844268204758,-0.8184969070247762
2024-10-21T12:47:08.170966841Z,AAPL,0.0,-0.2349348055914484,-0.11988716502115655,-0.004190236748376283,-1.054574215660427,-0.008729812309035356,-0.12760367798836555,-1.3481631277384565,-2.573174654229656,-0.006215040397762585,-0.5004557292465229
2024-10-21T12:47:08.171394413Z,AAPL,0.0,0.043486602289441706,0.006588700378850272,0.8135041692088673,0.005641748942172073,0.14818043146655047,0.8090614886731392,4.624277456647399,0.006634599436059048,0.651890482398957,0.7450952820588483
2024-10-21T12:47:08.270834728Z,AAPL,0.0461606746560142,0.0,0.0,0.0,0.0,0.0,0.0,0.0,0.0,0.0,0.0019362955677774954
2024-10-21T12:47:08.270864543Z,AAPL,0.0,0.0030209198701004456,1.2024650533593868,0.003911597887737141,0.11303191489361701,0.9119927040583675,3.2833983172583623,0.010131712259371834,0.7476635514018691,3.15905860053704,1.1458024616445224
2024-10-21T12:47:08.423766296Z,AAPL,0.0029250457038391227,0.6539153179663233,0.0058368597694440395,0.06582131449036879,0.7118704395799965,3.350083752093802,0.00911369332421964,0.9659502535619415,3.5335689045936394,0.6958250497017893,1.1256436017611606
2024-10-21T12:47:09.542929513Z,AAPL,0.0,0.0,-2.822017323274658,-0.04023740066391711,-0.753012048192771,-0.11808699074985239,-1.0902725681420355,-0.09445100354191263,-0.7248764415156508,-0.6979584714709475,-0.6384280326693648
2024-10-21T12:47:09.542944189Z,AAPL,0.0,0.0,1.0897697861326794,2.0077527084782822,0.08303923603902845,0.7735447689035002,0.1532958610117527,1.0071610071610073,0.06688963210702341,0.7545875493054365,0.6652984241460878
2024-10-21T12:47:10.432682831Z,AAPL,0.0,-0.8683382177358081,0.0,0.0,0.0,0.0,0.0,0.0,0.0,0.0,-0.07726296580798103
2024-10-21T12:47:11.297466321Z,AAPL,0.0,0.0,1.1525716755510733,0.0,0.0,0.0,0.0,0.0,0.0,0.0,0.1059980567202221
2024-10-21T12:47:15.646925075Z,AAPL,0.0,0.0,-2.86687482259438,-0.040481732618156054,-1.0764262648008611,-0.0959079283887468,-1.705790297339593,-0.08317737575379497,-0.6284816454792173,-0.8103727714748784,-0.7363114660862522
2024-10-21T12:47:15.646937792Z,AAPL,0.0,0.0,1.1685655857434998,2.022831964750651,0.12418503570319775,0.6303183107469271,0.24281667341157426,0.8892514786865184,0.05795421616922631,0.8737092930897538,0.6728178993585292
2024-10-21T12:47:19.469834115Z,AAPL,0.3595020896058958,0.008355964069354502,0.09630363971108907,0.39315903282877923,5.287508261731658,0.006625807520291535,1.6096579476861168,3.7057624606262736,0.6554307116104869,0.49469964664310956,1.1777909695874136
2024-10-21T12:47:25.958887784Z,AAPL,0.0017057569296375266,0.20011771630370806,0.5435521130588395,1.5006565372350402,0.01644736842105263,0.6864595846919512,6.89893066574681,0.7641921397379913,0.4291553133514986,0.4661099242571373,1.194710410113971
2024-10-21T12:47:25.958901196Z,AAPL,0.0,-6.688963210702341,-0.08978082915236335,-0.3686635944700461,-7.152436298614216,-0.007249003262051469,-1.3731548232063164,-3.33889816360601,-0.7809594644849387,-0.48396389475705776,-1.864389808107921
2024-10-21T12:47:26.552220975Z,AAPL,0.003412678099138299,12.711953659820958,0.00556250869141983,0.7527286413248024,6.6622691292875995,0.07953867568104991,1.2915724895059735,0.09529860228716645,0.8579299488390397,0.07897334649555775,2.0198623218234952
2024-10-21T12:47:26.552507902Z,AAPL,0.0,0.9310986964618249,6.17786308381318,0.003912745769343637,2.219140083217753,3.7863167760074976,0.14326647564469916,0.5894488653109342,0.1178318931657502,0.9422952236870543,1.610881253612463
2024-10-21T12:47:26.552532797Z,AAPL,0.0,0.8519701810436635,0.5311379630859115,4.460046189376444,0.010012515644555695,1.4762871378483116,6.1547836684948205,0.058936201561809336,0.7567158531971244,0.13348164627363737,1.5055931954531252
2024-10-21T12:47:26.552914503Z,AAPL,0.0,0.0,-5.77926741680632,-0.003913511398101947,-1.7452006980802792,-3.4779614325068873,-0.12206286237412267,-0.5815644082582146,-0.11121408711770157,-0.9782364819385237,-1.4092031515137011
2024-10-21T12:47:26.553030755Z,AAPL,0.0,-7.207045827735483,-0.0051466803911477095,-0.7988017973040439,-3.698279018674478,-0.07118704395799964,-1.3063357282821686,-0.08238363311822051,-0.7928714311693036,-0.10204081632653061,-1.277365521531455
2024-10-21T12:47:26.556326445Z,AAPL,-2.6204950065132433,-0.005648121999435187,-1.0542962572482868,-2.037317196167423,-0.0682477392936359,-0.7139032661074425,-0.1959503592423253,-0.5905458485710416,-0.07139032661074425,-1.13314447592068,-0.7899644944280205
2024-10-21T12:47:26.596516239Z,AAPL,0.0,0.0971567366766681,0.5354035604336769,1.5512895094046926,0.007064641469445425,0.701508242721852,5.6417489421720735,0.5684894423389281,0.4785415875427269,0.60882800608828,1.0746078520028264
2024-10-21T12:47:26.618112053Z,AAPL,0.0,-2.167434299647792,-0.0933168656511596,-0.3916193459956922,-2.639828411153275,-0.007034822370735138,-1.1283497884344147,-2.670940170940171,-0.7821229050279329,-0.645326504481434,-1.0142641565863686
2024-10-21T12:47:26.625259595Z,AAPL,0.0,0.09211595773503115,0.5566379070414695,1.5363933166890722,0.006599571027883187,0.6933610677760444,5.069708491761724,0.5839010148755736,0.46391752577319584,0.6209573091849935,1.0186988370599706
2024-10-21T12:47:26.629968958Z,AAPL,0.0,-1.0552697533306952,-0.09995590180802588,-0.38048130885570247,-2.4829298572315333,-0.007054673721340388,-1.0973936899862826,-2.6001040041601664,-0.7724848261909141,-0.73512252042007,-0.9047212567856061
2024-10-21T12:47:26.656630312Z,AAPL,0.0,-1.0281454825857859,0.0,0.0,0.0,0.0,0.0,0.0,0.0,0.0,-0.0914822907067124
2024-10-21T12:47:26.684648838Z,AAPL,0.0,1.0281454825857859,0.0,0.0,0.0,0.0,0.0,0.0,0.0,0.0,0.0914822907067124
2024-10-21T12:47:26.684660963Z,AAPL,0.0,-1.0281454825857859,0.0,0.0,0.0,0.0,0.0,0.0,0.0,0.0,-0.0914822907067124
2024-10-21T12:47:27.032806515Z,AAPL,0.0,-1.0281454825857859,0.0,0.0,0.0,0.0,0.0,0.0,0.0,0.0,-0.0914822907067124
2024-10-21T12:47:29.736524116Z,AAPL,-0.43163914967087513,0.08949723611476705,0.6190992106485064,1.36483835195769,0.0053655264922870555,1.0365379632029024,4.49842555105713,0.44699872286079184,0.7590361445783133,0.7441860465116279,1.0129350777625379
2024-10-21T12:47:29.804925373Z,AAPL,0.0,0.0,1.2393493415956622,0.0,0.0,0.0,0.0,0.0,0.0,0.0,0.11397870049497469
2024-10-21T12:47:29.856681774Z,AAPL,0.0,0.0,-1.2206286237412267,0.0,0.0,0.0,0.0,0.0,0.0,0.0,-0.11225702039900237
2024-10-21T12:47:29.856694723Z,AAPL,0.0,0.0,2.340207693432792,0.0,0.0,0.0,0.0,0.0,0.0,0.0,0.21522086052217684
2024-10-21T12:47:30.078583111Z,AAPL,0.0,0.0,2.2736961773483015,0.0,0.0,0.0,0.0,0.0,0.0,0.0,0.20910402492399077
2024-10-21T12:47:34.313639819Z,AAPL,0.0,1.1325028312570782,0.005779511631267158,0.0,0.0,0.0,0.0,0.0,0.0,0.0,0.10129931684152571
2024-10-21T12:47:34.358474517Z,AAPL,0.3894839337877313,0.0,0.0,0.0,0.0,0.0,0.0,0.0,0.0,0.0,0.016337629818750272
2024-10-21T12:47:34.358488026Z,AAPL,0.0,-1.4352350197344816,-0.11728182131769577,-0.27223848090927655,-3.0274361400189216,-0.012026458208057726,-0.6182380216383307,-2.3744509082274727,-1.9848771266540643,-0.7784986098239111,-1.022719048651323
2024-10-21T12:47:37.064329812Z,AAPL,0.0,-0.007582938388625593,-3.256488795743995,-0.029638411381149973,-0.7429420505200595,-0.19102196752626552,-0.7178136318735595,-0.04748901816454945,-2.0696142991533395,-1.2040939193257074,-0.8472424935989769
2024-10-21T12:47:37.064342466Z,AAPL,0.0,0.0,1.539645881447267,1.4428571428571428,0.07701193685021179,1.461988304093567,0.09870044415199869,0.5170777988614801,0.1885902876001886,1.3241047246464037,0.7932408256306681
2024-10-21T12:47:37.119327456Z,AAPL,0.0,-2.2408963585434174,0.0,0.0,0.0,0.0,0.0,0.0,0.0,0.0,-0.19939039327420988
2024-10-21T12:47:37.400458317Z,AAPL,0.0,0.21336680263570756,0.7301935012778387,1.0955152345087298,0.009302325581395349,1.3675213675213675,3.127932436659368,0.51654163079572,1.2727272727272727,0.7017543859649122,0.981795266945338
2024-10-21T12:47:37.400470025Z,AAPL,0.0,-2.373887240356083,-0.12604263206672844,-0.2796225096120238,-3.4049797829325392,-0.014154281670205236,-0.6673340006673341,-2.345765892563922,-2.077151335311573,-0.7361963190184049,-1.1441590390372682
2024-10-21T12:47:37.454723801Z,AAPL,0.0,2.373887240356083,-3.543859649122807,-0.02896451846488052,-0.8352474420547088,-0.21889821233126594,-0.7161629434954009,-0.04746647680075946,-2.0735155513666355,-1.1719894520949312,-0.6686650013732275
2024-10-21T12:47:38.779143882Z,AAPL,0.0,0.0,0.0,0.0,0.0,0.0,5.897965202005308,0.0,0.0,0.0,0.5853544189081058
2024-10-21T12:47:40.220416792Z,AAPL,0.0,2.0242914979757085,0.006989341254586756,1.5520553207837111,0.07578628268283441,1.5643332029722332,0.08846947803007962,4.562377866913504,0.17667844522968199,1.291837933059307,1.2446755569897483
2024-10-21T12:48:06.501702067Z,AAPL,0.0,0.18046709129511676,0.713393971820938,1.2016522718738265,0.00819840131174421,1.506024096385542,2.78473962684489,0.4066615027110767,1.1341134113411342,0.7052600646488393,0.9512745491916701
2024-10-21T12:48:06.501715510Z,AAPL,0.0,-2.01663725737333,-0.1257396449704142,-0.3004130679684566,-3.279360524697684,-0.01506024096385542,-0.556947925368978,-1.765536723163842,-1.8901890189018904,-0.7405230678812812,-1.0203062907533937
2024-10-21T12:48:06.556937176Z,AAPL,0.0,-0.01008318628686665,-3.5357955539996504,-0.031201248049921998,-0.8049909438518817,-0.2333722287047841,-5.360077332044466,-0.035622050048980315,-1.8949181739879415,-1.1788977306218684,-1.3245015386076748
2024-10-21T12:48:06.556948933Z,AAPL,0.0,0.0,2.492988469928327,0.0,0.0,0.0,0.0,0.0,0.0,0.0,0.22927158357589955
2024-10-21T12:48:08.370665186Z,AAPL,-0.20247558033772295,-0.010124019235636546,-1.107573030596705,-0.05940421071022975,-0.7621951219512195,-5.923731951129211,-0.004014049172102358,-0.3627788862688192,-6.7590402162892875,-1.2287887653598595,-1.8627029060498965
2024-10-21T12:48:08.441224723Z,AAPL,0.0,0.0,-0.9965122072745392,0.0,0.0,0.0,0.0,0.0,0.0,0.0,-0.09164580364911082
2024-10-21T12:48:08.499978640Z,AAPL,0.0,0.0,0.9056945545114911,0.0,0.0,0.0,0.0,0.0,0.0,0.0,0.0832936161774099
2024-10-21T12:48:08.499990971Z,AAPL,0.0,-1.9502681618722575,-0.004329472886676048,0.0,0.0,0.0,0.0,0.0,0.0,0.0,-0.1739290550896026
2024-10-21T12:48:09.562658898Z,AAPL,0.0,-1.7837235228539576,0.0,0.0,0.0,0.0,0.0,0.0,0.0,0.0,-0.1587120856162607
2024-10-21T12:48:09.617544283Z,AAPL,0.0,0.0,0.8209338122113905,2.67478813559322,0.06554153694904145,1.0360010360010359,0.05065000844166808,3.8224903059026283,0.07215007215007216,1.2212045517624202,1.0841275046784753
2024-10-21T12:48:12.154776230Z,AAPL,-0.04466243968576784,0.0,0.0,0.0,0.0,0.0,0.0,0.0,0.0,0.0,-0.001873449308402053
2024-10-21T12:48:13.697844531Z,AAPL,0.0,0.0,-1.954901771024872,-0.060688818085267784,-0.6675567423230974,-0.1340782122905028,-3.5942310808620967,-0.03305511941161888,-0.679431747992588,-1.0869565217391304,-0.8559228322362697
2024-10-21T12:48:13.697858036Z,AAPL,0.0,0.0,1.492955118036764,0.0,0.0,0.0,0.0,0.0,0.0,0.0,0.1373019523551482
2024-10-21T12:48:16.753702442Z,AAPL,0.0,0.0,0.7475936828333801,3.1439688715953307,0.07418397626112759,0.758581452683482,0.04564820450395617,3.6062108771644583,0.055050922102945224,1.1689691817215728,1.0562491815750181
2024-10-21T12:48:19.442007179Z,AAPL,0.006532211970278435,7.2492492492492495,0.0038146099561319857,1.325161504058307,3.6155360658671913,0.07165890361877462,0.30464584920030463,0.05081731176420767,5.063926940639269,0.10793308148947652,1.6119196962587206
2024-10-21T12:48:19.442025239Z,AAPL,0.0,0.0,0.0,0.0,0.0,0.0,0.0,0.0,0.0,0.0,0.0
2024-10-21T12:48:19.442025239Z,AAPL,0.11641964805444857,0.0,0.0,0.0,0.0,0.0,0.0,0.0,0.0,0.0,0.004883439209021064
2024-10-21T12:48:19.442044553Z,AAPL,0.0,0.7503986492824314,0.0,0.0,0.0,0.0,0.0,0.0,0.0,0.0,0.06676894325006372
2024-10-21T12:48:19.442103573Z,AAPL,0.0,0.003487966515521451,0.07598614370320707,0.7607455306200077,2.323555039209991,0.0061633281972265025,0.3452740612861459,1.8477457501847745,0.29612916872311923,0.7293777134587555,0.6431102278761378
2024-10-21T12:48:19.442313654Z,AAPL,0.20953378732320588,0.014449561997651947,4.754308222550468,0.008413967185527976,1.1305822498586773,2.9296591733139956,0.03454231433506045,0.40753948038716253,0.042289258528333803,9.95958688819039,2.58817573297381
2024-10-21T12:48:19.442674818Z,AAPL,-0.008900261445179952,-4.001989389920424,-0.003971405877680699,-1.928175463967221,-2.534504391468005,-0.059648076349537726,-0.3550821127385708,-0.06581834137779728,-2.8938613086307,-0.09180628873077806,-1.100133004301194
2024-10-21T12:48:19.442704447Z,AAPL,0.0,0.0,0.0,0.0,0.0,0.0,0.0,0.0,0.0,0.0,0.0
2024-10-21T12:48:19.442704447Z,AAPL,0.13760591195769892,0.0,0.0,0.0,0.0,0.0,0.0,0.0,0.0,0.0,0.005772136551495524
2024-10-21T12:48:19.446110129Z,AAPL,-3.0687090828195513,-0.0029239766081871343,-0.9026289066907368,-4.460145727533672,-0.04555808656036447,-0.5973715651135005,-0.06488590894344111,-4.860837168529476,-0.023085358111617705,-1.0533875987550874,-1.414059581437217
2024-10-21T12:48:19.520918631Z,AAPL,0.0,0.0,-2.4396135265700485,-0.08673026886383348,-0.44052863436123346,-0.09528346831824677,-4.746415578857265,-0.041990342221289105,-0.25986298133711316,-0.9673518742442564,-0.9367229100229629
2024-10-21T12:48:19.520931496Z,AAPL,0.0,0.0,2.026085855388122,0.0,0.0,0.0,0.0,0.0,0.0,0.0,0.18633215441181752
2024-10-21T12:48:19.523249872Z,AAPL,0.0,0.0,-1.013042927694061,-0.1448349307774228,-0.42643923240938164,-2.712783994574432,-0.004235044997353097,-0.40298206729800523,-1.2094092036040394,-1.0261421939897386,-0.8412223409762489
2024-10-21T12:48:19.551210716Z,AAPL,0.0,0.0,-0.9643201542912246,0.0,0.0,0.0,0.0,0.0,0.0,0.0,-0.0886852111493565
2024-10-21T12:48:19.683603442Z,AAPL,0.0,0.0,0.9417304296645085,0.0,0.0,0.0,0.0,0.0,0.0,0.0,0.0866077117945923
2024-10-21T12:48:19.683615721Z,AAPL,0.0,-0.6210215804999224,-0.004347826086956522,0.0,0.0,0.0,0.0,0.0,0.0,0.0,-0.055657089836985446
2024-10-21T12:48:20.389264986Z,AAPL,0.028837142239204097,3.476382488479263,0.004443950672147539,7.869565217391305,0.042238648363252376,0.6881128505074833,0.05693139766581269,5.025489973943582,0.024042796177195406,1.0776389909380357,1.899962340120222
2024-10-21T12:48:20.657778486Z,AAPL,0.0,0.0027220142905750254,0.07987783390109245,0.7171029042667624,1.6528925619834711,0.0072740498272413166,0.4191114836546522,1.936858415649816,0.2601908065915004,0.6220686250308566,0.5772489804439429
2024-10-21T12:48:20.657790817Z,AAPL,0.0,0.0,-1.998001998001998,-0.10505175343735518,-0.4171011470281543,-2.865329512893983,-0.004733727810650888,-0.350109409190372,-1.2467273407305821,-1.0342280226545186,-0.9480613907207942
2024-10-21T12:48:21.283922667Z,AAPL,0.0,0.0,0.0,2.512562814070352,2.002974714923153,0.0728066982162359,0.46865846514352666,0.05807763043267835,2.587947027594656,0.1009845998485231,0.7449255678086187
2024-10-21T12:48:26.912777281Z,AAPL,0.0,0.0,0.0,0.0,0.0,0.0,0.0,0.0,0.0,0.0,0.0
2024-10-21T12:48:26.912777281Z,AAPL,0.03715937241948803,0.0,0.0,0.0,0.0,0.0,0.0,0.0,0.0,0.0,0.0015587191620015355
2024-10-21T12:48:26.912777281Z,AAPL,0.004164931278633903,1.0315260137966604,0.07537131456439813,0.5672954190894909,1.5406836783822822,0.007850834151128557,0.46328468844104703,1.8637592023110616,0.2508061626657112,0.6430211788721613,0.6431546189390265
2024-10-21T12:48:26.912847872Z,AAPL,0.0,0.27389756231169543,4.7130027333073015,0.005767844268204758,1.5122873345935728,3.8913504141783855,0.046280226773111194,0.3566333808844508,0.0393262109195779,8.914790996784566,2.5978146480529434
2024-10-21T12:48:26.912854091Z,AAPL,0.0,0.5841121495327103,0.0,0.0,0.0,0.0,0.0,0.0,0.0,0.0,0.051973109228163644
2024-10-21T12:48:26.912899501Z,AAPL,0.0,0.0492468134414832,0.34683083326107694,2.2740193291642976,0.0038925652004671084,0.6914433880726015,2.2338880822070815,0.38510911424903727,0.17845761631612495,0.3952569169960474,0.7096360138651825
2024-10-21T12:48:26.913242243Z,AAPL,0.0,-3.4924768518518516,-0.003443526170798898,-2.1231422505307855,-2.0451554115622153,-0.06798096532970768,-0.42767026622474075,-0.05708305584625631,-3.1507919596562255,-0.06590871642774757,-1.0592827350864629
2024-10-21T12:48:27.020695881Z,AAPL,0.0,-1.1249384799268791,-0.05853994490358127,-0.5170630816959669,-1.619925078465121,-0.006798096532970768,-0.42767026622474075,-1.9027685282085436,-0.2983166418069465,-0.4152249134948097,-0.6195487016487513
2024-10-21T12:48:28.369815806Z,AAPL,0.0,0.0,0.6770480704129994,-2.512125357542594,-0.042634832658281815,-0.6695681285570807,-0.06473888649115235,-3.8224903059026283,-0.030816640986132512,-0.7132436375425515,-0.7925156932849083
2024-10-21T12:48:30.038722144Z,AAPL,0.0,0.0,0.6770480704129994,0.0053071513864933,2.0451554115622153,0.06798096532970768,0.42767026622474075,0.05708305584625631,3.1507919596562255,0.06590871642774757,0.5898428891829268
2024-10-21T12:48:32.943736693Z,AAPL,0.0,0.019238862502254556,3.8568461415561592,1.0353306587291315,0.0040908161178155045,3.169124568559774,0.0484613520717228,0.3773228940665975,0.04290617848970252,6.267307148912122,1.9543223615435252
2024-10-21T12:48:32.943740045Z,AAPL,1.1032480493558336,0.0,0.0,0.0,0.0,0.0,0.0,0.0,0.0,0.0,0.04627779650201764
2024-10-21T12:48:32.947835058Z,AAPL,-1.42122487143525,0.0,0.0,0.0,0.0,0.0,0.0,0.0,0.0,0.0,-0.05961592719088808
2024-10-21T12:48:32.947840314Z,AAPL,0.0,-2.5343832020997374,-0.6750485191123112,-0.00484027105517909,-1.908360888049126,-0.06105938024729049,-0.7626310772163966,-0.05178663904712585,-3.167892594444048,-0.04483299708585519,-0.8333268716544873
2024-10-21T12:48:33.022380892Z,AAPL,0.0,0.0,-0.0037160906726124115,-2.2845510065596017,-0.037054191755442334,-0.6413339746673079,-0.1411764705882353,-3.3901413832632787,-0.029612081729345575,-0.4949381327334083,-0.7576927572525944
2024-10-21T12:48:33.022394185Z,AAPL,0.0,0.0,0.7939658594680429,0.0,0.0,0.0,0.0,0.0,0.0,0.0,0.07301831199831893
2024-10-21T12:48:33.321638942Z,AAPL,0.0,0.0,0.7624857033930613,0.0,0.0,0.0,0.0,0.0,0.0,0.0,0.0701231902111191
2024-10-21T12:48:33.323589067Z,AAPL,0.0,0.3561887800534283,0.0,0.0,0.0,0.0,0.0,0.0,0.0,0.0,0.03169295209211617
2024-10-21T12:48:33.378055235Z,AAPL,0.0,0.0,-0.74703520403399,0.0,0.0,0.0,0.0,0.0,0.0,0.0,-0.06870226087357004
2024-10-21T12:48:33.378067107Z,AAPL,0.0,0.0,1.491841491841492,0.004956629491945477,1.6967660646787064,0.08463817181548879,1.1261261261261262,0.03801317790167258,3.750422725735543,0.04580852038479157,0.7554750506012893
2024-10-21T12:48:36.022806384Z,AAPL,0.0,0.029728075544286088,0.3695491500369549,1.9865905140302955,0.0033881077418261903,0.903750564844103,4.937052579609973,0.2660079802394072,0.22122728469844616,0.27627489351905143,0.9518007979798995
2024-10-21T12:48:36.022819468Z,AAPL,0.0,-0.6874919434537876,-0.06273062730627306,-0.5169294391315585,-1.3216586816454652,-0.009932952570151478,-0.963855421686747,-1.2354067576749643,-0.38195707530010914,-0.291497975708502,-0.5320341918212548
2024-10-21T12:48:36.080879057Z,AAPL,0.0,0.35929219437707716,4.0079694504399805,0.0,0.0,0.0,0.0,0.0,0.0,0.0,0.40056826639813553
2024-10-21T12:48:37.062302123Z,AAPL,0.0,-0.715371546096754,0.0,0.0,0.0,0.0,0.0,0.0,0.0,0.0,-0.0636523029588598
2024-10-21T12:48:37.707758529Z,AAPL,0.0,-2.0394542305580194,-0.0036900369003690036,-2.5755450720387607,-0.03383808476440234,-1.2791813239526704,-0.1413427561837456,-2.592181382574651,-0.033098882912701695,-0.6720635405529249,-1.0105246469261662
2024-10-21T12:48:37.707770928Z,AAPL,0.0,0.0,1.6080402010050252,0.005302929868752486,1.6389452332657202,0.15791551519936833,1.0165184243964422,0.03443723813350169,3.3552681340291963,0.0733810310034856,0.7292276777502062
2024-10-21T12:48:38.527186854Z,AAPL,0.0,0.3156316578552829,0.0,0.0,0.0,0.0,0.0,0.0,0.0,0.0,0.028084261973839238
2024-10-21T12:48:40.708153311Z,AAPL,0.0,0.027240315667187435,0.3721622627465575,2.3721275018532246,0.0032454361054766734,1.5791551519936833,5.082592121982211,0.24106066693451186,0.1906058543226685,0.4402861860209136,1.1231370070234574
2024-10-21T12:48:40.708165824Z,AAPL,0.0,-0.3230626337681218,-0.06211747510733534,-0.6409229290177856,-1.24804992199688,-0.01637331150225133,-0.9950248756218906,-1.224814746769551,-0.29329608938547486,-0.4709400112128574,-0.5296273382569835
2024-10-21T12:48:40.708592331Z,AAPL,0.0,-0.3230626337681218,0.0,0.0,0.0,0.0,0.0,0.0,0.0,0.0,-0.02874545507365542
2024-10-21T12:48:40.759899740Z,AAPL,0.0,0.3205770386696053,4.3312101910828025,0.0,0.0,0.0,0.0,0.0,0.0,0.0,0.42685081095552485
2024-10-21T12:48:40.759912108Z,AAPL,0.0,0.3206798412634786,0.0,0.0,0.0,0.0,0.0,0.0,0.0,0.0,0.0285334390503439
2024-10-21T12:48:40.759922567Z,AAPL,0.0,-0.6364612753092804,0.0,0.0,0.0,0.0,0.0,0.0,0.0,0.0,-0.05663102780452121
2024-10-21T12:48:40.945130102Z,AAPL,0.0,0.0,-0.32642402480822585,0.0,0.0,0.0,0.0,0.0,0.0,0.0,-0.030020095956220887
2024-10-21T12:48:43.582578418Z,AAPL,0.0,-0.6918918918918919,0.0,0.0,0.0,0.0,0.0,0.0,0.0,0.0,-0.06156313115579929
2024-10-21T12:48:43.887584328Z,AAPL,0.0,0.0,0.0,0.0,0.0,0.0,0.0,0.0,-2.127659574468085,0.0,-0.19148704353750542
2024-10-21T12:48:45.693722203Z,AAPL,0.0,0.0,0.0,0.0,2.4521824423737124,17.075232459847843,0.08978675645342311,0.3106313582356139,0.031906407870247275,2.352941176470588,3.049593671114817
2024-10-21T12:48:45.865188060Z,AAPL,0.0,0.3979307600477517,0.0,0.0,0.0,0.0,0.0,0.0,0.0,0.0,0.03540706844354005
2024-10-21T12:48:45.865335014Z,AAPL,0.0,0.24613442726412116,0.2276996641429954,4.672897196261682,0.0022355110937238025,1.9120458891013385,4.12796697626419,0.4013761467889908,0.13423533798540457,1.2987012987012987,1.4681794346143195
2024-10-21T12:48:45.865346761Z,AAPL,0.0,-0.8787828857033009,-0.25332900292302696,-1.1682242990654206,-0.8701326952360235,-0.015461925009663703,-0.8412197686645636,-1.8959143046734286,-0.23756999830307143,-1.2942989214175655,-0.7947320002609993
2024-10-21T12:48:46.043153157Z,AAPL,0.0,-2.597095212479828,-0.002210921954455008,-9.701673538685423,-1.0752115824772448,-0.1607717041800643,-0.9184845005740528,-0.05482456140350877,-0.26074995514622334,-0.20512820512820512,-1.5095216103470226
2024-10-21T12:48:46.043165049Z,AAPL,0.0,0.0,0.8795074758135444,0.009701673538685424,2.0744736023234105,6.771706335903453,0.09378663540445487,0.3626802067277178,0.03839508542906508,2.127867252318204,1.6067513152441113
2024-10-21T12:48:46.915333206Z,AAPL,0.0,-0.816451497678216,0.0,0.0,0.0,0.0,0.0,0.0,0.0,0.0,-0.07264619115057705
2024-10-21T12:48:59.683517159Z,AAPL,-0.18181818181818182,-0.001979707993071022,-0.9378113826856574,-1.1304347826086956,-0.2002803925495694,-3.6596523330283626,-0.010035122930255895,-0.37040466709880543,-1.4457134595923087,-1.8348623853211008,-1.2068029578803086
2024-10-21T12:48:59.683569805Z,AAPL,0.0,-0.2568604826167662,-0.0022930520522815865,-4.0650406504065035,-0.22631655302480777,-0.8203445447087776,-3.7374445223078716,-0.0043052416316865785,-0.28914269191846176,-7.339449541284404,-2.144324331953854
2024-10-21T12:49:03.380177241Z,AAPL,0.0,0.0,-0.0023489341711198544,-7.640878701050621,-0.9903902726024711,-0.08040201005025126,-0.8731717965509713,-0.06824385805277525,-0.3398550159794216,-0.1265022137887413,-1.0365280810688793
2024-10-21T12:49:03.380740871Z,AAPL,0.0,0.0,0.0,-3.3449246564000665,-0.020389438270975634,-0.774593338497289,-0.12510425354462051,-0.519852152140217,-0.03411513859275053,-1.1895106785617735,-0.7149966241337284
2024-10-21T12:49:03.398241224Z,AAPL,0.0,0.0,0.4903463070793748,0.00662361318099023,1.023614067092328,0.07745933384972889,0.8517887563884157,0.07243752263672583,0.40512915814904293,0.09664170089393574,0.2879264066257576
2024-10-21T12:49:03.416667326Z,AAPL,0.0,0.0,0.0,0.0,0.0,0.0,0.0,0.0,3.718508877939946,0.0,0.33466174756020284
2024-10-21T12:49:03.426245015Z,AAPL,0.0,0.0,0.49741963564011693,0.0,0.0,0.0,0.0,0.0,0.0,0.0,0.045745974736993204
2024-10-21T12:49:07.334254534Z,AAPL,0.0,0.21070375052675935,3.004916910437543,2.180430635050423,0.0021761601653881727,3.3915379449294827,0.0726480203414457,0.5821568912822005,0.062156842432404436,6.773553214231181,2.148107057905839
2024-10-21T12:49:07.344508563Z,AAPL,0.0,0.0,0.0,0.0,0.0,5.6777856635912,3.2522943165351794,0.06282393591958536,0.46301655284176413,0.08582463166928908,1.1902007896021682
2024-10-21T12:49:08.577405223Z,AAPL,0.0,0.0,0.0,-0.9372071227741331,0.0,0.0,0.0,0.0,0.0,0.0,-0.09763797455902605
2024-10-21T12:49:08.577417452Z,AAPL,0.0,0.0,0.9804522335927446,-0.004526935264825713,-2.35031435454492,-2.314390467461045,-0.05613247263541959,-0.7340796476417691,-0.09193993257738277,-0.5471200903501067,-0.6124598951786115
2024-10-21T12:49:09.323055469Z,AAPL,0.0,-3.3473936364109775,-0.002667200106688004,-3.946719289590528,-1.20697896749522,-0.045315509233035005,-0.5386479935362241,-0.12121212121212122,-0.7897120086940771,-0.0475850582916964,-0.9630535367172535
2024-10-21T12:49:09.326503177Z,AAPL,0.0,0.21241569752004674,4.2065309861920035,0.003833253473885961,2.360160490913382,2.144146056681881,0.05238344683080146,0.8818342151675485,0.11066027296200663,0.4875866696488481,1.091239046209508
2024-10-21T12:49:10.615504825Z,AAPL,0.0,0.0,0.0,0.0,0.0,0.0,0.0,0.0,0.0,0.0,0.0
2024-10-21T12:49:10.615504825Z,AAPL,14.755043227665706,0.0022026431718061676,0.9847365829640572,0.43526785714285715,0.2444240757714635,1.6130658332493195,0.0051039938752073495,1.0998075336816058,3.4411562284927735,0.4458125464388069,1.4929531786594188
2024-10-21T12:49:10.615504825Z,AAPL,0.11527377521613832,0.8722673499427575,0.2808280828082808,0.38270187523918864,0.954426151276545,0.004073319755600814,0.5378512841199408,4.9603174603174605,0.717458148274684,0.267402376910017,0.8736568756676255
2024-10-21T12:49:10.615529414Z,AAPL,9.153318077803203,0.21926218275502934,0.025859839668994054,0.3791109847407829,3.7004202406309368,0.004293688278231,4.746647680075946,4.552625647960333,0.06838775859121217,0.4248539564524695,1.7509180001352649
2024-10-21T12:49:10.615531617Z,AAPL,0.0,0.002334130828032911,0.0,0.0,0.0,0.0,0.0,0.0,0.0,0.0,0.00020768620645064166
2024-10-21T12:49:10.615537132Z,AAPL,0.0,0.0,0.0,0.0,0.0,0.0,0.0,0.0,0.0,0.0,0.0
2024-10-21T12:49:10.615540557Z,AAPL,0.0,0.26622296173044924,0.0,0.0,0.0,0.0,0.0,0.0,0.0,0.0,0.023687976838233916
2024-10-21T12:49:10.615552303Z,AAPL,-8.953229398663698,-0.028115554930765445,-0.28340654669122856,-5.619863612519672,-0.002106593638087213,-4.7647409172126265,-1.6973363582892196,-0.06614850339011079,-0.7366482504604052,-0.06416426050689765,-1.9175555088148215
2024-10-21T12:49:10.615554379Z,AAPL,1.4513274336283186,0.0,0.0,0.0,0.0,0.0,0.0,0.0,0.0,0.0,0.06087863529009891
2024-10-21T12:49:10.615571841Z,AAPL,-0.029390154298310066,0.0,0.0,0.0,0.0,0.0,0.0,0.0,0.0,0.0,-0.0012328248217381725
2024-10-21T12:49:10.615574342Z,AAPL,-2.680965147453083,0.0,0.0,0.0,0.0,0.0,0.0,0.0,0.0,0.0,-0.11245808192933329
2024-10-21T12:49:10.615598746Z,AAPL,0.0,0.45685279187817257,0.27857093112333725,1.0349957953295814,0.0022592487997740753,0.3486446439466574,1.5508684863523574,0.5638340716874748,0.4528301886792453,0.3234065489826169,0.5246398671848701
2024-10-21T12:49:10.615674329Z,AAPL,0.0,0.0,0.0,0.0,0.0,0.0,0.0,0.0,0.0,0.0,0.0
2024-10-21T12:49:10.615806415Z,AAPL,-2.2408963585434174,0.0,0.0,0.0,0.0,0.0,0.0,0.0,0.0,0.0,-0.09399857604401417
2024-10-21T12:49:10.719298363Z,AAPL,0.0,-1.9975031210986267,-0.3554610360018229,-0.20431096128307283,-0.9553379508000955,-0.002888295183767781,-0.28366782497695203,-2.4826216484607744,-1.1787819253438114,-0.50199203187251,-0.7695225070258508
2024-10-21T12:49:10.719326799Z,AAPL,-0.22026431718061676,-0.48297512678097076,-4.6981435462651655,-0.002118756290057736,-2.218524681087077,-1.5239532251980386,-0.03006162633398467,-0.4626951995373048,-0.1722652885443583,-0.9322215095146462,-1.1024880549647604
2024-10-21T12:49:11.955975975Z,AAPL,0.0,-6.389026935692277,-0.0031766200762388818,-2.0640899943237523,-1.0734973694000105,-0.03287851389117212,-0.3174351241964924,-0.06558093780741064,-1.2467829568201316,-0.09445100354191263,-1.0456003293228355
2024-10-21T12:49:11.959487373Z,AAPL,0.0,0.38710926158908354,5.058231035568146,0.0020965459405629227,2.094240837696335,1.6739869064390487,0.032517681489309815,0.41459369817578773,0.17133066818960593,1.14797261716693,1.158186535493061
2024-10-21T12:49:13.192050305Z,AAPL,0.0,0.0,0.0,0.0,-1.042150337924986,-0.03342245989304813,-0.3333055578701775,-0.05913077756972504,-1.2432278300541775,-0.1190121987503719,-0.26370333244683014
2024-10-21T12:49:13.740463087Z,AAPL,0.0,0.0,0.6088743435573483,2.5837525420100613,0.002142818878234317,1.701912545286039,0.03418511238355696,0.375727972947586,0.17084282460136674,1.491108071135431,0.8588816575751982
2024-10-21T12:49:14.004842455Z,AAPL,0.0,0.0,-3.7557370672889925,-0.0021755683672359406,-1.094554321322135,-0.03547671840354767,-0.34809851187886176,-0.054249547920433995,-1.2074217668235945,-0.1675041876046901,-0.6195815908704723
2024-10-21T12:49:14.004855015Z,AAPL,0.0,0.0,1.2726694241170855,0.0,0.0,0.0,0.0,0.0,0.0,0.0,0.11704303399539637
2024-10-21T12:49:16.380976995Z,AAPL,0.0,0.0,0.0,0.0,2.190580503833516,1.945862633657644,0.03424657534246575,0.3516483516483517,0.18126888217522658,1.9403649310191367,0.8258585725062864
2024-10-21T12:49:17.095404048Z,AAPL,0.0,-5.566331832351922,-0.003183952877497413,-2.0758731641496704,-1.1772933908380931,-0.03849855630413859,-0.37105751391465674,-0.05512172714745062,-1.2789674391317103,-0.1854427445526194,-1.0049619474762546
2024-10-21T12:49:17.098516295Z,AAPL,0.0,0.3464103230276262,4.53954802259887,0.0020865936358894104,2.416772400459187,1.854231687167248,0.04085801838610827,0.3816793893129771,0.1757469244288225,2.012927054478301,1.2953658376963353
2024-10-21T12:49:20.689107718Z,AAPL,0.0,-4.924538420286525,-0.0028266553600452267,-1.9930244145490783,-1.307527995339504,-0.03668715032559846,-0.4499437570303712,-0.06006006006006006,-1.2411044691147168,-0.1926782273603083,-0.956151608730053
2024-10-21T12:49:20.692285781Z,AAPL,0.0,0.3088326127239036,4.081788163576327,0.0020029042111061037,2.6950545748551407,1.7708424651529762,0.05063291139240506,0.4173187271778821,0.17055144968732233,2.091127098321343,1.2783151069518457
2024-10-21T12:49:27.922835826Z,AAPL,0.0,0.0,0.9970089730807578,2.4669153339124215,0.0026950545748551406,3.5066187428771807,2.5569620253164556,0.041731872717788214,1.1370096645821488,0.28776978417266186,1.2525456835011834
2024-10-21T12:49:28.083552407Z,AAPL,-0.04415011037527594,-0.0031414434932851647,-0.9620588058445073,-0.24390243902439024,-0.2750653280154037,-1.355243096730476,-0.005127547750288425,-0.43549265106151336,-5.111167901865576,-1.9746121297602257,-1.1481886357303628
2024-10-21T12:49:28.121990369Z,AAPL,0.05925925925925926,1.2477579349606176,0.2764160415805328,0.21290185224611455,1.1002613120616147,0.0033881077418261903,0.5127547750288425,2.1774632553075666,1.073345259391771,1.1847672778561356,0.8033034473972815
2024-10-21T12:49:31.767415647Z,AAPL,0.0,-1.2109286308938167,-2.676571682004657,-0.0023280176929344663,-2.5738369474293803,-1.7858721598443994,-0.054749520941691755,-0.431266846361186,-0.1567398119122257,-1.9630796938316075,-1.2013292875616874
2024-10-21T12:49:31.770578504Z,AAPL,0.0,0.29442072721919627,0.8716970852628712,2.929256158233224,0.002509410288582183,3.567606136282554,2.924992759918911,0.04136504653567735,1.0335917312661498,0.2697841726618705,1.3483554817447885
2024-10-21T12:49:38.319661255Z,AAPL,0.0,0.0,-2.4785666615329327,-0.0027442371020856204,-2.3070711731456917,-1.902429836127331,-0.0665446681084678,-0.39389463318562284,-0.1567807682257643,-1.8785006462731582,-1.053208735042053
2024-10-21T12:49:38.319673756Z,AAPL,0.0,0.0,0.0,0.6216489237703007,0.0022551728026160003,3.802642836771556,3.600071288540367,0.037914691943127965,1.033858878263117,0.25817555938037867,1.0997754427329143
2024-10-21T12:49:38.866315719Z,AAPL,0.0,0.0,0.0,0.6859886811867604,0.0,0.0,0.0,0.0,0.0,0.0,0.07146610794339275
2024-10-21T12:49:38.920680087Z,AAPL,0.0,0.0,0.0,-0.6744793862237586,0.0,0.0,0.0,0.0,0.0,0.0,-0.07026707282993394
2024-10-21T12:49:38.920693145Z,AAPL,0.0,0.0,0.6982021295164951,-0.003682563063892469,-2.3211280682411655,-1.7551481449300546,-0.06648936170212766,-0.3793266951161688,-0.15544041450777202,-1.8720480893087161,-0.7388794421367
2024-10-21T12:49:39.634329715Z,AAPL,0.0,-4.457079461933158,-0.0018770530267480056,-3.372396931118793,-1.2068347472816345,-0.03631741420010895,-0.6550933508024893,-0.05736137667304015,-1.1026808295397066,-0.17937219730941703,-1.0550162265390215
2024-10-21T12:49:39.637815531Z,AAPL,12.5,0.0,0.0,0.0,0.0,0.0,0.0,0.0,0.0,0.0,0.5243358069955165
2024-10-21T12:49:43.110091934Z,AAPL,0.0,0.9858894571446176,2.3311283858818985,0.003432297923459756,2.2551728026160003,1.834029417105502,0.06550933508024893,0.3824091778202677,0.15174506828528073,1.9551569506726458,1.1237728350476999
2024-10-21T12:49:46.832167455Z,AAPL,-9.523809523809524,0.0,0.0,0.0,0.0,0.0,0.0,0.0,0.0,0.0,-0.3994939481870602
2024-10-21T12:49:46.835474868Z,AAPL,7.8431372549019605,0.024332380315104325,0.8203445447087776,3.754276827371695,0.002256317689530686,3.200256020481638,3.1459274256346363,0.03795066413662239,1.038691249026227,0.2570694087403599,1.7024118910741657
2024-10-21T12:49:46.957490822Z,AAPL,6.666666666666667,0.24332380315104324,0.022337633327748924,1.2067275058450864,2.691943127962085,0.003334722801167153,5.397382269599245,1.845591594335313,0.10400416016640665,1.7204301075268817,1.6579608907519563
2024-10-21T12:49:46.957502527Z,AAPL,5.063291139240507,0.0,0.0,0.0,0.0,0.0,0.0,0.0,0.0,0.0,0.21238918764375353
2024-10-21T12:49:46.957515098Z,AAPL,4.545454545454546,0.532197977647685,0.24376866353830215,0.031575623618566466,0.8870654765204856,3.8051702395964693,0.00481811611659841,3.2428050263477908,4.767524191645032,0.17271157167530224,1.6525018876193678
2024-10-21T12:49:46.957526708Z,AAPL,0.0,0.3507719982011692,0.24255654599478504,1.3357822674903992,0.0022814121941481776,0.2860411899313501,2.3247704289201443,0.32495164410058025,0.5489000217817469,1.0376134889753565,0.7098670456418397
2024-10-21T12:49:46.957541207Z,AAPL,3.4482758620689653,0.0,0.0,0.0,0.0,0.0,0.0,0.0,0.0,0.0,0.1446443605504873
2024-10-21T12:49:46.957573815Z,AAPL,0.0,0.0,0.0,0.0,0.01486988847583643,1.1201344161299356,4.782091917591125,0.0030707815138952864,6.783110055960657,7.4870274277242395,2.4336164585378732
2024-10-21T12:49:46.957576775Z,AAPL,0.0,0.0,0.0,0.0,0.0,0.0,0.0,0.0,0.0,0.0,0.0
2024-10-21T12:49:46.957576775Z,AAPL,2.535211267605634,0.3078817733990148,1.140169600228034,0.004357298474945534,0.2539521300234906,1.505683956937439,0.3498833722092636,0.20038167938931298,0.33264033264033266,1.3427179209528968,0.771779055805833
2024-10-21T12:49:46.957602301Z,AAPL,0.12257405515832481,0.6404098623118796,0.6010970020287023,0.4357298474945534,0.027660604384205797,0.018068207483249266,1.2904266473102668,3.6448739242035333,0.005589714924538848,8.609556607834696,2.0170760015812506
2024-10-21T12:49:46.957613470Z,AAPL,0.0,0.07923407065037967,0.5973715651135005,0.9908347783007184,0.2805049088359046,0.031269543464665414,0.02015959680806384,1.2122130464429122,5.874908736918958,0.008523332623055614,0.8437600517058278
2024-10-21T12:49:46.957631839Z,AAPL,0.0,0.0,0.0,0.0,0.0,0.0,0.0,0.0,0.0,0.0,0.0
2024-10-21T12:49:46.957813627Z,AAPL,0.0,0.0,0.0,-0.5015673981191222,0.0,0.0,0.0,0.0,0.0,0.0,-0.05225315052262359
2024-10-21T12:49:46.957862508Z,AAPL,0.0,0.0,0.014255167498218103,0.0,0.0,0.0,0.0,0.0,0.0,0.0,0.0013109987735122266
2024-10-21T12:49:46.957937664Z,AAPL,0.0,0.0,-0.3844675124951941,0.0,0.0,0.0,0.0,0.0,0.0,0.0,-0.035358156079155205
2024-10-21T12:49:46.957991157Z,AAPL,0.0,0.0,-0.44033465433729635,0.0,0.0,0.0,0.0,0.0,0.0,0.0,-0.040496065152744475
2024-10-21T12:49:46.961681628Z,AAPL,0.0,0.0,0.0,0.0,0.0,0.0,-1.4911463187325256,-3.5659945343082944,-0.0029531192321889995,-6.907269901571404,-1.5912499571479604
2024-10-21T12:49:46.961955264Z,AAPL,0.0,0.0,-0.4101722723543888,-0.7436326454731363,-0.0409962078507738,-1.2583562721195438,-4.077014017902381,-0.003056234718826406,-2.779514974636926,-3.18260595556956,-1.4574026059926168
2024-10-21T12:49:46.966450387Z,AAPL,0.0,0.0,-0.44802867383512546,-0.07562866326337682,-1.806480749689511,-3.469387755102041,-0.0033789491468153407,-2.9518116744151723,-1.3615529792396874,-0.06340148993501347,-1.1166771826299502
2024-10-21T12:49:47.057682799Z,AAPL,-0.3314917127071823,-0.7701193685021178,-0.04991265285749938,-2.8627661477903024,-5.50890004564126,-0.0028754223276543744,-3.116964076989013,-1.4941933574968562,-0.027052617340727718,-0.6288319446627888,-1.4149626323087754
2024-10-21T12:49:47.057708040Z,AAPL,-1.3280212483399736,-0.08173273395995097,-1.9284078582620223,-8.79417122040073,-0.004725897920604915,-2.775850104094379,-1.5734538090045178,-0.030576364470264485,-0.2713520113967845,-0.09342883836810961,-1.7493483684793592
2024-10-21T12:49:47.067321034Z,AAPL,-4.690706537672237,-1.035169210351692,-0.461361014994233,-2.425344853721388,-0.005831753899985421,-0.25793139025019346,-1.569489131287766,-0.34448818897637795,-0.17039691662722292,-0.3789074834227976,-0.8858325167594546
2024-10-21T12:49:48.478529399Z,AAPL,2.2792022792022792,0.0,0.0,0.0,0.0,0.0,0.0,0.0,0.0,0.0,0.0956053893097238
2024-10-21T12:49:48.478675769Z,AAPL,1.2906784335355763,1.0934937124111537,1.66216496987326,0.0045444217223358325,0.8781558726673985,1.1835720203574387,0.31922170707608116,0.25518987341772154,0.16681726558698826,0.7858048162230671,0.7442964922442443
2024-10-21T12:49:48.478687941Z,AAPL,-2.0915032679738563,-1.3494809688581315,-0.40298206729800523,-1.6001600160016003,-0.009624639076034648,-0.23965011083817628,-1.4640216675206794,-0.4727068092290377,-0.18023172650550706,-0.3799271806237138,-0.7142219503861991
2024-10-21T12:49:48.484283756Z,AAPL,-1.9398642095053347,0.0,0.0,0.0,0.0,0.0,0.0,0.0,0.0,0.0,-0.08137122126021595
2024-10-21T12:49:49.367557259Z,AAPL,0.0,0.0,-0.7747433662599265,0.0,0.0,0.0,0.0,0.0,0.0,0.0,-0.07125048534718784
2024-10-21T12:49:49.367580583Z,AAPL,0.0,0.0,-4.2228636403393685,-0.003229974160206718,-8.428150021070374,-1.1751701669672465,-0.03261046796021523,-0.49981257028614273,-0.05131713992473486,-0.8020603384841795,-1.4618973802566928
2024-10-21T12:49:49.367595179Z,AAPL,0.04886988393402565,0.0,0.0,0.0,0.0,0.0,0.0,0.0,0.0,0.0,0.0020499384024259652
2024-10-21T12:49:49.367610194Z,AAPL,0.023116933153534962,1.6012084592145015,0.03404255319148936,3.380952380952381,0.007229351165732876,2.2872827081427265,1.6883985289200936,0.05723279439118615,0.36995930447650754,0.15278838808250572,1.0547983267272703
2024-10-21T12:49:49.367638925Z,AAPL,1.517738569531398,0.0,0.0,0.0,0.0,0.0,0.0,0.0,0.0,0.0,0.06366437421307732
2024-10-21T12:49:49.367647847Z,AAPL,0.8883826879271072,1.4139271827500886,1.4453477868112015,0.0023962139819085843,0.7639419404125286,1.0488777008600798,0.3144418656884031,0.40313549832026874,0.2790373212417161,1.2747365715754304,0.80845609807992
2024-10-21T12:49:49.367661433Z,AAPL,0.0,-0.08261617900172118,0.0,0.0,0.0,0.0,0.0,0.0,0.0,0.0,-0.007351019318302196
2024-10-21T12:49:49.367879143Z,AAPL,-0.7464079119238665,-0.13836042891732964,-4.0629470672389125,-0.0022597593356307555,-6.625807520291535,-0.9828248917432977,-0.02886002886002886,-0.7192950908110052,-0.0952078705172961,-1.086468975828557,-1.3789385049941258
2024-10-21T12:49:49.379300783Z,AAPL,0.022404779686333084,1.3481631277384565,0.03392993468487573,2.5669927690344534,0.006736274840013473,1.8567516130529638,1.4067832021728532,0.07735447689035002,0.7699711260827719,0.14899428855227217,0.8956914712234902
2024-10-21T12:49:49.383394936Z,AAPL,-0.7339449541284404,-0.13545546901456146,-3.716133004926108,-0.002138008445133358,-5.849663644340451,-0.916598602414012,-0.027849335097124558,-0.821186614658181,-0.14988758431176616,-1.0544135429262393,-1.2799529914834913
2024-10-21T12:49:49.457051270Z,AAPL,-1.392757660167131,0.0,0.0,0.0,0.0,0.0,0.0,0.0,0.0,0.0,-0.05842181693543359
2024-10-21T12:49:49.470761871Z,AAPL,0.0,0.0,1.1038289065194895,2.448648374499163,0.0051753137533963,1.7291315436821855,1.5221158917941378,0.10601643254704479,1.2832852101379533,0.2178649237472767,0.9139708732588518
2024-10-21T12:49:49.480799866Z,AAPL,-1.224739742804654,0.0,0.0,0.0,0.0,0.0,0.0,0.0,0.0,0.0,-0.05137399211223677
2024-10-21T12:49:58.322449004Z,AAPL,-0.057820179242555655,-4.982871379632513,-3.019009504752376,-0.0019497928345113332,-5.615611399691142,-0.8621425522833973,-0.03128666405944466,-1.682085786375105,-0.2208317997791682,-1.5751445086705202,-1.7641049280023031
2024-10-21T12:49:58.325910308Z,AAPL,0.5465974309920744,0.12457178449081283,1.0005002501250626,2.353399951255179,0.005615611399691142,1.7072129748186087,1.5799765350019555,0.16820857863751051,1.4722119985277882,0.21676300578034682,0.9541067442749357
2024-10-21T12:50:00.450230177Z,AAPL,1.10573600552868,0.0,0.0,0.0,0.0,0.0,0.0,0.0,0.0,0.0,0.046382158462630343
2024-10-21T12:50:00.450388901Z,AAPL,1.1185682326621924,0.0,0.0,0.0,0.0,0.0,0.0,0.0,0.0,0.0,0.046920430156198345
2024-10-21T12:50:00.450400607Z,AAPL,0.0,-2.4412572474824534,-0.24551927326295114,-0.7953867568104992,-0.005538631957906397,-0.1678556441460344,-1.6142050040355125,-1.797945205479452,-0.9285187914517319,-0.8474576271186441,-0.9001701160976064
2024-10-21T12:50:02.747081660Z,AAPL,0.0,-2.247191011235955,0.0,0.0,0.0,0.0,0.0,0.0,0.0,0.0,-0.19995047864857565
2024-10-21T12:50:08.578493418Z,AAPL,-0.05973715651135006,-3.7798251830852823,-2.8235569331539856,-0.0021152829190904283,-4.865588127964967,-0.865652453396186,-0.03362757461118117,-1.6488046166529267,-0.2282236591860023,-1.490088858509911,-1.559538615760668
2024-10-21T12:50:08.581776469Z,AAPL,0.6237330422579137,0.08857395925597873,0.9249089542748136,2.553146483342147,0.004865588127964967,1.7141632740518535,1.698192517864649,0.16488046166529266,1.5214910612400154,0.20505809979494188,0.9829059053528284
2024-10-21T12:50:09.246492050Z,AAPL,0.0,1.7395085888236574,0.0,0.0,0.0,0.0,0.0,0.0,0.0,0.0,0.1547779308521264
2024-10-21T12:50:09.246504376Z,AAPL,0.0,-1.7086715079026058,0.0,0.0,0.0,0.0,0.0,0.0,0.0,0.0,-0.15203411020694774
2024-10-21T12:50:11.198406052Z,AAPL,0.0,0.8754650908295032,0.9770992366412213,0.001911771734454906,0.6327111673521038,0.8088978766430738,0.33626901521216973,1.1433756805807622,0.8583690987124463,1.7701641684511065,0.8397992196208927
2024-10-21T12:50:11.198419398Z,AAPL,0.0,-3.36417157275021,-0.2385923053981509,-0.7647086937819624,-0.006327111673521037,-0.16177957532861476,-1.601281024819856,-1.9056261343012704,-0.9012875536480686,-0.8565310492505354,-0.9858465441673561
2024-10-21T12:50:11.566181537Z,AAPL,0.0,-1.680672268907563,0.0,0.0,0.0,0.0,0.0,0.0,0.0,0.0,-0.1495427949556574
2024-10-21T12:50:12.467758096Z,AAPL,-0.06928806513078123,-3.10077519379845,-2.7196935556557005,-0.0019497928345113332,-5.615611399691142,-0.8621425522833973,-0.03128666405944466,-1.682085786375105,-0.2208317997791682,-1.5751445086705202,-1.569593825698051
2024-10-21T12:50:12.471274007Z,AAPL,0.6928806513078123,0.07604562737642585,0.9612496245118655,2.182640144665461,0.006639004149377593,1.7003188097768331,1.477148080438757,0.17167381974248927,1.4260249554367201,0.22988505747126436,0.9216917915150594
2024-10-21T12:50:13.271098437Z,AAPL,0.0,0.0,0.0,0.0,0.0,0.0,0.0,0.0,0.0,0.0,0.0
2024-10-21T12:50:14.282020828Z,AAPL,0.0,0.7590132827324478,1.0045203415369162,0.0016859852476290833,0.811853054597118,0.8467400508044031,0.2883625128733265,1.1042944785276074,0.829588662288282,2.0228384991843393,0.8816104367553214
2024-10-21T12:50:14.282033670Z,AAPL,0.0,-2.872531418312388,-0.26988732204304705,-0.6316620607974733,-0.010446591799425439,-0.1686696183849884,-1.2940795858945324,-1.8800358102059087,-0.8453539080845354,-1.046207497820401,-0.9245324254935186
2024-10-21T12:50:15.277451082Z,AAPL,0.14842300556586271,0.6711409395973155,0.0283065600452905,0.6420030495144853,9.781199351701783,0.0017924359204158453,2.447231569287244,7.289787080476362,0.138217000691085,1.7278617710583153,2.2132046618933026
2024-10-21T12:50:15.277477320Z,AAPL,0.0,0.0,0.0,0.0,0.0,0.0,0.0,0.0,0.0,0.0,0.0
2024-10-21T12:50:15.277477320Z,AAPL,-0.8695652173913043,-0.06389776357827476,-1.2972271769093562,-1.8484628048547034,-0.008088978766430738,-1.9036740909956218,-1.1144827586206896,-0.12269938650306748,-1.381692573402418,-0.27548209366391185,-0.9155845530456037
2024-10-21T12:50:16.172964926Z,AAPL,0.0,0.0,0.6760182524928172,0.0,0.0,0.0,0.0,0.0,0.0,0.0,0.06217107585728084
2024-10-21T12:50:16.211482112Z,AAPL,0.0,0.0,-3.9121627096669642,-0.0015557543463887054,-6.9613644274277755,-1.0244966272759548,-0.021715526601520086,-1.1648223645894002,-0.2130681818181818,-2.033582089552239,-1.559595203389993
2024-10-21T12:50:16.211495151Z,AAPL,0.0,0.0,1.3287932895938876,1.849099961700498,0.0070834071188241535,2.0707149143241703,1.0736114802019665,0.11507479861910241,1.4189428875487762,0.28846153846153844,0.9006333849867169
2024-10-21T12:50:16.267055594Z,AAPL,0.0,-1.1173184357541899,0.0,0.0,0.0,0.0,0.0,0.0,0.0,0.0,-0.09941671843420799
2024-10-21T12:50:17.309428619Z,AAPL,-0.10230179028132992,-2.17687074829932,-3.7577833125778333,-0.0016061676839061998,-6.018657839301835,-1.0732121984911274,-0.021834061135371178,-1.1217049915872126,-0.2194586686174104,-2.0055197792088317,-1.661415349056568
2024-10-21T12:50:17.312771757Z,AAPL,1.0,0.05917159763313609,1.3287932895938876,1.849099961700498,0.0070834071188241535,2.0707149143241703,1.0736114802019665,0.11507479861910241,1.4189428875487762,0.28846153846153844,0.9478452177711284
2024-10-21T12:50:19.173366770Z,AAPL,0.0,0.0,0.6756186132927963,0.0,0.0,0.0,0.0,0.0,0.0,0.0,0.06213432241323044
2024-10-21T12:50:19.463071688Z,AAPL,0.0,1.183431952662722,-3.817204301075269,-0.0016061676839061998,-6.018657839301835,-1.0732121984911274,-0.021834061135371178,-1.1217049915872126,-0.2194586686174104,-2.0055197792088317,-1.3635959644644053
2024-10-21T12:50:19.939222379Z,AAPL,0.0,0.5830903790087464,1.1632133769538349,0.0017168118803382118,0.5165289256198348,1.0679767181075452,0.24096385542168675,0.6972883231876038,0.9070294784580498,2.1269296740994856,0.8658135885237003
2024-10-21T12:50:19.939235822Z,AAPL,0.0,-2.1739130434782608,-0.28046557285093254,-0.7113640405477504,-0.004627487274409995,-0.22431583669807087,-1.154068090017311,-1.1211959423384943,-0.982839313572543,-1.0160880609652838,-0.7988981949034348
2024-10-21T12:50:19.998086298Z,AAPL,0.0,-1.0869565217391304,0.0,0.0,0.0,0.0,0.0,0.0,0.0,0.0,-0.09671517717240886
2024-10-21T12:50:20.045656564Z,AAPL,0.0,0.5361930294906166,0.9891196834817013,0.0020324170519790664,0.3724048040219719,1.1599582415033058,0.2634054562558796,0.6488156539649846,1.0037641154328734,1.897475133894415,0.8161726286498141
2024-10-21T12:50:20.045669794Z,AAPL,0.0,-2.14190093708166,-0.24727992087042533,-0.8129668207916265,-0.0037240480402197193,-0.23199164830066116,-1.2543116964565695,-1.0813594232749744,-1.053952321204517,-0.9181331293037491,-0.8015249025080187
2024-10-21T12:50:20.726462052Z,AAPL,0.0,-1.0430247718383312,0.0,0.0,0.0,0.0,0.0,0.0,0.0,0.0,-0.09280621955527109
2024-10-21T12:50:22.114304820Z,AAPL,0.0,0.0,0.0,0.0,0.0,0.0,0.0,1.1843361986628462,0.0,0.0,0.11525639485786288
2024-10-21T12:50:23.016526103Z,AAPL,-2.0,-5.266717573906403,-0.0023404130829091335,-2.2908195406906824,-1.5368228849665246,-0.02691427802449199,-0.5945981816975247,-0.14167650531286896,-1.9525302283922972,-0.14635931211123307,-1.1987206505383674
2024-10-21T12:50:23.019819419Z,AAPL,0.9523809523809523,0.9163303152612632,2.6975081014638507,0.002460781298062135,2.8282542600579794,1.405999860792093,0.02744613695622341,2.0139357158912117,0.27932960893854747,1.5422709586133712,1.2804673709180219
2024-10-21T12:50:23.489361011Z,AAPL,0.0,0.445583156956667,0.8249548852797113,0.002587824286730931,0.2850017812611329,1.309671927182241,0.3184471908408522,0.6107610276296656,1.1162790697674418,0.014404033129276198,0.5199333727932612
2024-10-21T12:50:23.489373964Z,AAPL,0.0,-1.7607571255639924,-0.19425019425019427,-1.0625581086465667,-0.0028926815157651145,-0.25356576862123614,-1.6394786457906385,-1.092327698309493,-1.1693735498839908,-0.8614501076812634,-0.8324163071593206
2024-10-21T12:50:27.730127297Z,AAPL,0.0,-0.8803785627819962,0.0,0.0,0.0,0.0,0.0,0.0,0.0,0.0,-0.07833429118399134
2024-10-21T12:50:27.845945395Z,AAPL,0.0,0.8813484631486174,0.018859917959356876,3.4854172682645106,0.0026977810750657585,2.6178010471204187,1.7259056732740943,0.09854644000985464,4.083865086599817,0.20833333333333334,1.3965993011130888
2024-10-21T12:50:30.292700701Z,AAPL,-1.7937219730941705,-0.045060268108595244,-2.276392097694375,-0.002887669650591972,-2.6977810750657585,-1.3219895287958114,-0.034176349965823645,-2.1420033468802293,-0.27347310847766637,-1.5138888888888888,-1.184539137742446
2024-10-21T12:50:30.295988952Z,AAPL,0.8968609865470852,0.9022217209879327,0.019213218694461787,3.4854172682645106,0.0026977810750657585,2.6178010471204187,1.7259056732740943,0.09562514941429595,3.8654012079378774,0.20833333333333334,1.416163756110167
2024-10-21T12:50:36.089037837Z,AAPL,0.0,0.44657809534442333,0.7718655024362004,0.002973314502341485,0.2679887444727322,1.2755102040816326,0.37138562207091697,0.6085486597440232,0.984009840098401,0.014179369018078694,0.5019702828580999
2024-10-21T12:50:36.089051122Z,AAPL,0.0,-1.7863123813776933,-0.2047921359819783,-1.0914796370830206,-0.002872118905722697,-0.2472952086553323,-1.6943409013893593,-1.0367810417180943,-0.9516616314199395,-0.8800880088008801,-0.8211834230872396
2024-10-21T12:50:36.143652642Z,AAPL,0.0,-0.8746036952006122,0.0,0.0,0.0,0.0,0.0,0.0,0.0,0.0,-0.07782045523001303
2024-10-21T12:50:45.942999977Z,AAPL,0.0,0.8568062546856592,0.0,0.0,0.0,0.0,0.0,0.0,0.0,0.0,0.07623687522640347
2024-10-21T12:50:49.274508773Z,AAPL,0.0,-0.043778045310276896,-2.547488391726467,-0.0027286990927075515,-2.872118905722697,-1.248840803709428,-0.03388681802778719,-2.1461077844311376,-0.20718232044198892,-1.598826549321599,-1.146543953180462
2024-10-21T12:50:49.379316527Z,AAPL,0.0,0.8670207001192153,0.022916069894013177,2.968519429414658,0.003117935926416712,2.4585125998770745,1.59130297778478,0.0969227041434456,2.8828828828828827,0.2335539120280265,1.2016683288730161
2024-10-21T12:50:54.633285417Z,AAPL,-1.7204301075268817,-0.045315509233035005,-2.7659696362073904,-0.0024594195769798324,-3.117935926416712,-1.2415488629379225,-0.03151095005514416,-2.1077393554457773,-0.19305019305019305,-1.697158427403659,-1.2693135784350769
2024-10-21T12:50:54.636598543Z,AAPL,0.8602150537634409,0.9073380968583418,0.024603272235207283,2.763594733829422,0.0033812341504649195,2.385923053981509,1.5315793464250511,0.09613073780341264,2.701236056677721,0.24242424242424243,1.1889179086962731
2024-10-21T12:50:55.034083416Z,AAPL,0.0,-0.045887346564184923,-3.025441784684798,-0.002238513626951704,-3.409768988151053,-1.2343415826458906,-0.029446407538280327,-2.070718742777906,-0.18072289156626506,-1.808378266279552,-1.2577655713946516
2024-10-21T12:50:55.034096364Z,AAPL,0.0,0.0,0.5350812654671928,2.5310615989515073,0.003727171077152441,2.372479240806643,1.434760991547695,0.09440641963653529,2.5389628790025505,0.2589555459646094,1.07118618604297
2024-10-21T12:50:58.090412659Z,AAPL,0.0,0.9630432165643432,0.02908244874218409,0.0,0.0,0.0,0.0,0.0,0.0,0.0,0.08836423657194666
2024-10-21T12:50:58.154681035Z,AAPL,-1.6842105263157894,-0.049340076477118536,-3.51025156318162,-0.001972289334845422,-4.109729785266619,-1.163929703255546,-0.02744613695622341,-2.160598022666988,-0.16051364365971107,-1.9613135402609085,-1.4542918067703292
2024-10-21T12:50:58.158028951Z,AAPL,0.8620689655172413,1.1267605633802817,0.029063430938022234,2.3565013666536507,0.004334164048109221,2.1804306350504223,1.3598115112756648,0.09657170449058426,2.3254606799896185,0.26929982046678635,1.0908691578324174
2024-10-21T12:51:00.690069078Z,AAPL,0.0,-0.057971014492753624,-3.507956114219284,-0.0019523623584537287,-4.334164048109221,-1.1011174707004634,-0.026926960619320095,-2.1632061805890874,-0.15572281339216196,-1.9569120287253141,-1.393597769043573
2024-10-21T12:51:00.690081541Z,AAPL,0.0,0.0,0.6422607578676943,2.1853075634816457,0.0049194441028163815,2.1691973969631237,1.2829469672912035,0.10075566750629723,2.204182041820418,0.27359781121751026,0.9740110625152689
2024-10-21T12:51:01.453112803Z,AAPL,-0.08791208791208792,-1.2139605462822458,-3.876043673731535,-0.0018105282216086542,-4.919444102816382,-1.0954446854663775,-0.02540489044140997,-2.256926952141058,-0.14760147601476015,-1.988144094847241,-1.5965497666288295
2024-10-21T12:51:01.456609178Z,AAPL,0.8791208791208791,0.06259780907668232,0.6987509826185693,2.0721919395682216,0.005608524957936062,2.112490097702667,1.2438423645320198,0.10649627263045792,2.0963968179691155,0.28585040495474034,0.9907982114713603
2024-10-21T12:51:03.745943857Z,AAPL,0.0,0.0,0.6873442735630209,0.0,0.0,0.0,0.0,0.0,0.0,0.0,0.06321269109846736
2024-10-21T12:51:10.314786051Z,AAPL,-0.09174311926605505,-1.2519561815336464,-4.148122690952831,-0.0017168118803382118,-5.608524957936062,-1.0668074993398469,-0.024630541871921183,-2.3855165069222575,-0.14038371548900327,-2.07717960933778,-1.7060335193827554
2024-10-21T12:51:10.318219099Z,AAPL,0.9174311926605505,0.06451612903225806,0.676303998647392,2.0721919395682216,0.005608524957936062,2.112490097702667,1.2438423645320198,0.10649627263045792,2.0963968179691155,0.28585040495474034,0.9905115252195363
2024-10-21T12:51:13.418871996Z,AAPL,0.0,0.0,0.6826521034217936,0.0,0.0,0.0,0.0,0.0,0.0,0.0,0.06278116833305415
2024-10-21T12:51:13.446879874Z,AAPL,0.0,0.0,0.6717608531362834,0.0,0.0,0.0,0.0,0.0,0.0,0.0,0.0617795374670469
2024-10-21T12:51:17.677760514Z,AAPL,-0.09153318077803203,0.0,0.0,0.0,0.0,0.0,0.0,0.0,0.0,0.0,-0.003839529936809274
2024-10-21T12:51:17.750308421Z,AAPL,0.0,0.0,-3.6311672683513843,-0.001778410101369376,-4.9800796812749,-1.1197339246119733,-0.024783147459727387,-2.233300099700897,-0.14749262536873156,-1.9360568383658971,-1.4603341349439365
2024-10-21T12:51:17.750320974Z,AAPL,0.0,0.0,0.6509886890715273,2.037302725968436,0.005687473339968719,2.158079309414621,1.214307183648933,0.105318588730911,2.0949263502454993,0.27803521779425394,0.9423851125407228
2024-10-21T12:51:18.770505841Z,AAPL,0.0,0.0,0.6309645871125482,0.0,0.0,0.0,0.0,0.0,0.0,0.0,0.058027645058369076
2024-10-21T12:51:18.773039140Z,AAPL,0.0,0.7920792079207921,1.3144922773578704,0.0016323199347072026,0.6522093592043047,1.029336078229542,0.2509710188228264,0.7114624505928854,0.5353557885344635,0.0199501246882793,0.5390734013329532
2024-10-21T12:51:18.773052313Z,AAPL,0.0,-3.1620553359683794,-0.31842063365706097,-0.652927973882881,-0.006522093592043046,-0.2058672156459084,-1.1951000896325068,-1.1857707509881423,-0.5621235779611867,-1.1970074812967582,-0.882965928512204
2024-10-21T12:51:18.820951973Z,AAPL,0.0,0.0,-0.6923409779316313,0.0,0.0,0.0,0.0,0.0,0.0,0.0,-0.06367222083038179
2024-10-21T12:51:18.820965469Z,AAPL,0.0,2.735042735042735,0.03519577650681918,0.0,0.0,0.0,0.0,0.0,0.0,0.0,0.24659536590956893
2024-10-21T12:51:22.821719489Z,AAPL,-3.4408602150537635,-0.06825938566552901,-3.8433370482407256,-0.0016323199347072026,-6.5220935920430465,-1.0396294390118375,-0.023902001792650136,-2.5296442687747036,-0.13383894713361588,-2.174563591022444,-1.816442746945514
2024-10-21T12:51:22.824967410Z,AAPL,0.8771929824561403,2.4806201550387597,0.03519577650681918,1.8777954960911674,0.0077911959485781074,2.0075282308657467,1.1723737666860128,0.12019230769230768,1.9096334185848254,0.3139717425431711,1.0917710084037537
2024-10-21T12:51:22.892872962Z,AAPL,0.0,-0.06191950464396285,-3.8433370482407256,-0.0016323199347072026,-6.5220935920430465,-1.0396294390118375,-0.023902001792650136,-2.5296442687747036,-0.13383894713361588,-2.174563591022444,-1.671545339837043
2024-10-21T12:51:22.892886854Z,AAPL,0.0,0.0,0.6923409779316313,1.8777954960911674,0.0077911959485781074,2.0075282308657467,1.1723737666860128,0.12019230769230768,1.9096334185848254,0.3139717425431711,0.8946903710064172
2024-10-21T12:51:23.690455424Z,AAPL,0.0,0.0,-3.8433370482407256,-0.0016323199347072026,-6.5220935920430465,-1.0396294390118375,-0.023902001792650136,-2.5296442687747036,-0.13383894713361588,-2.174563591022444,-1.6660358684439398
2024-10-21T12:51:23.690468015Z,AAPL,0.0,0.0,0.6923409779316313,1.8777954960911674,0.0077911959485781074,2.0075282308657467,1.1723737666860128,0.12019230769230768,1.9096334185848254,0.3139717425431711,0.8946903710064172
2024-10-21T12:51:25.478030138Z,AAPL,0.0,0.0,0.6923409779316313,0.0,0.0,0.0,0.0,0.0,0.0,0.0,0.06367222083038179
2024-10-21T12:51:25.549228495Z,AAPL,-0.08658008658008658,-1.0723860589812333,-3.8433370482407256,-0.0016323199347072026,-6.5220935920430465,-1.0396294390118375,-0.023902001792650136,-2.5296442687747036,-0.13383894713361588,-2.174563591022444,-1.7650863586855408
2024-10-21T12:51:25.552755288Z,AAPL,0.847457627118644,0.0535475234270415,0.6923409779316313,1.8777954960911674,0.0077911959485781074,2.0075282308657467,1.1723737666860128,0.12019230769230768,1.9096334185848254,0.3139717425431711,0.9350031108693568
2024-10-21T12:51:26.744932781Z,AAPL,0.0,1.0178117048346056,0.03519577650681918,0.0,0.0,0.0,0.0,0.0,0.0,0.0,0.09379964684363448
2024-10-21T12:51:32.421978926Z,AAPL,-1.6528925619834711,-0.04962779156327544,-3.9023601681215645,-0.0016323199347072026,-6.5220935920430465,-1.0396294390118375,-0.023902001792650136,-2.5296442687747036,-0.13383894713361588,-2.174563591022444,-1.7452134622042703
2024-10-21T12:51:32.425290341Z,AAPL,0.8247422680412371,0.9467455621301775,0.03283533081595797,1.9702101611915936,0.006522093592043046,2.058672156459084,1.2070510905288319,0.11293054771315642,1.9986616105286639,0.29925187032418954,0.9780638551993048
2024-10-21T12:51:37.000145065Z,AAPL,-1.6161616161616161,-0.046242774566473986,-3.66062627947532,-0.0017168118803382118,-5.608524957936062,-1.0668074993398469,-0.024630541871921183,-2.3855165069222575,-0.14038371548900327,-2.07717960933778,-1.61786280278485
2024-10-21T12:51:37.003493529Z,AAPL,0.8080808080808081,0.8849557522123894,0.0333555703802535,1.9702101611915936,0.006522093592043046,2.058672156459084,1.2070510905288319,0.11293054771315642,1.9986616105286639,0.29925187032418954,0.9719148724195878
2024-10-21T12:51:39.563904075Z,AAPL,0.0,0.848356309650053,0.0,0.0,0.0,0.0,0.0,0.0,0.0,0.0,0.07548501632968498
2024-10-21T12:51:41.303046432Z,AAPL,0.0,0.0,0.0,0.0,0.0,0.0,0.0,0.0,0.0,0.0,0.0
2024-10-21T12:51:41.303046432Z,AAPL,-1.5841584158415842,-0.039525691699604744,-4.050675392230891,-0.0016879061524179254,-5.68747333996872,-1.0898300512543837,-0.024045686804929366,-2.3591363875724065,-0.1402852466682254,-2.020389249304912,-1.6501834051651083
2024-10-21T12:51:41.303070738Z,AAPL,-0.7807925043919579,-0.4073319755600815,-0.39833764604406807,-0.7113640405477504,-0.49194441028163816,-0.8724100327153762,-0.002557381241608593,-0.9982530571499876,-4.439511653718091,-1.828471919895516,-1.1328361041458153
2024-10-21T12:51:41.303072249Z,AAPL,-0.16864699118436183,0.0,0.0,0.0,0.0,0.0,0.0,0.0,0.0,0.0,-0.0070742124976014495
2024-10-21T12:51:41.303082314Z,AAPL,0.0,-0.4479283314669653,0.0,0.0,0.0,0.0,0.0,0.0,0.0,0.0,-0.039855750503299515
2024-10-21T12:51:41.303094909Z,AAPL,0.7987220447284344,-0.10510682051867931,0.0,0.0,0.0,0.0,0.0,0.0,0.0,0.0,0.02415169464401018
2024-10-21T12:51:41.303109674Z,AAPL,-0.8103855232100708,-0.11020663744520977,-0.3026202484930496,-0.273103596580829,-1.3531799729364005,-0.22528865108420162,-1.2739867823871327,-0.008830022075055188,-0.7654037504783773,-6.341154090044388,-1.450402643404523
2024-10-21T12:51:41.303116970Z,AAPL,-0.08048289738430583,-5.483870967741936,-0.0026533996683250414,-2.0696435039064522,-1.7223738062755798,-0.023174971031286212,-0.7070149135958337,-0.14228124258951863,-0.8138883703565428,-0.11444921316165951,-1.03356573887555
2024-10-21T12:51:41.303439155Z,AAPL,0.0,0.0,0.2702885330089871,0.0,0.0,0.0,0.0,0.0,0.0,0.0,0.024857507659134453
2024-10-21T12:51:41.305680987Z,AAPL,0.8278145695364238,0.04326663061114116,3.279445727482679,0.002153547970281038,3.0698388334612434,1.2415488629379225,0.03280839895013123,2.232187344294968,0.11286681715575621,0.9977116704805492,1.1687996352998888
2024-10-21T12:51:41.305701541Z,AAPL,0.0,0.10374379792512405,0.3224168570703224,0.921234454168586,0.28312570781426954,0.995334370139969,0.003572066440435792,0.947193937958797,3.6075036075036078,0.9314703925482369,0.8654272021984992
2024-10-21T12:51:41.313465552Z,AAPL,0.8361204013377926,0.0,0.0,0.0,0.0,0.0,0.0,0.0,0.0,0.0,0.03507262923046933
2024-10-21T12:51:41.387831402Z,AAPL,0.0,0.0,0.9993753903810119,2.779824965453708,0.002792126204104426,2.39880059970015,1.9803921568627452,0.09494422027059103,1.396073543159863,0.1304631441617743,1.0744163658562835
2024-10-21T12:51:41.403765587Z,AAPL,0.0,0.6639654947065743,0.9691096305269533,0.23435669088352473,1.0865874363327674,0.002413127413127413,0.40816326530612246,4.340277777777778,0.6501547987616099,0.5475880052151239,0.874414589625638
2024-10-21T12:51:41.611216280Z,AAPL,0.0,0.0,0.47058823529411764,0.0,0.0,0.0,0.0,0.0,0.0,0.0,0.04327838304088598
2024-10-21T12:51:44.445867547Z,AAPL,0.0,1.1259676284306825,0.02484009190834006,0.0,0.0,0.0,0.0,0.0,0.0,0.0,0.10247076388145226
2024-10-21T12:51:45.338942770Z,AAPL,0.0,0.0,0.0,0.0,0.0,0.0,0.0,0.0,0.0,0.0,0.0
2024-10-21T12:51:45.338942770Z,AAPL,-0.24877832074633496,0.0,0.0,0.0,0.0,0.0,0.0,0.0,0.0,0.0,-0.010435470525721519
2024-10-21T12:51:45.339015515Z,AAPL,0.0,-0.06363347120585428,-2.8394989119567136,-0.002384642899725766,-2.544367406653521,-1.2186293436293436,-0.04822182037371911,-1.4068142565551893,-0.08722197993894462,-0.9639619721423833,-0.960688281601206
2024-10-21T12:51:45.441531969Z,AAPL,0.0,0.0,0.4573257874578403,2.930678645137793,0.0024813895781637717,2.4276263882988407,2.558581380620646,0.05913660555884093,1.2946106054038433,0.13256738842244808,1.0894483627376181
2024-10-21T12:51:47.453511166Z,AAPL,0.0,0.0,0.2262059605270599,0.9712273886123588,0.0024813895781637717,0.24276263882988408,2.53324889170361,0.6209343583678297,0.3641092327698309,0.5302695536897923,0.5854115296303184
2024-10-21T12:51:47.453523118Z,AAPL,0.0,0.0,-0.942507068803016,-0.23014959723820483,-1.0309278350515463,-0.002370651336454691,-0.5006257822277848,-2.8797696184305255,-0.5856107083100948,-0.5682074408117249,-0.6721799112825494
2024-10-21T12:51:47.521571778Z,AAPL,0.0,0.0,0.4925501785494397,0.0,0.0,0.0,0.0,0.0,0.0,0.0,0.04529814750000379
2024-10-21T12:51:47.552306498Z,AAPL,0.0,0.0,-0.5226025607525477,0.0,0.0,0.0,0.0,0.0,0.0,0.0,-0.04806196183009287
2024-10-21T12:51:47.562312438Z,AAPL,0.0,-1.5561174868702585,-0.35521991469128034,0.0,0.0,0.0,0.0,0.0,0.0,0.0,-0.17112851917323157
2024-10-21T12:51:48.483479355Z,AAPL,0.0,0.0,0.6017752369489995,0.0,0.0,0.0,0.0,0.0,0.0,0.0,0.05534320081954728
2024-10-21T12:51:49.903491548Z,AAPL,0.0,0.0,0.0,0.0,0.0,0.0,0.0,0.0,0.0,0.0,0.0
2024-10-21T12:51:49.903491548Z,AAPL,-0.010925976509150505,0.0,0.0,0.0,0.0,0.0,0.0,0.0,0.0,0.0,-0.0004583104568111589
2024-10-21T12:51:53.231358842Z,AAPL,0.0,0.0,0.0,0.0,0.0,0.0,0.0,0.0,0.0,0.0,0.0
2024-10-21T12:51:53.231358842Z,AAPL,-0.11013215859030838,-2.2062879205736348,-3.7423455546081703,-0.0017765144785930006,-3.7323877950919098,-1.0446834919321473,-0.03912745769343637,-0.9470457668322587,-0.08712066211703208,-2.1175327829043225,-1.4534699740643662
2024-10-21T12:51:53.231421720Z,AAPL,0.0,-9.656,-0.003420265070542967,-1.723023906956709,-1.9197871127162136,-0.021689621516104544,-0.8504176157934701,-0.06216328222130128,-0.6620103249316732,-0.20855057351407716,-1.3897894653554101
2024-10-21T12:51:53.251975842Z,AAPL,0.0,0.0,0.0,0.0,0.0,0.0,0.0,0.0,0.0,0.0,0.0
2024-10-21T12:51:53.347723046Z,AAPL,0.0,1.1867675419077288,4.274079320113315,0.0017850767583006068,3.4405642525374165,1.2129218205836434,0.03826652635607003,0.8568423065888878,0.10561520859003697,2.3838162930563147,1.440951953188379
2024-10-21T12:51:53.434736360Z,AAPL,0.0,1.142204454597373,0.0,0.0,0.0,0.0,0.0,0.0,0.0,0.0,0.10163102569801961
2024-10-21T12:51:55.283068255Z,AAPL,0.0,0.0,0.0,0.0,0.0,0.0,0.0,0.0,0.0,0.0,0.0
2024-10-21T12:51:57.462291236Z,AAPL,0.0,0.0,0.06503536297861963,2.414482896579316,0.002935995302407516,2.553626149131767,2.1346296100602347,0.03674781809830041,1.702451073532206,0.2974714923153198,1.0361349743175734
2024-10-21T12:52:00.737452427Z,AAPL,0.0,0.0,0.0,0.0,0.0,0.0,0.0,0.0,0.0,0.0,0.0
2024-10-21T12:52:06.174442902Z,AAPL,0.0,-0.10949904188338351,-3.724733837370776,-0.0021287919105907396,-2.735416809136292,-1.3316632605972707,-0.04460303300624443,-0.8072799351292909,-0.1187178472497032,-2.0653718616769305,-1.1974696134135532
2024-10-21T12:52:06.174456062Z,AAPL,0.0,1.0569427929713304,0.06955312119631368,2.414482896579316,0.002935995302407516,2.553626149131767,2.1346296100602347,0.03674781809830041,1.702451073532206,0.2974714923153198,1.1305950737423223
2024-10-21T12:52:06.229293947Z,AAPL,0.0,-1.0214504596527068,0.0,0.0,0.0,0.0,0.0,0.0,0.0,0.0,-0.090886581203898
2024-10-21T12:52:14.295242257Z,AAPL,0.0,0.9882643607164917,0.0,0.0,0.0,0.0,0.0,0.0,0.0,0.0,0.08793374972068305
2024-10-21T12:52:18.388695775Z,AAPL,0.014908684308609765,0.04897159647404506,0.7530829332580251,0.04322221621913663,3.1702672532667933,0.002746121103940684,4.184975936388366,1.7154989384288748,0.0785700255352583,4.01973979362943,1.5781141023165044
2024-10-21T12:52:18.388709390Z,AAPL,2.1860296778863555,0.0,0.0,0.0,0.0,0.0,0.0,0.0,0.0,0.0,0.0916970908216553
2024-10-21T12:52:18.388762155Z,AAPL,0.0,0.6164300448974639,0.3902439024390244,0.9735320961362945,0.0023199164830066117,0.31578116365358805,1.8268176835951773,0.3395311236863379,0.5453365072495131,0.9077155824508322,0.6446404246448907
2024-10-21T12:52:18.392790223Z,AAPL,-0.013689253935660508,0.0,0.0,0.0,0.0,0.0,0.0,0.0,0.0,0.0,-0.0005742212807616882
2024-10-21T12:52:18.392814699Z,AAPL,-0.13986013986013987,-0.9656004828002414,-0.07987220447284345,-3.0464411913175167,-0.0022662889518413596,-3.370975897522333,-1.6499224046393859,-0.033126293995859216,-2.0726347443904696,-0.2107481559536354,-1.282191960690754
2024-10-21T12:52:18.400304638Z,AAPL,-0.04284184219921456,0.0,0.0,0.0,0.0,0.0,0.0,0.0,0.0,0.0,-0.0017970809522159792
2024-10-21T12:52:18.400307812Z,AAPL,0.0,-0.02857823291259824,-0.5275729566933223,-0.2477086945751796,-0.9274824647846502,-0.003343083994985374,-0.31638060586886024,-1.7123287671232876,-0.9810791871058163,-0.8860759493670887,-0.5837900156415642
2024-10-21T12:52:18.400340559Z,AAPL,0.0,-0.09739469198928659,-4.539300488905604,-0.0026770178021683845,-2.191780821917808,-1.7611159546643418,-0.03292723081988805,-0.7533210021859761,-0.14734774066797643,-1.484002722940776,-1.18963959927069
2024-10-21T12:52:18.404398863Z,AAPL,0.0446927374301676,0.0,0.0,0.0,0.0,0.0,0.0,0.0,0.0,0.0,0.0018747202037828524
2024-10-21T12:52:18.404415227Z,AAPL,0.0,0.7720364741641338,0.33855268726195514,1.1233588429403918,0.0021803117845851957,0.3315649867374005,1.6215339711366952,0.358729074137342,0.6402439024390244,0.7910349373764008,0.6430923757882667
2024-10-21T12:52:18.467409967Z,AAPL,0.0,0.0,0.0,1.147529226134978,0.002293183512010549,3.0411313008439143,1.5520553207837111,0.03537318712415989,2.23497131454228,0.1976284584980237,0.9414460906578566
2024-10-21T12:52:18.495352048Z,AAPL,0.0,-1.556420233463035,-0.39094966907803597,-0.2789011295495747,-0.9729992702505472,-0.0029308323563892145,-0.29607698001480387,-1.8027762754642147,-0.995732574679943,-0.8565601631543168,-0.7176857662054859
2024-10-21T12:52:18.604719011Z,AAPL,0.0,0.0,0.0,0.5501684890997869,0.0,0.0,0.0,0.0,0.0,0.0,0.05731639851701028
2024-10-21T12:52:18.625710857Z,AAPL,0.0,0.0,0.606336213430347,-0.002750842445498934,-2.589834898025251,-1.4282684013292795,-0.028561228132809712,-0.8235294117647058,-0.1355319629545968,-1.5308988764044944,-0.7074088908869944
2024-10-21T12:52:20.518048065Z,AAPL,0.0,1.1221559531698697,0.27483853236223715,1.1734506784011733,0.0024929884699283265,0.2909725758347276,1.4378145219266714,0.3925600523413403,0.603448275862069,0.8166042871725078,0.6536728094559119
2024-10-21T12:52:20.518059899Z,AAPL,0.0,-1.788109074653554,0.0,0.0,0.0,0.0,0.0,0.0,0.0,0.0,-0.1591023030820137
2024-10-21T12:52:20.587720643Z,AAPL,0.0,-1.788109074653554,-0.3152538165570311,-0.314243067012334,-0.9612496245118655,-0.0029960302599056255,-0.2895403546869345,-1.9015021867275148,-1.070063694267516,-0.8316831683168316,-0.7457248008357413
2024-10-21T12:52:20.892880686Z,AAPL,-0.06187161639597834,-0.9816535620681439,-0.45521793558666207,-0.43982683982683984,-0.23062730627306272,-1.2070916635231987,-0.003025489751153468,-0.3871467286101432,-4.864996351252736,-1.326595072646873,-1.0550673565944013
2024-10-21T12:52:21.097180887Z,AAPL,0.0,0.0,-0.4203005148681307,0.0,0.0,0.0,0.0,0.0,0.0,0.0,-0.03865359418383217
2024-10-21T12:52:21.275458364Z,AAPL,0.0,0.0,0.41478716233732565,4.643200615502981,0.0022544101899340586,2.950287653046172,1.6123882503192848,0.04104247896572953,1.9096334185848254,0.17942583732057418,1.305242566318184
2024-10-21T12:52:21.522172957Z,AAPL,0.0,2.141327623126338,0.04171011470281543,0.0,0.0,0.0,0.0,0.0,0.0,0.0,0.19436690595012393
2024-10-21T12:52:28.443782882Z,AAPL,-0.058365758754863814,-0.04289544235924933,-0.21711635750421587,-0.6202031165206605,-0.34422008402222526,-0.24915908807773762,-1.3629781071641536,-0.005091001654575537,-0.7259528130671506,-5.873715124816447,-1.2887982406234677
2024-10-21T12:52:28.443920856Z,AAPL,-0.2628696604600219,0.0,0.0,0.0,0.0,0.0,0.0,0.0,0.0,0.0,-0.01102655804415544
2024-10-21T12:52:28.444671301Z,AAPL,-0.17621145374449337,-0.15483870967741936,-0.00863790962587054,-0.2788305360043314,-0.6313629547786284,-0.280988992754024,-0.3902819787296321,-2.266931141966563,-0.006764755623203112,-1.1537352177675224,-0.5880478447476633
2024-10-21T12:52:28.445030581Z,AAPL,-0.7363576594345825,0.0,0.0,0.0,0.0,0.0,0.0,0.0,0.0,0.0,-0.030887895007756922
2024-10-21T12:52:28.447890721Z,AAPL,0.0,0.03289473684210526,0.0,0.0,0.0,0.0,0.0,0.0,0.0,0.0,0.0029269066775860575
2024-10-21T12:52:28.568234235Z,AAPL,0.0,0.0,0.0,0.0,0.0,0.0,0.0,0.10570824524312897,0.0,0.0,0.010287240453538024
2024-10-21T12:52:29.704321659Z,AAPL,0.0,0.0,0.0,0.0,-0.6855184233076264,0.0,0.0,0.0,0.0,0.0,-0.058775174391286024
2024-10-21T12:52:32.192854637Z,AAPL,0.22708840227088403,0.0,0.0,0.0,0.0,0.0,0.0,0.0,0.0,0.0,0.009525646453122117
2024-10-21T12:52:32.193931288Z,AAPL,0.0,-0.20455126566095627,-3.1164471985540922,-0.0024530847540782537,-3.7488284910965324,-1.034412126177796,-0.11929615269907545,-1.2316151202749142,-0.10286302074404252,-1.2421652421652423,-1.1113744339899059
2024-10-21T12:52:32.193964031Z,AAPL,0.0,0.0,-0.03374651177883055,0.0,0.0,0.0,0.0,0.0,0.0,0.0,-0.0031035507339982477
2024-10-21T12:52:32.194704016Z,AAPL,0.0,0.0,0.0,0.0,-1.6595465001643115,-0.06587615283267458,-1.0064023362911378,-0.07803355442840422,-0.8160209620063635,-0.1088139281828074,-0.34982095619300185
2024-10-21T12:52:32.198058929Z,AAPL,0.0,0.0,0.03426462836056932,0.0,0.0,0.0,0.0,0.0,0.0,0.0,0.0031512001357524386
2024-10-21T12:52:32.230152472Z,AAPL,0.0,0.0,0.0,0.0,3.258390355164549,1.1544176477311694,0.1388567461235825,1.1956231651988258,0.11952191235059761,1.164218958611482,0.7688664577247354
2024-10-21T12:52:32.272738336Z,AAPL,0.0,0.0,0.5904059040590406,3.0307595731324546,0.003485535029627048,2.2197558268590454,2.3120064095227195,0.15799868334430547,1.7340816721501837,0.16255757247358438,1.1121500659832433
2024-10-21T12:52:32.272847198Z,AAPL,0.0,0.0,0.0,0.0,-0.7355645457888931,0.0,0.0,0.0,0.0,0.0,-0.06306604313592387
2024-10-21T12:52:32.300899398Z,AAPL,0.0,0.0,0.7196186021408653,0.0,0.0,0.0,0.0,0.0,0.0,0.0,0.0661808502019485
2024-10-21T12:52:32.328927814Z,AAPL,0.0,0.0,0.0,0.0,0.891067052795723,0.0,0.0,0.0,0.0,0.0,0.07639856149992293
2024-10-21T12:52:32.328940616Z,AAPL,0.0,0.0,-0.8977668050723824,0.0,0.6345241069198101,0.20429009193054137,1.4794267221451687,0.005544005544005544,0.8100445524503848,5.288207297726071,1.0601775455262148
2024-10-21T12:52:40.109749794Z,AAPL,0.0,0.0,-0.89736399326977,0.0,0.0,0.0,0.0,0.0,0.0,0.0,-0.08252748308413478
2024-10-21T12:52:40.895621746Z,AAPL,0.0,0.0,0.8603075599526832,0.0,0.0,0.0,0.0,0.0,0.0,0.0,0.07911953023927967
2024-10-21T12:52:52.427835018Z,AAPL,-0.8625336927223719,-0.5851619644723093,-0.05006257822277847,-0.4006284367635507,-0.5126928820308612,-0.267269953175146,-0.35357553257314595,-2.140181915462814,-0.009903441445902451,-0.9587727708533078,-0.6128730009740757
2024-10-21T12:52:52.427874272Z,AAPL,0.0,0.0,0.0,0.0,0.6321553011448482,0.210448782027674,1.4143021302925838,0.005336179295624333,0.9903441445902451,4.793863854266539,1.0747201267886186
2024-10-21T12:52:52.428191381Z,AAPL,0.0,0.0,0.0,0.007816698422004005,0.0,0.0,0.0,0.0,0.0,0.0,0.0008143414439746409
2024-10-21T12:52:52.428267507Z,AAPL,0.0,0.0,0.7379393044922056,0.24788952325184208,0.5087116876510238,0.8310393185477588,0.0034740316136876843,0.585051923358198,4.313133491481562,0.917631636443085,0.8463373552533691
2024-10-21T12:52:54.135441488Z,AAPL,0.0,0.0,0.0,0.0,0.0,0.0,0.0,0.0,0.0,0.0,0.0
2024-10-21T12:52:54.135441488Z,AAPL,1.584158415841584,6.309148264984227,0.4261744966442953,0.19498878814468168,2.0092929800326513,0.002061855670103093,0.3504161191414805,3.0043563166591554,0.8015267175572519,0.5544554455445545,1.3471635043596513
2024-10-21T12:52:54.135462788Z,AAPL,5.063291139240507,0.315955766192733,0.06642863073984888,0.8120178643930166,5.153164692069591,0.002188782489740082,3.3585222502099077,2.793141592920354,0.23300970873786409,1.8995124019503922,1.7008468513424866
2024-10-21T12:52:54.135464840Z,AAPL,0.3053435114503817,2.954209748892171,0.032905561039815734,0.043210543372582906,1.6051364365971108,2.6302026585312706,0.0035069261792039282,4.81811611659841,3.649503161698284,0.25559105431309903,1.6324402399550126
2024-10-21T12:52:54.135475842Z,AAPL,0.0,-0.26109660574412535,-0.07212405337179949,-0.8461131676361714,-4.653493975903614,-0.002256572266726842,-3.2320620555914674,-2.326384890014972,-0.21223912274495932,-1.8772260632725748,-1.381441224091983
2024-10-21T12:52:54.135490428Z,AAPL,0.0,0.2571595558153127,0.0399800099950025,0.0422698932685195,1.6040100250626566,2.637963064145995,0.0032396533570907913,4.184538131603724,3.23303457106274,0.2576766158471119,1.2823762815049409
2024-10-21T12:52:54.135504193Z,AAPL,0.0,2.7958172812328015,0.4498931503767855,0.8315143955929737,0.004136076931030917,0.20563438206868187,1.5969338869370806,0.40979607766611376,0.3757828810020877,0.5175760189777874,0.7206281311105707
2024-10-21T12:52:54.156001750Z,AAPL,0.0,-4.008016032064129,-0.6498656773698349,-0.2077058884619379,-1.6383370878558263,-0.0019509340096571233,-0.32517681489309813,-1.764602082230457,-0.5828476269775187,-0.5454545454545454,-0.9217755915296508
2024-10-21T12:52:54.235547055Z,AAPL,-0.5706874189364463,-0.18399264029438822,-0.11846586702206427,-0.8140836470947389,-4.745895999213605,-0.002012781160368339,-3.0140908748398765,-1.7242851045667946,-0.16382252559726962,-1.9071945508727117,-1.327501983928718
2024-10-21T12:52:54.235576841Z,AAPL,-0.5188067444876784,-0.3386960203217612,-2.2611644997173546,-2.4568724237952266,-0.0038561650438638777,-2.0256241454398136,-1.5221158917941378,-0.10156580617858654,-1.2060842643693634,-0.12872774082814845,-1.0936153117556682
2024-10-21T12:52:57.365726586Z,AAPL,0.0,0.0,0.0,0.0,0.0,0.0,0.0,0.0,0.0,0.0,0.0
2024-10-21T12:52:57.365726586Z,AAPL,8.48356309650053,1.9061913696060038,0.533689126084056,0.8022060666833793,0.004010427110487267,0.20414412575278146,1.4629507717065322,0.3614457831325301,0.3317972350230415,0.5235602094240838,0.9807487823720433
2024-10-21T12:52:57.365728013Z,AAPL,0.46511627906976744,0.1444043321299639,0.11094161697406739,0.8232570105479804,4.396685183498771,0.002154243860404998,2.746121103940684,1.7118644067796611,0.16079324668363928,1.8851251840942562,1.2583159364112901
2024-10-21T12:52:57.365747718Z,AAPL,0.0,1.349072512647555,0.0595503945213637,0.043138312213534646,1.4217167229429535,2.57150466045273,0.002824459822059031,3.1070374398011493,2.6209939016478523,0.27726432532347506,1.1994830966757464
2024-10-21T12:52:57.365754933Z,AAPL,0.0,0.311284046692607,0.6141563027790573,0.022669311419665626,0.07176818875033641,0.8803301237964236,3.226410050788559,0.0030890416248358942,4.735969689793985,4.6139789858382825,1.696498423347836
2024-10-21T12:52:57.365762251Z,AAPL,0.0,0.13690105787181084,0.0,0.0,0.0,0.0,0.0,0.0,0.0,0.0,0.012181177261789394
2024-10-21T12:52:57.365775239Z,AAPL,0.0,0.0,0.07447528774542993,0.0,0.0,0.0,0.0,0.0,0.0,0.0,0.0068492363140197
2024-10-21T12:52:57.365803525Z,AAPL,0.0,0.0,-0.713393971820938,0.0,0.0,0.0,0.0,0.0,0.0,0.0,-0.06560839233949184
2024-10-21T12:52:57.366029914Z,AAPL,0.0,1.0940919037199124,0.0,0.0,0.0,0.0,0.0,0.0,0.0,0.0,0.09735006892627587
2024-10-21T12:52:57.366051623Z,AAPL,2.1915444348576356,1.0408534998698933,3.1268321282001175,0.0032198341785398053,0.3716781267422412,1.311647429171039,0.2178649237472767,0.19712140175219023,0.2027540762017403,0.007457121551081283,0.750745974415404
2024-10-21T12:52:57.366331535Z,AAPL,0.0,-1.0178117048346056,0.0,0.0,0.0,0.0,0.0,0.0,0.0,0.0,-0.09056281221233196
2024-10-21T12:52:57.369838111Z,AAPL,-0.5477308294209703,-0.1151531012823868,-0.08314279775514445,-0.08151620134501733,-1.4705882352941178,-3.1241102627151545,-0.0020423793719683433,-3.0186401026337637,-1.6278507534853734,-0.2104155707522357,-1.092804271141948
2024-10-21T12:52:57.369858806Z,AAPL,-0.3741231488698363,0.0,0.0,0.0,0.0,0.0,0.0,0.0,0.0,0.0,-0.015693293054269548
2024-10-21T12:52:57.436165494Z,AAPL,-2.7874564459930316,0.0,0.0,0.0,0.0,0.0,0.0,0.0,0.0,0.0,-0.11692505800596885
2024-10-21T12:52:57.442081954Z,AAPL,-2.3710729104919976,0.0,0.0,0.0,0.0,0.0,0.0,0.0,0.0,0.0,-0.09945907423744237
2024-10-21T12:52:57.473399287Z,AAPL,0.0,-0.12001200120012001,-0.13575428474461226,-1.7703031644169065,-5.441226191817875,-0.002144082332761578,-2.149844136300118,-1.6836139356559428,-0.09445843828715364,-1.703098270290819,-1.3303563452012537
2024-10-21T12:52:57.623765735Z,AAPL,-0.09130335539831089,-0.24132730015082957,-2.4305028102688744,-4.913494809688581,-0.004665811267934212,-2.1221284948803647,-1.0793481164841037,-0.10922992900054616,-0.7214170692431562,-0.11567379988432619,-1.2634038732192288
2024-10-21T12:52:59.389259843Z,AAPL,1.707941929974381,0.0,0.0,0.0,0.0,0.0,0.0,0.0,0.0,0.0,0.07164280881236776
2024-10-21T12:52:59.389271786Z,AAPL,-3.1651829871414443,-1.6070863650743434,-0.5263850506645611,-1.3310040761999835,-0.00638060296698038,-0.19763822323237312,-1.0455329604265775,-0.48225973131243544,-0.20578147966683,-0.48999591670069415,-0.73840663435557
2024-10-21T12:53:00.698553118Z,AAPL,0.0,0.0,-0.010703773080010704,-0.3327510190499959,-2.552241186792152,-0.0019763822323237315,-0.20910659208531548,-2.296474911011597,-0.34296913277805,-0.5144957125357289,-0.6114961711599103
2024-10-21T12:53:02.267851771Z,AAPL,-2.759096395930333,0.0,0.0,0.0,0.0,0.0,0.0,0.0,0.0,0.0,-0.11573544282708417
2024-10-21T12:53:11.670955032Z,AAPL,0.8871812783793224,0.02768166089965398,0.5442917403728399,1.3310040761999835,0.00638060296698038,0.19763822323237312,1.0455329604265775,0.48225973131243544,0.20578147966683,0.48999591670069415,0.503966208608
2024-10-21T12:53:11.670966379Z,AAPL,-2.644628099173554,0.0,0.0,0.0,0.0,0.0,0.0,0.0,0.0,0.0,-0.11093385668665473
2024-10-21T12:53:11.727234767Z,AAPL,-2.5612293901072514,-1.8849721706864564,-0.009973818725844658,-0.2916514764855997,-3.1601817104483505,-0.001910949742021785,-0.21346995410395989,-2.6113069591330462,-0.34423407917383825,-0.5388069275176395,-0.9694612149566025
2024-10-21T12:53:26.529763238Z,AAPL,-0.6446361712518314,-5.398110661268556,-0.6085289889793963,-0.00551191952597492,-0.7777561734396268,-0.7328691828508612,-0.0022808918287050236,-0.5206299622543278,-1.6860563142808969,-0.9924385633270322,-1.0947172031658905
2024-10-21T12:53:28.427368134Z,AAPL,0.0,-2.6472534745201854,0.0,0.0,0.0,0.0,0.0,0.0,0.0,0.0,-0.23554722170381512
2024-10-21T12:53:35.578849770Z,AAPL,0.0,1.6893914200199536,0.009023234829686443,0.24676125848241826,2.85561306442977,0.0017216889768863254,0.2625705658395694,2.459722051408191,0.3892853832607285,0.7636363636363637,0.8435681168783286
2024-10-21T12:53:35.578862371Z,AAPL,0.0,-2.5062656641604013,0.0,0.0,0.0,0.0,0.0,0.0,0.0,0.0,-0.22300241353036634
2024-10-21T12:53:35.589718097Z,AAPL,0.0,-2.300834052343975,0.0,0.0,0.0,0.0,0.0,0.0,0.0,0.0,-0.20472352717541828
2024-10-21T12:53:35.644427153Z,AAPL,0.0,2.2290331568682085,0.0,0.0,0.0,0.0,0.0,0.0,0.0,0.0,0.198334829754508
2024-10-21T12:53:35.644439352Z,AAPL,0.0,-2.177463255307567,-0.531658817373103,-0.003902819787296321,-0.6037735849056604,-0.6442261233693026,-0.0034731266822957364,-0.42056566081379454,-2.4230676035861403,-2.777777777777778,-1.0863582051459288
2024-10-21T12:53:38.058449683Z,AAPL,0.0,0.0,-0.8445945945945945,0.0,0.0,0.0,0.0,0.0,0.0,0.0,-0.07767446280564416
2024-10-21T12:53:38.058462269Z,AAPL,0.0,0.0,1.6685785796224841,0.0,0.0,0.0,0.0,0.0,0.0,0.0,0.15345343866827857
2024-10-21T12:53:42.548560344Z,AAPL,0.0,0.0,-0.8415737428992215,0.0,0.0,0.0,0.0,0.0,0.0,0.0,-0.07739664545498227
2024-10-21T12:53:43.243634699Z,AAPL,-0.06619776582540339,-0.9877775006235969,-0.8424599831508003,-0.20019704433497537,-0.01622388967755019,-0.1716148961729878,-1.1837821840781297,-0.007042253521126761,-0.4711425206124853,-8.837825894829871,-1.777605877201324
2024-10-21T12:53:58.645821004Z,AAPL,0.0,0.0,-4.605551845845655,-0.0015934985260138636,-8.646779074794638,-0.8628053989407143,-0.09345066583599408,-1.678845793516957,-0.07046388725778038,-1.6471477143936533,-1.7279126525743702
2024-10-21T12:53:58.645833598Z,AAPL,0.0,0.0,0.7934146583358128,1.9137466307277626,0.0088339222614841,1.7382235355466715,1.5377588306942753,0.22748815165876776,1.0473407364114553,0.19071837253655435,0.8191333988104114
2024-10-21T12:53:58.694382577Z,AAPL,0.0,0.0,0.80947080845897,0.0,0.0,0.0,0.0,0.0,0.0,0.0,0.07444424888141876
2024-10-21T12:54:00.371901518Z,AAPL,0.0,0.0,-0.8177450679750589,0.0,0.0,0.0,0.0,0.0,0.0,0.0,-0.07520520409844236
2024-10-21T12:54:00.439608110Z,AAPL,0.0,0.0,0.0,0.0,0.9682885499878964,0.6953196297422972,0.003022974607013301,0.8494372478233171,2.215575495735017,1.017688393506179,0.6255654441337779
2024-10-21T12:54:01.412078010Z,AAPL,0.0,0.0,-4.47617281661413,-0.0016716118517280287,-8.281573498964804,-0.8815186559022474,-0.09480170643071575,-1.9897845880524094,-0.0651253663301856,-1.02275392915787,-1.6182089875726808
2024-10-21T12:54:01.412090878Z,AAPL,0.0,0.0,0.6726645926175061,0.0,0.0,0.0,0.0,0.0,0.0,0.0,0.061862651281851644
2024-10-21T12:54:01.412103389Z,AAPL,0.0,0.0,-0.6060606060606061,0.0,0.0,0.0,0.0,0.0,0.0,0.0,-0.05573731149205012
2024-10-21T12:54:01.467751209Z,AAPL,0.0,0.0,0.5553627212773342,0.0,0.0,0.0,0.0,0.0,0.0,0.0,0.05107480122839719
2024-10-21T12:54:01.467763122Z,AAPL,0.0,0.0,-0.5166289958023894,0.0,0.0,0.0,0.0,0.0,0.0,0.0,-0.04751259358702367
2024-10-21T12:54:01.474174096Z,AAPL,0.0,0.0,0.4771846107963018,0.0,0.0,0.0,0.0,0.0,0.0,0.0,0.04388502903042419
2024-10-21T12:54:01.525937445Z,AAPL,0.0,0.0,-0.44518642181413465,0.0,0.0,0.0,0.0,0.0,0.0,0.0,-0.040942265536731304
2024-10-21T12:54:01.525951049Z,AAPL,0.0,0.0,0.8806693086745927,2.9299672290326497,0.003951788184153329,1.8397571520559288,2.372841536473629,0.26923939869867625,0.894390097823917,0.1189767995240928,1.008816599526853
2024-10-21T12:54:05.277851281Z,AAPL,0.04901960784313726,0.0,0.0,0.0,0.0,0.0,0.0,0.0,0.0,0.0,0.00205621885096281
2024-10-21T12:54:15.649008030Z,AAPL,0.0,-0.014892032762472076,-0.21448302009424255,-0.4817825956037338,-0.5319928788354802,-0.17985611510791366,-1.8361257746155613,-0.011242270938729622,-0.38431975403535745,-3.621876131836291,-0.9349732017984598
2024-10-21T12:54:15.653103106Z,AAPL,0.0,1.5319148936170213,0.43159257660768235,0.30364614465032874,0.4188920305791182,0.7194244604316546,0.004590314436538903,1.1242270938729624,1.9215987701767872,0.7605939876856211,0.7491628034234348
2024-10-21T12:54:23.663963755Z,AAPL,0.0,0.0,0.0,0.0,0.0,0.0,0.0,0.0,0.0,0.0,0.0
2024-10-21T12:54:23.663963755Z,AAPL,7.2394881170018275,3.2206119162640903,0.2700834706789303,0.2359464401580841,1.6245304091785968,0.0018314179753674282,0.45387495744922274,5.053057099545224,0.41945470887845804,0.45985401459854014,1.426711123481159
2024-10-21T12:54:23.663985900Z,AAPL,6.279434850863422,0.17777777777777778,0.04294379730527672,0.9849790691947795,4.251871422280933,0.00195665998141173,4.252152652280216,4.179598593006414,0.1273344651952462,1.5866831946166104,1.8425861443561355
2024-10-21T12:54:23.663993545Z,AAPL,1.2938005390835579,1.506024096385542,0.02395600805792998,0.05322687957418496,1.3166556945358787,2.3492774074254297,0.004649540857840288,6.34719136781974,2.0803295571575697,0.22966507177033493,1.4842340920988164
2024-10-21T12:54:23.664013091Z,AAPL,0.5128205128205129,-0.16011644832605532,-0.046764482375635706,-1.0388261264770808,-3.7845888531786467,-0.0020052135552436337,-4.313598619648442,-2.8523016097147695,-0.12332990750256938,-1.8274525800530288,-1.436776144406245
2024-10-21T12:54:23.664029700Z,AAPL,0.0,0.15492957746478872,0.02612051053725141,0.05638567803777841,1.180463331857754,2.4072596729158358,0.0047231078049356475,4.677815460180096,2.016773162939297,0.2677973666592278,1.1447064911927551
2024-10-21T12:54:23.664035920Z,AAPL,0.0,1.7768450507170341,0.24455857177794083,1.2053638692180202,0.00286697247706422,0.19740413561664116,2.4798512089274642,0.43636363636363634,0.24561403508771928,0.5917159763313609,0.7390092891314741
2024-10-21T12:54:23.664298891Z,AAPL,0.17006802721088435,0.48242591316333566,0.027385323955934522,0.03562464577766983,0.0572655690765927,0.8137110308701623,5.444908086162174,0.004123711340206186,3.6366942449313573,4.919629810034096,1.8253886884359112
2024-10-21T12:54:23.664623467Z,AAPL,2.9368575624082234,0.0,0.0,0.0,0.0,0.0,0.0,0.0,0.0,0.0,0.12319196640129611
2024-10-21T12:54:23.664895724Z,AAPL,-2.762430939226519,0.0,0.0,0.0,0.0,0.0,0.0,0.0,0.0,0.0,-0.11587531646309755
2024-10-21T12:54:23.668403631Z,AAPL,-0.8951406649616368,-0.14632524110409045,-0.033882642846142,-0.06665000416562526,-1.321003963011889,-2.5735607675906182,-0.0032749304077288356,-3.906631506983104,-1.691933997822263,-0.25115110925073253,-1.1118605906181205
2024-10-21T12:54:23.668424256Z,AAPL,-0.5797101449275363,0.0,0.0,0.0,0.0,0.0,0.0,0.0,0.0,0.0,-0.024317022933125404
2024-10-21T12:54:23.764410397Z,AAPL,0.0,-0.1444991789819376,-0.08160767112108538,-1.2339014421223105,-4.190608454127246,-0.002178886588953045,-2.8262559174733273,-1.7866619494073945,-0.10371650821089023,-1.896697713801863,-1.2731636805997728
2024-10-21T12:54:23.774388827Z,AAPL,0.0,-2.5502072043353525,-0.6088936833273403,-0.29987255416448005,-1.3302294645826405,-0.0022916069894013177,-0.2627775587964788,-1.6684741803620589,-0.3753351206434316,-0.525328330206379,-0.7341112044955426
2024-10-21T12:54:23.920194306Z,AAPL,-0.2277432712215321,-0.2470660901791229,-2.265326348577092,-3.3255269320843093,-0.003530761761850119,-2.279072417526067,-1.2788047606989112,-0.09841712457967687,-0.8142493638676844,-0.12872774082814845,-1.1403646198272912
2024-10-21T12:54:28.518577763Z,AAPL,0.0,-2.2605255721955357,0.0,0.0,0.0,0.0,0.0,0.0,0.0,0.0,-0.20113696072023998
2024-10-21T12:54:28.575646585Z,AAPL,0.0,2.197802197802198,0.0,0.0,0.0,0.0,0.0,0.0,0.0,0.0,0.19555596263432123
2024-10-21T12:54:28.575658039Z,AAPL,0.0,-2.1384656508954825,0.0,0.0,0.0,0.0,0.0,0.0,0.0,0.0,-0.19027631755918986
2024-10-21T12:54:33.076706602Z,AAPL,0.19147084421235858,0.11193080641058255,0.14585232452142205,1.0857763300760044,3.7988826815642454,0.002539521300234906,2.3862077193819724,1.4252451845057503,0.12196361418843378,2.126750534061239,1.1945380858534738
2024-10-21T12:54:33.076763116Z,AAPL,-1.1864406779661016,-1.0096889342172362,-1.5670910871694417,-0.3647067269725034,-0.2874595759971254,-1.0845986984815619,-0.0023177656738903696,-0.2730748225013654,-2.0736132711249353,-0.9497964721845319,-0.8644682348456236
2024-10-21T12:54:41.332659042Z,AAPL,-0.01650846058605035,0.0,0.0,0.0,0.0,0.0,0.0,0.0,0.0,0.0,-0.000692478160291231
2024-10-21T12:54:41.336753223Z,AAPL,0.01670843776106934,0.0,0.0,0.0,0.0,0.0,0.0,0.0,0.0,0.0,0.0007008665757667722
2024-10-21T12:54:41.347283222Z,AAPL,-1.1961301671064204,-0.7623196297304655,-0.9020501138952164,-0.6429834431763382,-0.3224577884981592,-0.3018412315122246,-0.8672556778145156,-0.002721273556024219,-0.4146366746138696,-3.7601052829479227,-1.058705000832918
2024-10-21T12:54:41.764117824Z,AAPL,0.0,0.0,0.0,0.3953615067320414,0.24598733165241993,1.2856568903173966,0.002067290299240271,0.2897710808461315,2.0905194940942824,0.7560756075607561,0.5813050883377586
2024-10-21T12:54:41.769791072Z,AAPL,-0.45454545454545453,0.0,0.0,0.0,0.0,0.0,0.0,0.0,0.0,0.0,-0.019066756618018783
2024-10-21T12:54:41.819429794Z,AAPL,0.0,0.0,1.7761989342806395,0.062001085018987837,0.0,0.0,0.0,0.0,0.0,0.0,0.16981016850449923
2024-10-21T12:54:41.838180708Z,AAPL,0.0,0.0,0.0,-1.2400217003797567,-0.2919372449859204,-0.3693103129904903,-0.7601311226186517,-0.0033585222502099076,-0.4235493434985176,-3.0926240915416727,-0.8112281612383958
2024-10-21T12:54:42.700598912Z,AAPL,0.0,-2.457002457002457,0.0,0.4019305324788353,0.2140525499010007,1.4908684308609765,0.001966278326697144,0.3223466838584898,2.244417012680956,0.6740491092922484,0.3937599786460675
2024-10-21T12:54:55.278148479Z,AAPL,0.0,0.047505938242280284,0.09018241442918631,0.6371963361210673,0.04258490365165549,4.078047132359152,0.0021461530207103766,2.9844064761620532,2.2817124138710043,0.20686088605412858,1.190295497898684
2024-10-21T12:54:55.278155149Z,AAPL,0.0,0.0,0.8053150795248641,0.03582478423709493,0.4196170993968004,0.06803299600306148,2.661668228678538,0.0029855202268995375,4.3057050592034445,3.4553540882654805,1.3236435728419416
2024-10-21T12:54:55.278183622Z,AAPL,0.0,2.34192037470726,0.0,0.0,0.0,0.0,0.0,0.0,0.0,0.0,0.20837930444640784
2024-10-21T12:54:55.278306742Z,AAPL,1.4049586776859504,0.0,0.0,0.0,0.0,0.0,0.0,0.0,0.0,0.0,0.058933611364785324
2024-10-21T12:54:55.278317125Z,AAPL,0.0,1.1938498643352426,0.9676190476190476,0.3626802067277178,0.8764721993974254,0.004038364462392731,0.2066115702479339,1.7728924740714478,0.3452243958573073,0.3514644351464435,0.5885938297922069
2024-10-21T12:54:55.278329008Z,AAPL,0.0,1.5693543404386778,0.7542900245144258,1.4625228519195612,0.002374028132233367,0.399082111144368,1.0016527269995492,0.40454633018686187,0.1924545593401558,0.322234156820623,0.62545890619231
2024-10-21T12:54:55.278547157Z,AAPL,0.0,0.0,-0.09003478616738285,-0.7817844229453729,-0.04857611269658145,-4.674218220544098,-0.0020137944922720636,-3.6506342977092268,-1.5150378759468988,-0.16085790884718498,-1.274787506091561
2024-10-21T12:54:55.282480083Z,AAPL,2.916188289322618,1.4124293785310735,3.353594634248585,0.004382601073737263,0.24709661477637757,1.8124150430448573,0.21689733526130964,0.2193211488250653,0.1768737563564006,0.005395926075812762,0.894995988546056
2024-10-21T12:54:55.293445838Z,AAPL,0.0,-0.1615864854939405,-1.6515276630883569,-0.10202780257620202,-2.824382824382824,-0.0037968675842429997,-2.013693113169553,-1.7522553782095767,-0.0900225056264066,-1.1851851851851851,-0.986118739328586
2024-10-21T12:54:55.293461222Z,AAPL,-2.258610954263128,-1.9235138205225293,-0.8663634394628547,-2.300834052343975,-0.002234512038433607,-0.4151530877010898,-0.9634375451611349,-0.36181943487250173,-0.1924545593401558,-0.3090394025238218,-0.8415800675737746
2024-10-21T12:54:55.293478028Z,AAPL,0.0,0.0,-0.17429193899782136,-5.989331348467932,-0.002454590083456063,-3.7268238144041743,-0.9775454897406116,-0.11175265412553549,-0.6764306205646988,-0.07942811755361398,-1.3506406823160795
2024-10-21T12:54:55.293821520Z,AAPL,2.7774740295243303,1.5570260801868432,3.3402922755741127,0.004575611988103408,0.26507620941020543,1.6903313049357673,0.20717210082375573,0.24643066692743987,0.18461538461538463,0.005524098881369976,0.8874406497520654
2024-10-21T12:54:55.347519532Z,AAPL,-7.414272474513438,-1.9561031959953794,-0.8528784648187633,-1.6289961311341885,-0.0029017047515415306,-0.3192083632591174,-0.9863392020515855,-0.43050430504305043,-0.1975386062553892,-0.34349506225848003,-0.9908301752310135
2024-10-21T12:54:55.376645110Z,AAPL,0.0,0.0,1.6771488469601676,0.08234688625836335,3.527692532514979,0.003270378546316736,1.9252984212552946,2.0694600963016083,0.09740259740259741,1.2906943244021896,1.0717745603349391
2024-10-21T12:54:57.286006414Z,AAPL,-0.40899795501022496,-5.414551607445008,-1.0204901566894335,-0.4331348132106118,-1.1462139121713588,-0.0032970656116056707,-0.19535065442469232,-1.949317738791423,-0.3407707910750507,-0.3873943120676403,-1.037875433257311
2024-10-21T12:54:58.232213590Z,AAPL,0.0,0.0,1.485332343111771,0.0,0.0,0.0,0.0,0.0,0.0,0.0,0.13660091193744178
2024-10-21T12:54:58.287022773Z,AAPL,0.0,0.0,-1.4301036825169826,0.0,0.0,0.0,0.0,0.0,0.0,0.0,-0.13152172179032207
2024-10-21T12:54:58.287036014Z,AAPL,0.0,3.6917397323488697,0.08098656359285847,0.0,0.0,0.0,0.0,0.0,0.0,0.0,0.33593153728617453
2024-10-21T12:55:04.801390940Z,AAPL,0.0,-0.09433962264150944,-0.15148646089755727,-5.202025643788385,-0.002872325147206664,-3.3798056611744824,-1.0111122234457903,-0.1044932079414838,-0.7901931387247552,-0.10465724751439039,-1.2425557918032473
2024-10-21T12:55:04.801403945Z,AAPL,0.0,0.0,1.5068751177246187,0.08644910309055544,3.393786025586954,0.003497726477789437,1.9923295313044778,1.6997643890945808,0.10964912280701754,1.5744157441574416,1.0618881981058637
2024-10-21T12:55:05.846852917Z,AAPL,-6.498781478472787,1.0905968226706741,0.7274049827241317,1.7117791804857172,0.0026119890296460754,0.4028197381671702,0.9269988412514485,0.3686150605581885,0.2511961722488038,0.410958904109589,0.3427609803730289
2024-10-21T12:55:07.137227591Z,AAPL,0.0,0.0,0.0,0.0,0.0,0.0,0.0,0.0,0.0,0.0,0.0
2024-10-21T12:55:07.137227591Z,AAPL,-0.14075495841330773,-1.675392670157068,-0.14490128599891322,-4.350333393404217,-0.0025119316754584273,-3.88689145855602,-0.9324224519940916,-0.10052777079668258,-1.208850512682137,-0.12050612572805784,-1.4037570166583593
2024-10-21T12:55:07.137250126Z,AAPL,-1.2496094970321774,-3.1918888471648517,-0.928871823002377,-0.3260780957039211,-0.9984399375975039,-0.003679175864606328,-0.18992450500925884,-1.6173378618793468,-0.6729690754686749,-0.5666741623566449,-0.8686713106911452
2024-10-21T12:55:07.137254976Z,AAPL,-0.3,-0.7242440702516749,-2.9892737823105326,-0.3765752409191994,-0.2576323586242432,-1.3060158354420048,-0.0019743336623889436,-0.3334722801167153,-3.4129692832764507,-1.0502625656414104,-1.1051162052381471
2024-10-21T12:55:07.137277247Z,AAPL,-0.13707165109034267,0.0,0.0,0.0,0.0,0.0,0.0,0.0,0.0,0.0,-0.005749725983253015
2024-10-21T12:55:07.137292058Z,AAPL,0.0,0.0,-0.07518796992481203,-1.1006798316607316,-0.32704564475632525,-0.30021014710297206,-0.8220726506705031,-0.003654636820465966,-0.7580064430547659,-5.026388539834129,-1.1399298019049078
2024-10-21T12:55:07.137297701Z,AAPL,0.0,-0.136123872724179,-7.250337888571858,-0.0025526483726866626,-2.418379685610641,-1.6527573228604155,-0.06064587860716632,-0.886514297021866,-0.12430080795525171,-0.956769804696072,-1.3764271265480124
2024-10-21T12:55:07.137299614Z,AAPL,0.0,0.07590132827324478,2.2103757638798593,0.3219877036191925,0.24490295720320823,1.2672263583082528,0.0021375514348314006,0.40555611882794285,3.8080731150038076,0.9238891333040035,0.9734652425835812
2024-10-21T12:55:07.208362599Z,AAPL,0.0,2.6359143327841843,0.10209290454313424,2.8925768378167875,0.0026270852489163276,2.872531418312388,1.1400191884417856,0.12789086646062028,1.523032466428693,0.13692377909630307,1.237670972833337
2024-10-21T12:55:07.208409169Z,AAPL,0.0,-0.13416065738722122,-5.164741121095422,-0.0026295030239284773,-2.450379808870375,-1.4712308812818646,-0.07166318303971335,-0.9360635185959046,-0.09818360333824251,-0.9643884096438841,-1.1662031591758257
2024-10-21T12:55:07.208422476Z,AAPL,0.0,1.315140555646885,0.0,0.0,0.0,0.0,0.0,0.0,0.0,0.0,0.11701852769832802
2024-10-21T12:55:07.237336751Z,AAPL,0.3958762886597938,0.0,0.0,0.0,0.0,0.0,0.0,0.0,0.0,0.0,0.016605769062785842
2024-10-21T12:55:07.237363330Z,AAPL,0.0,2.5437677689660334,0.3876087288264917,0.32430679422733905,0.8596142481061624,0.0029973772948669914,0.2893937201562726,1.9790223629527013,0.6366530241018644,0.5309734513274336,0.7327607244387055
2024-10-21T12:55:07.393764372Z,AAPL,6.9786535303776684,0.7674875358815532,0.2839698991906858,1.2683313515655965,0.00222135836063753,0.28677946659019216,1.5092061575611229,0.44538706256627786,0.3853211009174312,0.5185825410544511,0.8702624341021826
2024-10-21T12:55:09.549131905Z,AAPL,-5.691924581999288,-0.1549666821633349,-0.34109984556503053,-0.3175611305176247,-0.898876404494382,-0.0027677830058123443,-0.325679856700863,-2.1860312602470215,-0.6436781609195402,-0.558386882339907,-0.7860508197289433
2024-10-21T12:55:12.192189397Z,AAPL,-5.021971123666039,0.0,0.0,0.0,0.0,0.0,0.0,0.0,0.0,0.0,-0.21065594254684905
2024-10-21T12:55:12.209405788Z,AAPL,0.0,-1.4461315979754157,0.0,0.0,0.0,0.0,0.0,0.0,0.0,0.0,-0.1286738438157862
2024-10-21T12:55:12.209418239Z,AAPL,0.0,0.0,0.46307015512850197,3.8445612358655836,0.002300701714022777,2.5873221216041395,1.953200541481338,0.139746127867707,1.3795227097767513,0.14008872285780993,1.1644375504868014
2024-10-21T12:55:12.300974358Z,AAPL,0.0,0.0,0.46307015512850197,0.0,0.0,0.0,0.0,0.0,0.0,0.0,0.04258697104046432
2024-10-21T12:55:12.370199382Z,AAPL,0.0,1.6303240269003465,-2.636810486073184,-0.0029792939073439596,-2.443195699975568,-1.1978178368121442,-0.141559513979002,-1.0892292730367128,-0.08933889219773675,-1.1004543160020193,-0.7799604835299389
2024-10-21T12:55:13.264764014Z,AAPL,0.0,1.6019223067681219,0.044060142093958254,3.3731572696150356,0.00256986829424992,2.251745102454402,2.664204695331047,0.14731156395777067,1.288837744533947,0.1597444089456869,1.2379705925289735
2024-10-21T12:55:15.334545441Z,AAPL,0.03783400331047529,0.09355730384860728,0.43563493792202135,0.06237330422579137,2.8118811881188117,0.002400096003840154,5.210368633580826,2.240461401952085,0.17647058823529413,2.258064516129032,1.4072120540279591
2024-10-21T12:55:15.338653449Z,AAPL,-0.09715168911459483,-1.8591680223100162,-0.04356349379220213,-3.764228910026509,-0.0023296447291788003,-2.4000960038401535,-2.6312361599583167,-0.13309671694764863,-1.3176470588235294,-0.15120967741935484,-1.3232536047946482
2024-10-21T12:55:15.998123326Z,AAPL,0.0,-0.1976284584980237,-2.507661143717862,-0.003450357974639869,-2.1657913260057393,-1.2807506974384986,-0.16436104643199562,-0.9323621227887617,-0.09683666881859264,-1.0845771144278606,-0.9039212874880868
2024-10-21T12:55:15.998136786Z,AAPL,0.0,2.0035061357375405,0.0,0.0,0.0,0.0,0.0,0.0,0.0,0.0,0.17826789481315533
2024-10-21T12:55:16.052529509Z,AAPL,-2.839396628216504,0.0,0.0,0.0,0.0,0.0,0.0,0.0,0.0,0.0,-0.11910378579489993
2024-10-21T12:55:17.765334567Z,AAPL,0.0,-2.0709293295366296,0.0,0.0,0.0,0.0,0.0,0.0,0.0,0.0,-0.18426707325625918
2024-10-21T12:55:17.765347989Z,AAPL,0.0,0.0,0.3727344732795974,0.0,0.0,0.0,0.0,0.0,0.0,0.0,0.03427910877766675
2024-10-21T12:55:20.823373698Z,AAPL,0.0,2.167434299647792,0.03779825183085282,5.713609467455622,0.0018254004472231095,2.9879734070366775,3.33994708994709,0.09839291571006888,1.9465565935259612,0.18703241895261843,1.7618199719884504
2024-10-21T12:55:22.580537870Z,AAPL,-2.255109231853418,0.0,0.0,0.0,0.0,0.0,0.0,0.0,0.0,0.0,-0.0945947615157521
2024-10-21T12:55:23.609032313Z,AAPL,0.0,-0.21627466882941337,-2.4909710040243525,-0.00416579879191835,-1.859254438969973,-1.5438703760317944,-0.1785448593959232,-0.6998906420871739,-0.14917951268025859,-1.438943894389439,-0.9549120250307552
2024-10-21T12:55:23.609045176Z,AAPL,0.0,2.166260492824262,0.044700229088674076,4.478248770985994,0.0019216910881575786,3.0349013657056148,2.7690198766278273,0.09225092250922509,2.335766423357664,0.20732550103662753,1.6213087682604201
2024-10-21T12:55:23.680662027Z,AAPL,-1.9422189851905804,0.0,0.0,0.0,0.0,0.0,0.0,0.0,0.0,0.0,-0.08146999671695329
2024-10-21T12:55:23.701596845Z,AAPL,0.998377636340946,0.0,0.0,0.0,0.0,0.0,0.0,0.0,0.0,0.0,0.0418788114909685
2024-10-21T12:55:23.701735603Z,AAPL,0.13092432573972246,1.5712960098979276,0.27901785714285715,1.111188276963678,0.0022449208665394544,0.2727582679849983,2.293577981651376,0.3380009657170449,0.5646426170737172,0.9188361408882083,0.7827698384017217
2024-10-21T12:55:23.701747931Z,AAPL,0.0,-2.3612750885478158,-0.38634116662864093,-0.25632809996795897,-0.9513050716451632,-0.002638522427440633,-0.43501903208265363,-1.6350555918901242,-0.898972602739726,-1.0007942811755361,-0.7962675324841915
2024-10-21T12:55:24.862826730Z,AAPL,0.0,2.1373230029388193,0.0,0.0,0.0,0.0,0.0,0.0,0.0,0.0,0.19017464707158144
2024-10-21T12:55:26.706482748Z,AAPL,0.0,-1.8613308515588645,0.0,0.0,0.0,0.0,0.0,0.0,0.0,0.0,-0.16561742763818735
2024-10-21T12:55:37.151044095Z,AAPL,0.0,1.7193208682570384,0.0,0.0,0.0,0.0,0.0,0.0,0.0,0.0,0.15298166859852336
2024-10-21T12:55:37.151054693Z,AAPL,0.0,1.0728616684266103,0.3850596842510589,0.8735054867063383,0.002773540424351685,0.24616899501507783,1.896633475580844,0.36684426587474883,0.4992076069730586,1.0313708637730985,0.6895675810249312
2024-10-21T12:55:37.151066136Z,AAPL,0.0,-1.588246972404209,0.0,0.0,0.0,0.0,0.0,0.0,0.0,0.0,-0.14131898034324583
2024-10-21T12:55:42.999639664Z,AAPL,0.0,-0.14958863126402394,-4.257120183405344,-0.0021166260979997883,-2.981292390251174,-1.1916701079582326,-0.11566265060240964,-0.863364810175371,-0.1212366134572641,-1.9764279238440616,-1.2498293418530462
2024-10-21T12:55:42.999652165Z,AAPL,0.0,1.415929203539823,0.0707088562842496,2.5148452963850403,0.0030726686126901215,2.346041055718475,1.8747099767981439,0.12020434739056396,1.825962910128388,0.27235587834770764,1.1330983666243457
2024-10-21T12:55:42.999664407Z,AAPL,0.0,-1.2634238787113075,0.0,0.0,0.0,0.0,0.0,0.0,0.0,0.0,-0.11241688313154283
2024-10-21T12:55:43.053918430Z,AAPL,0.0,1.2095554883580284,0.0,0.0,0.0,0.0,0.0,0.0,0.0,0.0,0.10762378348789374
2024-10-21T12:55:43.053930632Z,AAPL,0.0,-1.1818584724479244,-0.6598259514222626,-0.17082336863682954,-1.734793451154722,-0.00213526931084183,-0.3076923076923077,-2.3226106143305074,-0.7706422018348624,-1.3159268929503916,-0.8673984966669176
2024-10-21T12:55:44.065840207Z,AAPL,0.0,1.1229646266142617,0.0,0.0,0.0,0.0,0.0,0.0,0.0,0.0,0.09991910499563858
2024-10-21T12:55:44.298847396Z,AAPL,0.0,-0.10960405535004795,-7.6489226869455,-0.00162456339858663,-4.863813229571985,-1.0505512793842313,-0.08905380333951762,-1.0645122965427112,-0.10602579961123874,-2.394288852278968,-1.781389939210628
2024-10-21T12:55:44.298860589Z,AAPL,0.0,1.0703773080010703,0.12674271229404308,1.9608480220940623,0.0048638132295719845,2.0802995631370917,1.4990723562152133,0.1425686111441131,1.5833186075278318,0.3294892915980231,0.9643418111778228
2024-10-21T12:55:49.600508142Z,AAPL,-0.080040020010005,-0.1337971635001338,-1.2529365700861395,-0.20609355349101383,-0.5047955577990914,-0.8152035461354257,-0.0029904306220095694,-0.49893975302482224,-3.303600925008259,-2.254428341384863,-1.0148454541481837
2024-10-21T12:55:49.600561018Z,AAPL,0.0,-0.5073120227772745,-0.19623233908948193,-0.3082257753804662,-0.7636800962116657,-0.19781415360269028,-1.1306621440180906,-0.005461496450027308,-0.6391818472355385,-9.066183136899365,-1.797636588022888
2024-10-21T12:55:49.602960660Z,AAPL,0.0,0.0,1.5476881408396208,0.19551997536756216,0.6297229219143576,0.7759456838021338,0.002846569883290635,0.5777007510109763,3.0061626333984672,1.8683274021352312,0.9503464886832864
2024-10-21T12:55:51.620426502Z,AAPL,-1.1961722488038278,0.0,0.0,0.0,0.0,0.0,0.0,0.0,0.0,0.0,-0.05017567531057574
2024-10-21T12:56:02.093908434Z,AAPL,0.0,0.0,-1.4505893019038985,0.0,0.0,0.0,0.0,0.0,0.0,0.0,-0.13340571381596766
2024-10-21T12:56:03.269632443Z,AAPL,0.0,0.0,1.4247551202137132,0.0,0.0,0.0,0.0,0.0,0.0,0.0,0.13102983289315434
2024-10-21T12:56:03.269646561Z,AAPL,0.0,0.0,-1.4064697609001409,0.0,0.0,0.0,0.0,0.0,0.0,0.0,-0.12934819122627667
2024-10-21T12:56:07.124679898Z,AAPL,0.0,1.0372099053545962,0.0,0.0,0.0,0.0,0.0,0.0,0.0,0.0,0.09228882458043942
2024-10-21T12:56:08.881388845Z,AAPL,0.0,0.0,0.8817913556674188,0.1549366696362862,3.0470386593029897,0.0017765144785930006,0.3040206734057916,3.7601052829479227,0.4844290657439446,1.0239739943112556,0.9609025556973957
2024-10-21T12:56:08.881400360Z,AAPL,0.0,0.0,-1.3712718546451834,-0.19656399938090077,-0.8079175924055746,-0.6982325987344534,-0.003063256241384592,-0.8131734092295182,-2.2062879205736348,-1.6779864163004394,-0.8592250861921594
2024-10-21T12:56:09.292369731Z,AAPL,0.0,1.098901098901099,0.0,0.0,0.0,0.0,0.0,0.0,0.0,0.0,0.09777798131716062
2024-10-21T12:56:22.318827078Z,AAPL,0.0,0.0,0.0,0.0,0.0,0.0,0.0,0.0,0.0,0.0,0.0
2024-10-21T12:56:22.318827078Z,AAPL,0.23088023088023088,0.0,0.0,0.0,0.0,0.0,0.0,0.0,0.0,0.0,0.009684701774231762
2024-10-21T12:56:22.318827078Z,AAPL,5.117493472584857,1.1636363636363636,1.0213108162444713,0.15425552427596315,3.442340791738382,0.0016521415885341374,0.3437607425232039,3.9177277179236043,0.39521972334619365,0.9893992932862191,1.3315072277821491
2024-10-21T12:56:22.318852373Z,AAPL,4.310344827586207,0.0691932693819783,1.5441034549314803,0.03272786777941417,7.7210938749400295,0.0017306277852290918,3.409768988151053,3.3807531380753137,0.11455847255369929,3.247553461399058,2.187622708804878
2024-10-21T12:56:22.318854497Z,AAPL,1.3132209405501332,0.0,0.0,0.0,0.0,0.0,0.0,0.0,0.0,0.0,0.055085500930141224
2024-10-21T12:56:22.318867022Z,AAPL,0.0,0.6730607437321219,0.081799591002045,0.36446469248291574,0.1015615081883966,2.1726217262172622,0.0035329447094152974,5.1183621241202815,1.904941531497548,0.4018754186202277,1.1561763535171514
2024-10-21T12:56:22.318873215Z,AAPL,0.0,0.8804159445407279,0.7486430844095079,0.7531892858824083,0.0053354675203414696,0.17755681818181818,1.7828489926903193,0.5005959475566151,0.23240800516462234,0.800533689126084,0.6249121875739663
2024-10-21T12:56:22.318879396Z,AAPL,-2.2290263319044703,0.0,0.0,0.0,0.0,0.0,0.0,0.0,0.0,0.0,-0.09350066564427091
2024-10-21T12:56:22.318888491Z,AAPL,0.0,-0.07978241160471441,-1.872220922068804,-0.0383601054902901,-6.971841155234657,-0.0017834054126354272,-3.204101249599487,-2.282227996836516,-0.10854816824966079,-2.869955156950673,-1.7865190163554612
2024-10-21T12:56:22.318892579Z,AAPL,0.0,0.06634721710283818,0.10566762728146015,0.39759455295462454,0.1168736303871439,2.161532951289398,0.003205385046878756,4.0708324852432325,1.8533810441324892,0.38809831824062097,0.9987757868608922
2024-10-21T12:56:22.418935993Z,AAPL,-0.7543323139653415,0.0,0.0,0.0,0.0,0.0,0.0,0.0,0.0,0.0,-0.031641875406865014
2024-10-21T12:56:22.418961652Z,AAPL,0.0,-0.08620689655172414,-1.8561484918793503,-0.043478260869565216,-6.154238368387508,-0.0018828845791752965,-3.060677940163746,-1.7750439367311073,-0.1141552511415525,-3.1649593783115506,-1.6997801373595003
2024-10-21T12:56:22.418999332Z,AAPL,0.0,-1.5945784333266892,-1.1501018791034638,-0.2327475852438031,-1.7110469468506042,-0.002015519500151164,-0.29276147259020713,-1.6319869441044472,-0.42325909503174447,-0.8405603735823882,-0.7782279204444619
2024-10-21T12:56:22.573764377Z,AAPL,-0.2009132420091324,-1.5628052353975386,-0.19305019305019305,-2.813683781106125,-0.0041446482229820746,-2.056872525325243,-1.4678099113500944,-0.09482418016594231,-0.9403862300587742,-0.20297699594046006,-1.0224579554826003
2024-10-21T12:56:28.426425567Z,AAPL,0.0,-0.1586986708986312,-9.182198554583493,-0.002511616225040814,-3.65296803652968,-1.088772705222875,-0.08964589870013448,-0.6762774549022568,-0.06723442402510085,-1.449468085106383,-1.6373441363761334
2024-10-21T12:56:28.426438060Z,AAPL,0.0,1.5555123468792535,0.15429122468659595,3.0366689728913765,0.0035555555555555557,2.203371157871543,1.4979606970708195,0.08791852882995091,1.0505334740297807,0.20229265003371544,1.0659186907664202
2024-10-21T12:56:29.082300571Z,AAPL,0.0,1.5252621544327931,0.0,0.0,0.0,0.0,0.0,0.0,0.0,0.0,0.1357147195403106
2024-10-21T12:56:43.345471121Z,AAPL,-0.0970873786407767,0.0,0.0,0.0,0.0,0.0,0.0,0.0,0.0,0.0,-0.004072511122295274
2024-10-21T12:56:43.345495320Z,AAPL,0.0,-0.1518314670715506,-7.754577577899132,-0.0027324270783523463,-3.113082730173554,-1.198030959017852,-0.09085402786190189,-0.6118964693027386,-0.0796812749003984,-1.46505376344086,-1.4721318395258973
2024-10-21T12:56:43.349563754Z,AAPL,0.09174311926605504,0.0,0.0,0.0,0.0,0.0,0.0,0.0,0.0,0.0,0.0038483361981322306
2024-10-21T12:56:43.451978758Z,AAPL,0.0,1.5114301908180616,0.11008669327095087,3.6086404066073694,0.0027685492801771874,2.5693730729701953,1.5621374990333308,0.07674106286372066,1.3719185423365488,0.20093770931011384,1.2033998930825442
2024-10-21T12:56:49.157872964Z,AAPL,-0.1445086705202312,0.0,0.0,0.0,0.0,0.0,0.0,0.0,0.0,0.0,-0.00606168563000597
2024-10-21T12:56:49.157900740Z,AAPL,-2.100780695528744,-0.8146332264755799,-1.1008669327095086,-0.37969952911278865,-0.2768549280177187,-1.027749229188078,-0.0030933415822442197,-0.25580354287906887,-3.0623181748583677,-1.4065639651707968,-0.9950243377633669
2024-10-21T12:56:49.161966909Z,AAPL,0.0,0.07421150278293136,0.0,0.0,0.0,0.0,0.0,0.0,0.0,0.0,0.006603188348691366
2024-10-21T12:56:49.162006671Z,AAPL,1.4775725593667546,1.4339487363326762,0.7277936962750716,0.2534854245880862,1.36332651670075,0.002226551628165878,0.3377807802736024,1.3998740113389794,0.5742411812961444,0.9655172413793104,0.7747484338220538
2024-10-21T12:56:49.229676652Z,AAPL,0.0,-0.14548099654482632,-5.905088062622309,-0.002567229317758809,-3.1456432840515887,-1.17013265365232,-0.10108668182966894,-0.6631633483827992,-0.08792497069167644,-1.6214206024544442,-1.3318466056588134
2024-10-21T12:56:49.229690482Z,AAPL,0.0,0.0,1.8621973929236497,2.964145383104126,0.0030543677458766036,2.3589078256767118,1.686847599164927,0.0927643784786642,1.360668185269552,0.22413149047441167,1.1496590741261636
2024-10-21T12:56:52.237667266Z,AAPL,0.0,0.0,-0.9082652134423252,0.0,0.0,0.0,0.0,0.0,0.0,0.0,-0.08353003084639665
2024-10-21T12:56:53.459845124Z,AAPL,0.0,0.0,0.8854454897620365,0.0,0.0,0.0,0.0,0.0,0.0,0.0,0.08143137926896088
2024-10-21T12:56:54.514621370Z,AAPL,0.0,0.0,-0.8647713760674521,0.0,0.0,0.0,0.0,0.0,0.0,0.0,-0.07953005206951265
2024-10-21T12:56:54.514633369Z,AAPL,0.0,0.0,1.6551153408503154,0.0,0.0,0.0,0.0,0.0,0.0,0.0,0.1522152708586038
2024-10-21T12:56:55.487592894Z,AAPL,-0.18083182640144665,-0.6859142607174104,-0.8026487408447878,-0.2513607125185552,-0.3246226261970459,-0.8772891764447857,-0.0038468936333910368,-0.3755515913998686,-2.969561989606533,-1.8494055482166447,-0.9186201417335704
2024-10-21T12:56:55.488162035Z,AAPL,-0.056630486078338836,-0.07228044813877846,-0.3866640362990728,-0.3721449504582035,-0.4685050262842387,-0.2068680182043856,-1.5681662256199158,-0.004133512452206262,-0.5777007510109763,-8.003201280512204,-1.6305514398217738
2024-10-21T12:56:55.488202584Z,AAPL,0.0,-0.7089765580331617,-0.03845784059225075,-0.18236799255640845,-0.7516677628488209,-0.2610214777515158,-0.39204155640497895,-1.670669311893077,-0.005865102639296188,-1.5772870662460567,-0.6394065350574518
2024-10-21T12:56:55.489128406Z,AAPL,0.0,-0.03110419906687403,0.0,0.0,0.0,0.0,0.0,0.0,0.0,0.0,-0.0027675882736739087
2024-10-21T12:56:55.491687427Z,AAPL,0.0,0.0,0.39886039886039887,0.35089258300802667,0.5539199651074037,0.19819641264493112,1.4574603752960467,0.004553734061930784,0.5780346820809249,6.858710562414266,1.4342346928656757
2024-10-21T12:56:55.492269126Z,AAPL,2.116748499727223,0.8560821139986897,0.7781344227215252,0.22255322877420486,0.4509074512456318,0.7774160633594092,0.0036768085301957898,0.4770992366412214,2.734107997265892,1.4198782961460445,0.9268835867802794
2024-10-21T12:56:55.527565335Z,AAPL,0.08781558726673985,0.0,0.0,0.0,0.0,0.0,0.0,0.0,0.0,0.0,0.0036835885453032997
2024-10-21T12:56:56.401563592Z,AAPL,0.0,0.0,-0.8163265306122449,0.0,0.0,0.0,0.0,0.0,0.0,0.0,-0.07507474609133281
2024-10-21T12:56:57.109300963Z,AAPL,-0.13961605584642234,-0.9099804305283757,-0.44728434504792336,-0.31505986137366104,-0.8466666666666667,-0.17803097739006585,-1.3410443382784345,-0.005972823652381663,-0.46959380136182205,-6.077180188392585,-1.3988377077364773
2024-10-21T12:56:57.109313303Z,AAPL,2.1703617269544924,1.0299527062532843,0.8872130420317178,0.19985050552736142,0.7017543859649122,0.6996982551274763,0.0033806626098715348,0.6352231221216452,2.2439133849433412,1.2601260126012601,0.9086382444742758
2024-10-21T12:56:57.109331676Z,AAPL,0.0,0.0,-4.697869027926438,-0.0016501650165016502,-6.250976715111737,-0.8870932326204383,-0.10659086871558003,-1.471022820554917,-0.06594131223211343,-1.2568463534159702,-1.45318872567287
2024-10-21T12:56:57.211996601Z,AAPL,0.0,0.0,0.7650377737400784,1.9917491749174918,0.006250976715111736,1.7566202626147294,1.7942796233789307,0.1970119848957478,0.9847235959995604,0.17296050735082158,0.84108004814031
2024-10-21T12:57:02.679458939Z,AAPL,0.07537688442211056,0.0,0.0,0.0,0.0,0.0,0.0,0.0,0.0,0.0,0.0031618239617820093
2024-10-21T12:57:07.894276467Z,AAPL,0.0,0.0,0.0,0.0,0.0,-0.8908489525909592,-0.11231748408835641,-1.5225148683092609,-0.06462035541195477,-1.2094313453536754,-0.4834923812072113
2024-10-21T12:57:07.914190596Z,AAPL,0.0,0.0,0.0,0.0,0.0,1.6971445542874113,1.8264014466546112,0.2268002268002268,0.9060572353119628,0.16887137630171686,0.5526013658519608
2024-10-21T12:57:11.591940037Z,AAPL,0.0,0.0,0.7976867085452188,0.0,0.0,0.0,0.0,0.0,0.0,0.0,0.07336050570296755
2024-10-21T12:57:11.661884620Z,AAPL,0.0,0.0,-0.7919223916056226,0.0,0.0,0.0,0.0,0.0,0.0,0.0,-0.07283038128044561
2024-10-21T12:57:18.749231265Z,AAPL,0.0,0.0,0.0,0.0,0.0,0.0,0.0,0.0,0.0,0.0,0.0
2024-10-21T12:57:28.505373884Z,AAPL,0.0,0.0,-4.367254635911352,-0.0016392099008278012,-8.697542944118288,-0.8188082691528172,-0.1177740700755717,-2.3063063063063063,-0.05328596802841918,-1.1428571428571428,-1.686024845070934
2024-10-21T12:57:28.505387072Z,AAPL,0.0,0.0,0.0,0.3415592178293912,0.009304489416143289,1.5955961546132673,2.0019821605550048,0.34433285509325684,0.7687687687687688,0.155561317085818,0.5889629514885903
2024-10-21T12:57:28.732652951Z,AAPL,0.0,0.0,0.6181424818420646,-0.0018005041411595247,-7.550018875047188,-0.8220069992675185,-0.12480499219968799,-2.435444414243001,-0.05242005940940067,-1.1035180966843836,-1.1365645577864307
2024-10-21T12:57:30.098442544Z,AAPL,0.0,0.0,-0.5775756263085698,0.0,0.0,0.0,0.0,0.0,0.0,0.0,-0.05311764577973155
2024-10-21T12:57:30.210776056Z,AAPL,0.0,0.0,0.0,0.4008216844531289,0.006482982171799027,1.6225864027259453,2.3374218930803052,0.32679738562091504,0.7382992748846408,0.16415868673050615,0.6289332549157888
2024-10-21T12:57:31.558732931Z,AAPL,0.0,0.0,0.5391562205148942,2.415449269561737,0.0,0.0,0.0,0.0,0.0,0.0,0.3012251708496327
2024-10-21T12:57:32.240045543Z,AAPL,0.0,0.0,0.535475234270415,0.0,0.0,0.0,0.0,0.0,0.0,0.0,0.049245817382534245
2024-10-21T12:57:34.892506576Z,AAPL,0.0,0.0,-0.5427408412483039,0.0,0.0,0.0,0.0,0.0,0.0,0.0,-0.049914010291388165
2024-10-21T12:57:35.231673580Z,AAPL,0.0,0.0,0.5427408412483039,0.0,0.0,0.0,0.0,0.0,0.0,0.0,0.049914010291388165
2024-10-21T12:57:36.202783941Z,AAPL,0.0,0.0,-0.5427408412483039,0.0,0.0,0.0,0.0,0.0,0.0,0.0,-0.049914010291388165
2024-10-21T12:57:36.556498826Z,AAPL,0.4114071996259934,0.237892948173322,0.054562815441276766,0.4247411733474914,6.685128773193021,0.0016309222865530458,4.854368932038835,4.993819530284302,0.09062759610301338,2.910035725885028,2.0987452998098974
2024-10-21T12:57:37.356921695Z,AAPL,0.0,0.0,0.0,0.4437541601952518,0.0,0.0,0.0,0.0,0.0,0.0,0.046230183649647566
2024-10-21T12:57:43.442533026Z,AAPL,0.0,0.0,0.0,-0.4389093103637461,0.0,0.0,0.0,0.0,0.0,0.0,-0.04572544855630912
2024-10-21T12:57:43.442545695Z,AAPL,0.0,0.0,0.6017299736743137,0.046948356807511735,0.0,0.0,0.0,0.0,0.0,0.0,0.06023010472458718
2024-10-21T12:57:48.025719444Z,AAPL,0.0,0.0,-0.06099885627144491,-2.8333333333333335,-0.00406462757849812,-1.8162005085361423,-1.9803921568627452,-0.2274450341167551,-0.6963009014609886,-0.16611295681063123,-0.866667097369999
2024-10-21T12:57:48.025732688Z,AAPL,0.0,0.0,0.0,0.9856465225158628,4.370417307866389,0.0018587360594795538,3.5810205908683974,3.63505488572971,0.09314600636497711,2.4040783471961364,1.576651312132163
2024-10-21T12:58:02.614676805Z,AAPL,-0.15158692562766463,-1.6083009079118027,-0.30980795068363237,-0.5161623330537454,-0.41368078175895767,-0.19781415360269028,-1.326259946949602,-0.006741951795044666,-0.32549434453576365,-4.617871161394596,-1.1895612468090055
2024-10-21T12:58:02.926203519Z,AAPL,0.0,0.0,1.2747988208110907,0.05561348627042058,0.0,0.0,0.0,0.0,0.0,0.0,0.12303266465682576
2024-10-21T12:58:03.694780418Z,AAPL,0.0,0.0,1.2649221282314806,0.0,0.0,0.0,0.0,0.0,0.0,0.0,0.11633054181280125
2024-10-21T12:58:04.432418262Z,AAPL,0.0,0.0,0.0,0.0,0.0,0.0,0.0,0.0,0.0,0.0,0.0
2024-10-21T12:58:04.559873878Z,AAPL,0.0,1.6985138004246285,0.04889975550122249,1.2669253305883283,0.05324104884866232,2.8865239746502453,0.0026462026991267533,5.169294391315586,1.9061998678871377,0.18578727357176034,1.4063097885069666
2024-10-21T12:58:04.664725575Z,AAPL,0.0,-0.03289473684210526,0.0,0.0,0.0,0.0,0.0,0.0,0.0,0.0,-0.0029269066775860575
2024-10-21T12:58:07.447014433Z,AAPL,0.0,-2.953119232189,0.0,0.0,0.0,0.0,0.0,0.0,0.0,0.0,-0.2627625337722146
2024-10-21T12:58:10.664315609Z,AAPL,-2.4038461538461537,-0.11856243052982587,-1.560021152829191,-0.2852153667054715,-0.6042752473751793,-0.29088410444342644,-0.25888292019933984,-1.5441034549314803,-0.00378823752249266,-0.5633009435290804,-0.6433499320724435
2024-10-21T12:58:10.664349579Z,AAPL,0.0,0.0,0.0,-0.05910602142593277,-3.3193537298040563,-0.0024703557312252965,-2.4929884699283265,-1.8137739067971625,-0.12162983985404419,-1.2265571526351813,-0.9205982267491061
2024-10-21T12:58:10.664468587Z,AAPL,-0.15,-1.443522194153735,-0.05256241787122208,-0.9427932246724193,-0.24890469236141977,-0.5335823384245981,-0.30481219248769953,-0.34447123665173957,-1.6715419974926868,-0.005398110661268556,-0.5499437397241843
2024-10-21T12:58:10.664469496Z,AAPL,0.0,0.0,0.0,0.0,0.0,0.0,0.0,0.0,0.0,0.0,0.0
2024-10-21T12:58:10.664469496Z,AAPL,-2.6315789473684212,-0.19656019656019658,-0.15570260801868432,-4.138876982426061,-0.002359742788036104,-2.9424746211563924,-1.1600528340894734,-0.0992802184164805,-0.9762475484855089,-0.08096073404398867,-1.2167988089769135
2024-10-21T12:58:10.664494919Z,AAPL,0.0,0.0,0.0,0.0,0.0,0.0,0.0,0.0,0.0,0.0,0.0
2024-10-21T12:58:10.664494919Z,AAPL,-2.6704146170063243,0.0,0.0,0.0,0.0,0.0,0.0,0.0,0.0,0.0,-0.11201552025765073
2024-10-21T12:58:10.664498353Z,AAPL,0.0,0.0,0.0,0.0,0.0,0.0,0.0,0.0,0.0,0.0,0.0
2024-10-21T12:58:10.664498353Z,AAPL,-0.45751633986928103,-0.28060329708874077,-9.661797078246948,-0.003089996137504828,-2.5756600128783003,-1.412883821780793,-0.07293946024799416,-0.7907510369782015,-0.0669867143016635,-0.6535751761355119,-1.5483714077392068
2024-10-21T12:58:10.664507666Z,AAPL,0.0,0.0,0.0,0.0,0.5187058289567529,0.3496696035242291,0.2567229317758809,1.4096916299559472,0.004737652493189625,0.6105938024729048,0.35408617328147785
2024-10-21T12:58:10.664525419Z,AAPL,0.0,-0.20818875780707843,0.0,0.0,0.0,0.0,0.0,0.0,0.0,0.0,-0.018524211588886084
2024-10-21T12:58:10.664537782Z,AAPL,0.0,0.20761245674740483,0.0,0.0,0.0,0.0,0.0,0.0,0.0,0.0,0.018472933494522385
2024-10-21T12:58:10.664655804Z,AAPL,-4.072883172561629,-0.0855920114122682,-0.44999437507031165,-0.027809159641957067,-0.7193806011095532,-0.5596362364463099,-0.3765752409191994,-0.34536349507857017,-2.251618350689558,-0.006348198698619267,-0.6385006812502462
2024-10-21T12:58:10.664709483Z,AAPL,0.0,0.0,0.032044862807931104,1.0532892975095958,0.4917327432540414,0.34264130581411034,0.32733224222585927,1.3675213675213675,0.005720823798627002,0.691323885240235,0.47925583382750153
2024-10-21T12:58:10.665088334Z,AAPL,0.0,0.0,0.0,0.0,0.0,0.0,0.0,0.0,0.0,0.0,0.0
2024-10-21T12:58:10.665164204Z,AAPL,0.0,0.0,0.0,0.0,-1.3027215271507804,-0.07785635502497891,-0.9074336641685234,-0.05116398055768739,-0.6357538641003209,-0.08589220528237063,-0.2886301255036624
2024-10-21T12:58:10.665444096Z,AAPL,0.0,0.0,0.0,0.0,0.34315049986490137,0.25903380391141045,1.7586282699494395,0.0035596689507875765,0.5766181346403344,4.501462975467026,1.0072094520342811
2024-10-21T12:58:10.666096256Z,AAPL,0.0,0.0,0.0,0.0,0.0,0.0,0.0,0.0,0.0,0.0,0.0
2024-10-21T12:58:10.666096256Z,AAPL,0.18209408194233687,0.14911463187325258,0.8065618591934381,0.4767714687939934,0.25401663808979486,1.1951000896325068,0.004373974849644614,0.42707666026051677,3.0557677616501144,1.0479041916167664,0.8194684071728147
2024-10-21T12:58:10.666117777Z,AAPL,2.869440459110473,0.31584884376762545,0.05393379626508461,4.239178154359469,0.002547608432583912,1.5555213306637918,0.13675213675213677,1.0311888594775003,0.09295120061967467,1.180931744312026,1.12577013461401
2024-10-21T12:58:10.666119828Z,AAPL,0.6285714285714286,0.0,0.0,0.0,0.0,0.0,0.0,0.0,0.0,0.0,0.026366600580345973
2024-10-21T12:58:10.666134191Z,AAPL,0.0,0.2255639097744361,0.03773839207493766,0.06528480496164517,3.1184601472677946,0.003117692907248636,2.490445074590063,0.17548990933021352,1.2519211960318568,0.167973124300112,0.7017266957597112
2024-10-21T12:58:10.666182330Z,AAPL,-2.8449502133712663,0.0,0.0,0.0,0.0,0.0,0.0,0.0,0.0,0.0,-0.11933674127920718
2024-10-21T12:58:10.668387164Z,AAPL,0.0,0.0,0.0,0.0,0.0,0.0,0.0,0.0,0.0,0.0,0.0
2024-10-21T12:58:10.668387164Z,AAPL,0.24060150375939848,8.309859154929578,0.3271930954527889,0.37965072133637057,0.9415087678004,0.003324468085106383,0.5846243788365975,3.180661577608143,0.5637583892617449,0.735981308411215,1.4353943423991211
2024-10-21T12:58:10.668387164Z,AAPL,7.657365347177158,3.5228848821081833,0.2562131693569049,1.692405331076793,0.0022095785228967574,0.3658648129516144,2.772002772002772,0.6674082313681869,0.35428089413749475,0.6890611541774332,1.367945988536244
2024-10-21T12:58:10.668387164Z,AAPL,2.120866590649943,0.0,0.0,0.0,0.0,0.0,0.0,0.0,0.0,0.0,0.08896370362706141
2024-10-21T12:58:10.668387164Z,AAPL,2.684989429175476,2.7416038382453736,0.9947774185525988,0.005804672761573066,0.1958863858961802,2.1893814997263275,0.5551149881046789,0.40249161475802586,0.3729024238657551,0.011293054771315642,0.9058752105349018
2024-10-21T12:58:10.668412244Z,AAPL,1.9056693663649356,0.6023271731690623,0.023563293624820004,0.08472012102874432,0.041148030038061924,4.762750320607674,0.0053226879574184965,3.105303612605688,0.19636720667648502,2.4500957068635496,1.5333233806734794
2024-10-21T12:58:10.668421624Z,AAPL,0.0,0.2482758620689655,0.06075250258888505,0.05692599620493359,0.030507735890172152,0.0798004987531172,5.551339542370933,0.00672834314550042,3.033033033033033,0.3449267030755965,0.9268590215712225
2024-10-21T12:58:10.668424903Z,AAPL,1.5917230401910067,2.6402640264026402,0.02631771328313473,0.14543050735415633,0.020851433536055605,0.05652568890683355,0.09203865623561895,7.325140342891822,0.005965697240865026,5.34957627118644,1.9004150361111163
2024-10-21T12:58:10.668436484Z,AAPL,1.4184397163120568,0.0,0.0,0.0,0.0,0.0,0.0,0.0,0.0,0.0,0.0594990986661579
2024-10-21T12:58:10.668486990Z,AAPL,0.0,-0.2145411203814064,-0.07340674007340674,-0.06229451462190691,-0.03735076368972187,-0.08329862557267806,-4.905507010770169,-0.005733123118818976,-2.927536231884058,-0.30045067601402103,-0.8459185428800449
2024-10-21T12:58:10.668495920Z,AAPL,-1.2674271229404308,0.0,0.0,0.0,0.0,0.0,0.0,0.0,0.0,0.0,-0.05316459386519812
2024-10-21T12:58:10.668504902Z,AAPL,-0.11310084825636192,-0.473882606354335,-0.034652035807103666,-0.1074443591711435,-0.0623684415685663,-4.56894104286931,-0.0036363636363636364,-3.175601320547084,-0.15951083344410474,-2.338204592901879,-1.4099987484697118
2024-10-21T12:58:10.668524657Z,AAPL,0.0,-0.18556701030927836,-0.05840634125990822,-0.1620417257443792,-3.5952044083699453,-0.003666025112272019,-1.7898281056175795,-0.19870839542970692,-1.1640899051578537,-0.16051364365971107,-0.6747390398014309
2024-10-21T12:58:10.668685103Z,AAPL,1.2019230769230769,0.17795353435491842,0.040992940104759734,0.12027491408934707,0.061933885577146394,3.866111467008328,0.0037147102526002974,3.0647853133060234,0.15835312747426764,2.5948450622646972,1.361288941575249
2024-10-21T12:58:10.668708138Z,AAPL,1.1607661056297156,1.8206645425580337,0.045135406218655964,0.08237986270022883,0.04516493265585934,0.06212144742972511,4.214385474860335,0.006025003765627353,2.5460045374338294,0.4034969737726967,0.9481242051455252
2024-10-21T12:58:10.668768437Z,AAPL,0.16816143497757846,1.6884761502743773,0.5735589331803843,0.08466603951081844,0.030244476182475007,0.04320320938126832,0.07044734061289187,6.1945085963561715,0.005415651232060655,6.00297176820208,1.7903747718659078
2024-10-21T12:58:10.668997172Z,AAPL,0.0,0.0,-0.050933786078098474,-0.12295081967213115,-0.04699563611950319,-0.06360817365031406,-3.8205270238189444,-0.005309264666843642,-2.7165142549757935,-0.3771213073538655,-0.7145644941803511
2024-10-21T12:58:10.669075250Z,AAPL,0.0,-0.1366742596810934,-0.05026528902541189,-0.34804226227470475,-0.06702974444909929,-3.6086404066073694,-0.003146633102580239,-2.5970686551812805,-0.17115960633290542,-2.806138427810836,-1.2847715680316094
2024-10-21T12:58:10.672875445Z,AAPL,-0.09928295642581356,-0.13206162876008803,-0.0770606852896656,-0.5394470667565745,-4.045245077503142,-0.002967579197269827,-1.5761548064918853,-0.1550187314300478,-1.3635671891645107,-0.19423761735189382,-0.7515084498814935
2024-10-21T12:58:10.766666052Z,AAPL,0.0,0.0,0.0,0.0,0.6592501030078286,0.0,0.0,0.0,0.0,0.0,0.05652297364205257
2024-10-21T12:58:10.766692893Z,AAPL,0.0,-0.19210977701543738,-0.10690899371909662,-21.497326203208555,-0.0036599871900448344,-1.4242402876683353,-0.09562514941429595,-1.1398040961709706,-0.10944910616563297,-1.4655462184873949,-2.8318080256843814
2024-10-21T12:58:10.769583448Z,AAPL,-0.1416645585631166,-0.2929329915781765,-6.151491966335119,-0.016,-2.0348544373929687,-0.08157161307864863,-0.7300578505662837,-0.08098258874342017,-0.8192408868846298,-0.1375515818431912,-0.9613429603811049
2024-10-21T12:58:10.779690647Z,AAPL,-2.0779220779220777,-1.852662290299052,-0.3794346423828495,-6.449012494961709,-0.004336043360433604,-0.27137042062415195,-1.667778519012675,-0.5680281309169597,-0.48396389475705776,-0.826730967964175,-1.393187872230659
2024-10-21T12:58:10.931928238Z,AAPL,-2.0833333333333335,-2.830856334041047,-0.42467814746697874,-1.8501387604070305,-1.7933198834342075,-0.0027266530334014998,-0.3536380514543365,-2.572678157962439,-0.8180755746007012,-0.8686659772492243,-1.222138066725623
2024-10-21T12:58:10.970212670Z,AAPL,0.0,0.0,0.0,0.0,0.0,0.0,0.0,0.0,6.596306068601583,0.0,0.5936603592521607
2024-10-21T12:58:11.735054168Z,AAPL,0.0,0.0,0.5552856250433816,0.0,0.0,0.0,0.0,0.0,0.0,0.0,0.05106771095266617
2024-10-21T12:58:11.739498889Z,AAPL,0.0,1.6531077123332247,0.2549069589599796,5.884516366311145,0.0041249871094152825,0.3296522169111587,1.8770530267480057,0.5122575923893158,0.32328415651058373,0.843585237258348,1.2298193736350373
2024-10-21T12:58:11.739510725Z,AAPL,0.0,0.0,-0.4681100058513751,-1.4301036825169826,-1.5248260745258744,-0.0034331817011415333,-0.3685277317118113,-2.6867275658248255,-0.4693786320965579,-1.0447761194029852,-0.8293175333801561
2024-10-21T12:58:11.741567426Z,AAPL,0.0,0.0,-0.4280821917808219,0.0,0.0,0.0,0.0,0.0,0.0,0.0,-0.03936924827135389
2024-10-21T12:58:11.790575104Z,AAPL,0.0,0.0,-0.39854530961988743,0.0,0.0,0.0,0.0,0.0,0.0,0.0,-0.03665284270886572
2024-10-21T12:58:11.790587578Z,AAPL,0.0,0.0,0.7823578309129138,11.325357729298617,0.0032344141667340503,1.894045944678856,0.13508949679162446,1.1487179487179486,0.05822416302765648,14.02909550917141,3.8773792347075284
2024-10-21T12:58:13.632358940Z,AAPL,0.0,4.640371229698376,0.03909686247678624,0.0,0.0,0.0,0.0,0.0,0.0,0.0,0.41648638367962537
2024-10-21T12:58:15.135381045Z,AAPL,0.0,0.0,0.39471087428458657,0.0,0.0,0.0,0.0,0.0,0.0,0.0,0.03630020286634407
2024-10-21T12:58:15.135391677Z,AAPL,0.0,0.0,0.20021022073176833,1.897308193999763,0.003441156228492773,0.47806860284450814,2.2596316800361542,0.5031145184475324,0.24805591101486368,0.38653567402158157,0.641113821958316
2024-10-21T12:58:15.135402966Z,AAPL,0.0,0.0,-0.80040020010005,-0.41109969167523125,-1.3432961128368737,-0.004788698671136119,-0.5215803885773895,-2.2202486678507993,-0.4323656578134651,-0.34285714285714286,-0.5934365612581258
2024-10-21T12:58:15.189814409Z,AAPL,0.0,3.240178209801539,0.0,0.0,0.0,0.0,0.0,0.0,0.0,0.0,0.28830445686064365
2024-10-21T12:58:15.280737422Z,AAPL,0.0,-1.579466929911155,0.0,0.0,0.0,0.0,0.0,0.0,0.0,0.0,-0.14053775004717262
2024-10-21T12:58:15.315283786Z,AAPL,0.0,-1.4936519790888723,-0.2584058192176611,0.0,0.0,0.0,0.0,0.0,0.0,0.0,-0.1566668058293832
2024-10-21T12:58:16.357123535Z,AAPL,0.0,-1.4166814237648309,0.0,0.0,0.0,0.0,0.0,0.0,0.0,0.0,-0.12605342730457397
2024-10-21T12:58:20.739070247Z,AAPL,0.0,1.3033561420658195,0.0,0.0,0.0,0.0,0.0,0.0,0.0,0.0,0.11596997458275159
2024-10-21T12:58:25.681145858Z,AAPL,0.9317493594223154,0.08977236293683874,0.8319467554076538,0.053691275167785234,3.9364044027721157,0.006517842594101352,3.352140723531364,0.11128628396550126,0.965101249461439,0.04844961240310077,0.905667293356188
2024-10-21T12:58:25.752287218Z,AAPL,0.0,0.0,-0.45065344749887337,0.0,0.0,0.0,0.0,0.0,0.0,0.0,-0.04144504910404809
2024-10-21T12:58:38.664122485Z,AAPL,0.9013068949977467,0.0,0.0,0.0,0.0,0.0,0.0,0.0,0.0,0.0,0.037806998251141345
2024-10-21T12:58:38.865141726Z,AAPL,-0.9041591320072333,-0.6356268870173208,-0.5182018396165307,-0.34363796252452145,-0.2708192281651997,-2.73457528627585,-0.006284367635506678,-0.3552397868561279,-1.9780437147660963,-0.3358387973772589,-0.8558638266528189
2024-10-21T12:58:38.865153436Z,AAPL,0.0,1.2724669953873071,0.35696718431593005,0.2702337521956492,1.0341261633919339,0.006870491240123669,0.6018657839301835,1.7738359201773837,0.4552352048558422,0.20142274798177606,0.5691311022278679
2024-10-21T12:58:38.884268974Z,AAPL,0.0,0.0,0.6142506142506142,0.0,0.0,0.0,0.0,0.0,0.0,0.0,0.05649051840410485
2024-10-21T12:58:38.934127462Z,AAPL,0.0,0.031481189988981584,0.0,0.0,0.0,0.0,0.0,0.0,0.0,0.0,0.002801132157992009
2024-10-21T12:58:39.124837053Z,AAPL,0.0,-0.6324110671936759,-0.7520917551941336,-0.3482791718085836,-0.22628274028398485,-2.651201325600663,-0.005722460658082976,-0.3535130357931949,-2.853881278538813,-0.33410229894200943,-0.9023154617767549
2024-10-21T12:58:39.665440876Z,AAPL,0.0,0.0,0.0,-0.00551457916867719,-0.28056997680326967,-0.6552006552006552,-2.1133271694624223,-0.003693103129904903,-0.6538084341288003,-1.5369246138476909,-0.6304449560939898
2024-10-21T12:58:44.315042667Z,AAPL,0.0,0.0,-1.02262559120542,0.0,0.0,0.0,0.0,0.0,0.0,0.0,-0.09404736184265138
2024-10-21T12:58:44.315056213Z,AAPL,0.0,0.0,1.077731375454668,0.0,0.0,0.0,0.0,0.0,0.0,0.0,0.09911525147447954
2024-10-21T12:58:53.553367785Z,AAPL,0.0,0.0,-0.1107573030596705,-3.701034879264086,-0.002083876009377442,-3.4418129153177714,-0.1300531050178823,-0.9787001638448936,-0.11055831951354339,-3.3517189270872687,-1.5344481654982915
2024-10-21T12:58:53.553380154Z,AAPL,0.0,0.0,2.1044324608707092,0.06802721088435375,2.3986486486486487,0.007320644216691069,2.019596080783843,0.1418104467029071,1.5911916178298704,0.047702337414533315,0.7723332069700164
2024-10-21T12:58:54.392440802Z,AAPL,0.0,-0.03990422984836393,0.0,0.0,0.0,0.0,0.0,0.0,0.0,0.0,-0.003550597086936
2024-10-21T12:58:54.393294723Z,AAPL,0.0,0.0,0.025419420437214034,1.725997842502697,0.03772517212109781,8.38048949835098,0.003756574004507889,2.5421595771457337,0.20383896721589942,0.7807598466364588,1.7650759129250395
2024-10-21T12:58:56.608715388Z,AAPL,0.0,0.0,1.01871896090666,-0.10018785222291797,-2.180766972311306,-0.0074682598954443615,-1.7683620765122998,-0.1654487798152489,-1.471022820554917,-0.0554579905721416,-0.43758008959206895
2024-10-21T12:58:56.926366487Z,AAPL,-0.05785920925747348,-1.0067958721369241,-0.5169294391315585,-1.1597564511452596,-0.0034862945047282874,-1.0204901566894335,-0.33619095646327113,-2.2991809167983908,-0.006455777921239509,-0.4097520999795124,-0.7282520073045531
2024-10-21T12:58:56.926409817Z,AAPL,0.0,-0.9471965160587915,-0.5065856129685917,-0.7004027315706531,-0.3339873919759529,-0.017877094972067038,-0.4096774193548387,-0.6284367635506677,-2.388059701492537,-0.004647920055775041,-0.5524868542312735
2024-10-21T12:58:56.930460468Z,AAPL,0.8671816596062796,1.1806375442739079,0.4966476285075739,1.7301038062283738,0.0032308872824199347,1.239931657310227,0.3106796116504854,2.6354801515401087,0.005878030859662013,0.5298715061597563,0.9155548872726029
2024-10-21T12:58:56.936864426Z,AAPL,0.0,0.0,0.0,0.0,0.0,0.0,0.0,0.0,0.0,0.0,0.0
2024-10-21T12:58:56.936864426Z,AAPL,0.0,0.0,0.0,0.0,0.0,0.0,0.0,0.0,0.0,0.0,0.0
2024-10-21T12:58:56.985971755Z,AAPL,0.0,1.4803849000740192,0.991571641051066,0.022605255721955358,0.20403245240581572,1.0141987829614605,1.1721611721611722,0.007724990343762071,0.5881488016468166,2.8710881424059718,1.0123035025883036
2024-10-21T12:58:56.985973938Z,AAPL,0.0,2.9607698001480385,0.010065425264217413,1.4245653393157598,0.16261484673550694,3.6840893391664746,0.0029518116744151725,0.8371703641691084,2.7793218454697053,0.5993150684931507,1.3767072990130356
2024-10-21T12:58:57.006192128Z,AAPL,0.0,0.0,-1.0589013898080741,0.0,0.0,0.0,0.0,0.0,0.0,0.0,-0.09738352239511074
2024-10-21T12:58:57.006204731Z,AAPL,0.0,0.0,0.0,4.0271834885476965,0.03461555103630306,8.117014122394083,0.0030892801977139327,4.162373789408613,0.16222793024198998,1.2343297974927676,2.1906360006721286
2024-10-21T12:58:57.186825862Z,AAPL,-1.0749798441279226,-1.294161398289327,-1.1572399826414004,-0.01880141010575793,-0.23463119486397857,-0.5514959327174962,-1.2554927809165097,-0.008283288465520813,-0.5557099194220617,-2.5300442757748263,-0.9438962707444323
2024-10-21T12:58:57.188827212Z,AAPL,0.0,0.0,0.0,1.0896610896610897,0.19837333862328901,1.806276811921427,0.003294621530351701,0.8156606851549756,2.703067982159751,0.5149583128984796,0.7916330485819874
2024-10-21T12:58:57.245928065Z,AAPL,0.0,0.0,-0.6561679790026247,-1.5640273704789833,-0.2673121448116186,-0.40966816878328555,-1.3293452974410105,-0.007575757575757576,-0.5878030859662013,-2.2831050228310503,-0.8521877422139573
2024-10-21T12:58:59.191738848Z,AAPL,-0.021488047273704,0.0,0.0,0.0,0.0,0.0,0.0,0.0,0.0,0.0,-0.0009013562086412316
2024-10-21T12:59:00.362666414Z,AAPL,0.0,0.0,0.0,0.0,0.0,-0.00662361318099023,-0.37285607755406414,-2.4136370493287074,-0.006331117442228554,-0.455684666210982,-0.34570587295695
2024-10-21T12:59:01.222899124Z,AAPL,0.0,0.0,0.0,0.7497048406139315,0.005222613918266093,0.30111412225233364,1.5649452269170578,0.005630630630630631,0.6531678641410843,2.2254367419606096,0.6890508243190361
2024-10-21T12:59:01.222911311Z,AAPL,0.0,0.0,0.0,-1.271051795360661,0.0,0.0,0.0,0.0,0.0,0.0,-0.13241781869015673
2024-10-21T12:59:01.250393352Z,AAPL,0.0,0.0,0.0,2.2860408629804256,0.0,0.0,0.0,0.0,0.0,0.0,0.2381590943951554
2024-10-21T12:59:01.302902468Z,AAPL,0.0,0.0,0.0,-1.0558268443975187,-0.399590969873358,-0.0049079754601227,-0.4500956453246315,-1.8319212273872223,-0.007077140835102618,-0.49261083743842365,-0.4466992095045577
2024-10-21T12:59:02.387943682Z,AAPL,0.0,0.0,0.0,2.057877813504823,0.0,0.0,0.0,0.0,0.0,0.0,0.21438913204780613
2024-10-21T12:59:02.700990199Z,AAPL,1.0424811050299714,0.0,0.0,0.0,0.0,0.0,0.0,0.0,0.0,0.0,0.04372881371867743
2024-10-21T12:59:18.925937054Z,AAPL,0.0,0.0,-4.323155903809781,-0.09577397342272238,-4.143850313277831,-0.0023276112889147513,-2.5954002312732882,-0.1199160587588688,-1.703422053231939,-0.0796918581484925,-1.198386373176137
2024-10-21T12:59:18.926788826Z,AAPL,0.0,0.08278145695364239,0.0,0.0,0.0,0.0,0.0,0.0,0.0,0.0,0.007365725413792728
2024-10-21T12:59:29.383886738Z,AAPL,0.0,0.0,1.90885230255309,0.6062052505966588,0.006909656244601831,0.23312740412635505,1.9860973187686195,0.004037141703673799,0.8064516129032258,2.4912805181863478,0.9377640099248151
2024-10-21T12:59:29.584160244Z,AAPL,-0.8974646623289209,-0.03455723542116631,-0.7957923622227304,-0.954653937947494,-0.434076732461762,-0.004696765103035285,-0.4965243296921549,-1.6148566814695196,-0.008064516129032258,-0.4982561036372696,-0.537461110763082
2024-10-21T12:59:29.843991689Z,AAPL,0.0,0.0,-0.8592910848549946,0.0,0.0,0.0,0.0,0.0,0.0,0.0,-0.07902604851719244
2024-10-21T12:59:34.987099899Z,AAPL,0.0,0.0,-1.7252533965926247,0.0,0.0,0.0,0.0,0.0,0.0,0.0,-0.158665626848191
2024-10-21T12:59:41.219174443Z,AAPL,0.0,0.0,1.5945784333266892,0.0,0.0,0.0,0.0,0.0,0.0,0.0,0.14664789948077767
2024-10-21T12:59:41.751768006Z,AAPL,1.242798353909465,4.158004158004158,0.14570552147239263,1.757469244288225,0.0748013090229079,2.8037166085946574,0.005369127516778523,1.774732033034616,0.3270645952575634,1.1447553340999106,1.4073398385219078
2024-10-21T12:59:41.751808827Z,AAPL,0.0,0.0,0.0,0.5579964850615114,0.007549306407473813,0.2364066193853428,2.038476239011339,0.0035451564300274753,1.223615784643622,2.432498175626368,0.7910794404826018
2024-10-21T12:59:41.752297252Z,AAPL,0.0,0.0,0.0,-0.8484462827447238,0.0,0.0,0.0,0.0,0.0,0.0,-0.08839089519947464
2024-10-21T12:59:41.755876256Z,AAPL,-1.5763546798029557,-0.3931712364200724,-2.759572266298724,-0.08649583738782571,-4.176109333102673,-0.0025950434669780717,-2.3080438756855575,-0.1120552806050985,-2.9252366960496246,-0.071360608943863,-1.2368887619029263
2024-10-21T12:59:58.443981541Z,AAPL,0.0,0.0,0.0,-0.9020182658698839,-0.3984938813931597,-0.005669737774627924,-0.4466279589102278,-1.5047493651838617,-0.012666244458518048,-0.5128862674701885,-0.40222598116188224
2024-10-21T13:00:00.834769249Z,AAPL,0.0,0.0,-1.2191405059433098,0.0,0.0,0.0,0.0,0.0,0.0,0.0,-0.11212016331835743
2024-10-21T13:00:00.834779433Z,AAPL,0.0,0.0,-0.12004801920768307,-5.193631669535284,-0.002874389192296637,-1.6688697951090548,-0.1305909239307868,-0.8719346049046323,-0.1852995676343422,-0.6162544169611307,-1.001542082811518
2024-10-21T13:00:00.834789913Z,AAPL,0.0,0.0,2.239014833473272,0.08899766381132496,3.1704754399789863,0.003703703703703704,2.1505376344086025,0.11764705882352941,2.688268826882688,0.09279307145066501,0.9690908367428517
2024-10-21T13:00:02.522599613Z,AAPL,0.0,0.0,-1.0770059235325795,0.0,0.0,0.0,0.0,0.0,0.0,0.0,-0.09904853415388552
2024-10-21T13:00:04.240937700Z,AAPL,0.0,0.0,1.011378002528445,0.0,0.0,0.0,0.0,0.0,0.0,0.0,0.0930129597591734
2024-10-21T13:00:05.482580960Z,AAPL,0.0,0.0,0.0,-1.0533245556287032,0.0,0.0,0.0,0.0,0.0,0.0,-0.10973505606791922
2024-10-21T13:00:07.149349109Z,AAPL,0.0,0.0,-0.9222965183306433,0.0,0.0,0.0,0.0,0.0,0.0,0.0,-0.08482044174487682
2024-10-21T13:00:07.149359620Z,AAPL,0.0,0.0,-0.09115770282588878,-6.0184492645225625,-0.001979512050279606,-3.977944072469476,-0.11072153533862336,-1.0162186684813428,-0.15400410677618068,-0.9247083775185578,-1.4707282937268273
2024-10-21T13:00:07.149370167Z,AAPL,0.0,0.0,1.8011932905549928,0.0,0.0,0.0,0.0,0.0,0.0,0.0,0.16564955796353972
2024-10-21T13:00:07.381906885Z,AAPL,0.0,0.0,1.7837235228539576,0.08687153871212944,2.5409188990053155,0.007165890361877462,1.9492424973463283,0.13317056930418378,2.4301600216978576,0.12476606363069245,0.8368885185609259
2024-10-21T13:00:08.520115733Z,AAPL,0.0,0.0,1.7863123813776933,0.0,0.0,0.0,0.0,0.0,0.0,0.0,0.16428101187787464
2024-10-21T13:00:12.307331848Z,AAPL,0.0,0.0,-0.09219776420421805,-4.611710765116056,-0.002232142857142857,-3.373413493653975,-0.1251564455569462,-0.9329446064139942,-0.17756732761171945,-0.96824339329336,-1.2408296972396005
2024-10-21T13:00:12.307344629Z,AAPL,0.0,0.0,1.839714844199149,0.0,0.0,0.0,0.0,0.0,0.0,0.0,0.1691922528906661
2024-10-21T13:00:21.846946300Z,AAPL,0.0,0.0,0.4536690484291709,0.0,0.0,0.0,0.0,0.0,0.0,0.0,0.041722383559887805
2024-10-21T13:00:22.047186467Z,AAPL,0.013900955690703735,3.320610687022901,0.903954802259887,0.36397506627498744,0.005642942794667419,0.526454330086865,1.8905825357438262,0.004087054255645243,1.403016485443704,3.8572806171648986,1.418643337514763
2024-10-21T13:00:22.047193836Z,AAPL,-0.6891798759476223,-0.0922722029988466,-0.38028630750737624,-0.541858574911948,-0.3588077412063851,-0.01160092807424594,-0.47103155911446065,-1.683147485798443,-0.014104372355430182,-0.7889546351084813,-0.49795249606876774
2024-10-21T13:00:22.047247171Z,AAPL,0.0,-4.375,-0.008540621330201772,-0.22406799304616576,-0.5579967915184487,-0.8165889728339495,-0.009848578111535148,-0.429000429000429,-5.126561999359179,-0.008976660682226212,-1.0827079357180773
2024-10-21T13:00:22.047528913Z,AAPL,0.0,0.0,-0.004173622704507512,0.0,0.0,0.0,0.0,0.0,0.0,0.0,-0.000383833739406856
2024-10-21T13:00:22.049440630Z,AAPL,0.0,0.0,0.00849437247823317,0.0,0.0,0.0,0.0,0.0,0.0,0.0,0.0007811982498354869
2024-10-21T13:00:22.051622729Z,AAPL,0.0,0.0,0.3726708074534162,0.43878894251864853,0.4129409852056576,0.01215620726333384,0.6244146113019045,1.6616471076955033,0.0121654501216545,1.1328235627301046,0.5216321191689268
2024-10-21T13:00:22.306998857Z,AAPL,0.0,0.0,-0.4223418857565199,-0.18025484305397288,-0.7162682424568,-0.7045769764216366,-0.013715069432539003,-0.42003570303475796,-4.6003450258769405,-0.011344299489506523,-0.6771175141916379
2024-10-21T13:00:23.028961848Z,AAPL,0.0,0.0,1.6386726751331422,0.0444296345662557,3.87853470437018,0.005855658029571073,3.252818035426731,0.13290508361944844,2.19285364659814,0.18001800180018002,1.050385284163038
2024-10-21T13:00:23.497741295Z,AAPL,0.0,0.0,1.6534049808825049,0.0,0.0,0.0,0.0,0.0,0.0,0.0,0.15205797492922632
2024-10-21T13:00:24.055121332Z,AAPL,-0.013550135501355014,0.0,0.0,0.0,0.0,0.0,0.0,0.0,0.0,0.0,-0.0005683856986401264
2024-10-21T13:00:32.311803698Z,AAPL,0.0,0.0,0.0,0.0,0.0,0.0,0.0,0.0,0.0,0.0,0.0
2024-10-21T13:00:37.203589594Z,AAPL,0.0,0.0,0.36238675413933147,0.452821644874625,0.4010420778400568,0.011101859561476546,0.676132521974307,1.9682617788165826,0.007571455612341473,1.3175230566534912,0.5848424995158227
2024-10-21T13:00:37.403888415Z,AAPL,-0.6770480704129994,-2.863157894736842,-0.3463917525773196,-0.19824541415062094,-0.6279434850863422,-0.692947756104215,-0.013750429700928156,-0.510920934985311,-2.8159098908834914,-0.013619339462036091,-0.7945531690427599
2024-10-21T13:00:37.403900812Z,AAPL,0.0,2.807017543859649,0.0,0.0,0.0,0.0,0.0,0.0,0.0,0.0,0.24976270315401025
2024-10-21T13:00:37.663834055Z,AAPL,0.0,0.0,-0.4018485031143259,0.0,0.0,0.0,0.0,0.0,0.0,0.0,-0.03695662606465047
2024-10-21T13:00:37.909519348Z,AAPL,0.0,4.579962663347853,0.3531560787497463,0.5349739200213989,0.3320695515753693,0.012171002586338051,0.6086427267194157,2.33883935097208,0.0057987822557262975,1.5680125441003527,1.0632566001190737
2024-10-21T13:00:39.919001937Z,AAPL,-0.01353637901861252,0.0,0.0,0.0,0.0,0.0,0.0,0.0,0.0,0.0,-0.0005678086573217099
2024-10-21T13:00:41.254543871Z,AAPL,0.0,0.0,-0.08286720530350114,-3.2285676073291425,-0.0026147208785462154,-3.0731781530503577,-0.1825928180158247,-1.3097500365443648,-0.08698173383589447,-1.7091336730693847,-1.2050602399906656
2024-10-21T13:00:41.254556294Z,AAPL,0.0,0.0,1.6782043213761275,0.058109973124137425,2.925351429956374,0.006590871642774757,2.8664680005676173,0.18053257108469986,1.260728858871535,0.24420024420024422,0.8664105408224716
2024-10-21T13:00:47.280596294Z,AAPL,-0.006878761822871883,-1.810918774966711,-0.765789199875143,-0.27913692147268787,-0.4498678513186751,-0.8927943760984183,-0.010775862068965518,-0.6500893872907525,-2.0738820479585223,-0.0176678445229682,-0.6800246465086099
2024-10-21T13:00:47.280659810Z,AAPL,0.0,-1.4285714285714286,0.0,0.0,0.0,0.0,0.0,0.0,0.0,0.0,-0.1271113757123088
2024-10-21T13:00:47.281137105Z,AAPL,0.0,0.0,0.0,0.0,0.0,0.0,0.0,0.0,0.0,0.0,0.0
2024-10-21T13:00:47.281141058Z,AAPL,0.0,0.0,0.0,0.0,0.0,0.0,0.0,0.0,0.0,0.0,0.0
2024-10-21T13:00:47.281338436Z,AAPL,0.0,0.0,0.0,0.0,0.0,0.0,0.0,0.0,0.0,0.0,0.0
2024-10-21T13:00:47.281338436Z,AAPL,-0.7521624670928921,0.0,0.0,0.0,0.0,0.0,0.0,0.0,0.0,0.0,-0.031550857133991216
2024-10-21T13:00:47.281338436Z,AAPL,-0.6754072308303536,0.0,0.0,0.0,0.0,0.0,0.0,0.0,0.0,0.0,-0.028331215634243245
2024-10-21T13:00:47.281361951Z,AAPL,-0.8249123530624871,-0.013981125480601188,-0.7236650131310185,-1.8450739533717724,-0.1315391593589356,-3.1847133757961785,-0.49416342412451364,-0.019065776930409912,-0.40096230954290296,-12.232415902140671,-2.785871975867095
2024-10-21T13:00:47.281390357Z,AAPL,0.0,0.0,-0.08010413537598879,-9.156078133889627,-0.0015912797867685088,-6.539333117513759,-0.12084592145015106,-2.087604846225536,-0.06337805006865956,-2.4208772903942255,-2.494676963530744
2024-10-21T13:00:47.281409424Z,AAPL,0.0091324200913242,2.5833333333333335,0.7594675472087503,0.5386996904024768,0.33429442981906315,1.4138602838853325,0.008461131676361713,0.8916629514043691,1.7282350399654354,0.021108179419525065,0.8320858681376597
2024-10-21T13:00:47.281544196Z,AAPL,-0.9537434430138293,0.0,0.0,0.0,0.0,0.0,0.0,0.0,0.0,0.0,-0.040006547028747085
2024-10-21T13:00:47.281567592Z,AAPL,0.0,0.0,0.0,0.0,0.0,0.0,0.0,0.0,0.0,0.0,0.0
2024-10-21T13:00:47.281567592Z,AAPL,-0.1986408782017773,-0.2510197678067148,-4.8265520343896835,-0.004596644449551827,-0.9669698420296793,-0.25236593059936907,-1.102633522028058,-0.13160780872998465,-0.4778605874616396,-0.20212228398180898,-0.7910778687280686
2024-10-21T13:00:47.281588001Z,AAPL,-1.0973936899862826,-1.2676498274239096,-0.6818181818181818,-0.8382687927107062,-0.17334993773349938,-1.6471072678608194,-0.6373902132998746,-0.01799370220422852,-0.45929498220231946,-6.742520016856299,-1.7337115979497426
2024-10-21T13:00:47.281592801Z,AAPL,-0.01188707280832095,-1.2172854534388313,-0.34423994546693937,-0.8397291196388262,-0.3802242082967402,-0.7181180354931902,-1.01432737416001,-1.1395244504262,-0.009760858955588092,-1.6214025131738954,-0.8322019942606438
2024-10-21T13:00:47.281602730Z,AAPL,0.0,1.19314825753101,0.5930649661219609,0.8234504363392258,0.18768201919965483,1.6168148746968471,0.6570948130901565,0.018411967779056387,0.5140727412928929,5.592450192240475,1.492720262261323
2024-10-21T13:00:47.281718049Z,AAPL,0.0,0.0,0.0,0.0,0.44660302573549937,0.9956879655037241,0.010881392818280738,0.9925558312655087,1.9838809671419715,0.014508523757707654,0.4581607862291545
2024-10-21T13:00:47.281791800Z,AAPL,0.0,0.012418503570319775,0.0,0.0,0.0,0.0,0.0,0.0,0.0,0.0,0.0011049731511780956
2024-10-21T13:00:47.281884865Z,AAPL,0.0,2.307692307692308,0.4705581484559811,1.044113808405116,0.28558578817180125,0.01673290106672244,0.5581135761127389,4.563605248146035,0.004737652493189625,1.5661707126076743,1.1326814971586323
2024-10-21T13:00:47.283236429Z,AAPL,0.0,0.024806201550387597,0.0,0.0,0.0,0.0,0.0,0.0,0.0,0.0,0.0022072052836866023
2024-10-21T13:00:47.340772919Z,AAPL,0.0,0.0,0.23185717597959657,0.0,0.0,0.0,0.0,0.0,0.0,0.0,0.02132310780474906
2024-10-21T13:00:47.350814208Z,AAPL,0.0,2.2942357327215372,0.04769854519437157,5.342480911807015,0.0026609898882384245,3.966228156292951,0.18969332911792602,2.098360655737705,0.08326394671107411,1.5373765867418898,1.8028338364474126
2024-10-21T13:00:47.352683135Z,AAPL,0.0,-0.22948938611589212,-2.7621717489558897,-0.004380681195925966,-1.416847864207056,-0.24014408645187113,-1.4585707309132347,-0.13172338090010977,-0.6515242080095636,-0.13651877133105803,-0.6683473523164214
2024-10-21T13:00:47.381671412Z,AAPL,5.190409026798307,0.9926144756277696,0.4371106982843405,0.55506993006993,0.005989368870255297,0.8001600320064013,2.5559105431309903,0.009006980409817608,0.6372470925601401,5.841121495327103,1.75686366483855
2024-10-21T13:00:47.391389607Z,AAPL,0.0,2.309468822170901,0.04459805998439068,4.651700549185856,0.0033464402242114953,3.688823959094229,0.1940805434255216,1.9753086419753085,0.10402219140083219,1.0853871048045807,1.6112297499571726
2024-10-21T13:00:47.540862619Z,AAPL,-2.7816411682892905,-2.020312928904749,-0.19246190858059342,-0.6849901532665468,-0.47592280307288737,-0.013663535439795047,-0.6889424733034791,-3.1809145129224654,-0.007751937984496124,-0.9501187648456056,-0.9576351307747902
2024-10-21T13:00:48.046853525Z,AAPL,-2.5957170668397147,-1.070090957731407,-0.430963813092868,-0.2612143356915183,-0.8449514152936206,-0.7988677465010222,-0.015006565372350403,-0.7656967840735069,-3.2316703696222984,-0.00929368029739777,-0.8251224617563022
2024-10-21T13:00:48.046865874Z,AAPL,0.0,1.794246708922477,0.20245842371655823,0.5687473339968719,0.611900746807998,0.012003000750187547,0.8283288465520812,2.7510316368638237,0.008615119534783545,0.9760858955588092,0.7972675263979828
2024-10-21T13:00:48.047217522Z,AAPL,-2.0575627679118185,0.0,0.0,0.0,0.0,0.0,0.0,0.0,0.0,0.0,-0.08630830674855776
2024-10-21T13:00:48.057752746Z,AAPL,0.0,0.0,0.0,0.0,0.0,0.0,0.0,0.7181889149102264,2.0578778135048235,0.15777018143570865,0.2801319734155107
2024-10-21T13:00:48.106791240Z,AAPL,0.0,0.8467400508044031,0.0,0.0,0.0,0.0,0.0,0.0,0.0,0.0,0.07534120490992054
2024-10-21T13:00:48.270719410Z,AAPL,0.0,0.0,0.0,0.0,0.0,0.0,0.0,0.0,-1.2883116883116883,0.0,-0.11594664828432016
2024-10-21T13:00:48.306982169Z,AAPL,0.0,-0.8168266285480907,-0.22539746427852686,-0.2150537634408602,-1.050006562541016,-0.7735647936652961,-0.016319869441044473,-0.5808044141135472,-4.165581879718823,-0.010476689366160294,-0.7503560085002835
2024-10-21T13:00:49.286612720Z,AAPL,-0.03698566805362922,0.0,0.0,0.0,0.0,0.0,0.0,0.0,0.0,0.0,-0.0015514328084934377
2024-10-21T13:00:49.631471943Z,AAPL,0.0,0.0,0.0,0.0,-1.1527377521613833,0.0,0.0,0.0,0.0,0.0,-0.09883375866661498
2024-10-21T13:00:49.661620967Z,AAPL,0.0,-0.1522359657469077,-3.9213775178687458,-0.002255554302469832,-2.785054460223356,-0.16192146808797733,-1.1624968410411929,-0.5448848930663397,-0.12693039983075946,-1.438943894389439,-1.0443265921998879
2024-10-21T13:00:49.661634376Z,AAPL,0.0,0.0,0.7140944389895564,2.5626326963906583,0.005756223917110376,2.561501394876997,0.31889449906989104,0.6181964789678807,0.8478168715557439,0.19769357495881384,0.8962520528336957
2024-10-21T13:00:49.664098756Z,AAPL,0.027576697690451565,0.0,0.0,0.0,0.0,0.0,0.0,0.0,0.0,0.0,0.0011567560030235453
2024-10-21T13:00:49.688039551Z,AAPL,0.0,0.0,0.0,0.0,1.287415513356936,0.0,0.0,0.0,0.0,0.0,0.11038079902579787
2024-10-21T13:00:49.688052684Z,AAPL,0.0,0.0,0.0,0.0,-2.674243690456293,0.0,0.0,0.0,0.0,0.0,-0.22928506941210364
2024-10-21T13:00:49.716064956Z,AAPL,0.0,0.0,1.1639749745380474,0.0,0.0,0.0,0.0,0.0,0.0,0.0,0.10704677894588413
2024-10-21T13:00:49.726074065Z,AAPL,-2.0871380120010437,0.0,0.0,0.0,0.8831710709318498,0.007873240822753666,1.485332343111771,2.34192037470726,0.00670690811535882,1.5015015015015016,0.6034574596295248
2024-10-21T13:00:49.778826185Z,AAPL,1.99203187250996,0.0,0.0,0.0,0.0,0.0,0.0,0.0,0.0,0.0,0.08355949115466398
2024-10-21T13:00:49.778838318Z,AAPL,0.0,0.0,0.0,-0.3141073461855589,-0.6962287608785743,-0.4560962470820614,-0.04195070791819612,-0.5609311457018651,-2.5616394492475183,-0.01839080459770115,-0.4493790567868273
2024-10-21T13:00:54.716822373Z,AAPL,0.0,1.707941929974381,0.16642396505096735,0.0,0.0,0.0,0.0,0.0,0.0,0.0,0.16727463407569546
2024-10-21T13:00:59.693940803Z,AAPL,0.0,0.0,0.0,-0.310776163468262,0.0,0.0,0.0,0.0,0.0,0.0,-0.0323765733367977
2024-10-21T13:00:59.747110424Z,AAPL,0.0,0.0,0.0,0.30938200943615124,0.0,0.0,0.0,0.0,0.0,0.0,0.03223133076169256
2024-10-21T13:00:59.747122038Z,AAPL,-1.7905102954341987,0.0,0.0,0.13052598865667003,1.0696988839755739,0.0070859167404783,2.834868887313962,2.4638127502309826,0.00549073438572409,3.3305578684429644,1.081280965869567
2024-10-21T13:01:00.264901397Z,AAPL,0.0,0.0,0.0,0.0,0.0,0.3512469265893924,9.35125657510228,0.006682258603407952,0.5355469272995046,13.271400132714003,3.1325353370786315
2024-10-21T13:01:02.339834695Z,AAPL,1.713796058269066,0.0,0.0,0.0,0.0,0.0,0.0,0.0,0.0,0.0,0.07188837113905967
2024-10-21T13:01:02.339847159Z,AAPL,0.0,0.0,-1.6303240269003465,0.0,0.0,0.0,0.0,0.0,0.0,0.0,-0.1499352988985249
2024-10-21T13:01:02.394404993Z,AAPL,0.0,1.82648401826484,0.0,0.0,0.0,0.0,0.0,0.0,0.0,0.0,0.1625168273947327
2024-10-21T13:01:05.134038116Z,AAPL,0.0,-0.15465089833977713,0.0,0.0,0.0,0.0,0.0,0.0,0.0,0.0,-0.013760521910179438
2024-10-21T13:01:05.134048475Z,AAPL,0.0,-0.1889466225791214,-7.212429040932179,-0.001661681621801263,-3.955355394556491,-0.10759436922801041,-1.3172966781214204,-0.8741258741258741,-0.08780916142250843,-1.1476704395893658,-1.4404929023873092
2024-10-21T13:01:05.138120217Z,AAPL,0.0,0.16773556980759743,0.0,0.0,0.0,0.0,0.0,0.0,0.0,0.0,0.014924769323892202
2024-10-21T13:01:05.235815575Z,AAPL,0.0,1.889466225791214,0.11277135607555681,2.0056497175141246,0.008770006577504933,1.8199837823227316,0.2798507462686567,1.0507080858839652,0.6417455478902615,0.12507817385866166,0.8541855079082109
2024-10-21T13:01:05.393823832Z,AAPL,0.8771929824561403,0.0,0.0,0.0,0.0,0.0,0.0,0.0,0.0,0.0,0.03679549522775554
2024-10-21T13:01:05.393825110Z,AAPL,-0.8936550491510277,-0.7339449541284403,-0.5755395683453237,-0.4680290046143705,-0.8459214501510575,-0.4588150289017341,-0.8361204013377926,-3.4942127101987337,-0.0072280448138778465,-0.7414272474513438,-0.8834623222057533
2024-10-21T13:01:05.899852701Z,AAPL,-0.7243460764587525,0.0,0.0,0.0,0.0,0.0,0.0,0.0,0.0,0.0,-0.030384046763522885
2024-10-21T13:01:05.959248966Z,AAPL,0.0,0.0,1.6691154863355862,0.13729977116704806,1.4178063075634941,0.362154821186057,3.0303030303030303,0.008368200836820083,0.827300930713547,3.337226764558652,1.2463066396508764
2024-10-21T13:01:06.034140717Z,AAPL,0.0,0.0,-1.1865915158706615,-0.13729977116704806,-1.0284664830119377,-0.45993662290629245,-0.7437709185570844,-3.1496062992125986,-0.009017132551848512,-0.6565988181221273,-0.7622226947508858
2024-10-21T13:01:06.159894555Z,AAPL,0.9606147934678194,0.0,0.0,0.0,0.0,0.0,0.0,0.0,0.0,0.0,0.04029477863558244
2024-10-21T13:01:06.159895738Z,AAPL,-0.9803921568627451,-0.6005560704355886,-0.5170821791320407,-0.3253619651862697,-1.0562716127004086,-0.2986135798080341,-0.9398704902867715,-0.8368200836820083,-3.309203722854188,-0.006674453529117304,-0.7825651150438073
2024-10-21T13:01:06.160259036Z,AAPL,-0.794701986754967,0.0,0.0,0.0,0.0,0.0,0.0,0.0,0.0,0.0,-0.03333525660368847
2024-10-21T13:01:06.160299314Z,AAPL,0.0,0.0,0.0,0.0,0.0,0.4532072441787849,0.7107320540156362,3.1496062992125986,0.009017132551848512,0.6565988181221273,0.546378840025409
2024-10-21T13:01:06.417068923Z,AAPL,0.0,0.0,0.0,0.13843111404087016,1.5756823821339951,0.3577177606868181,2.6551609691337537,0.00803051596065047,0.9671179883945841,3.0344409042633895,1.0331043866093856
2024-10-21T13:01:06.417082645Z,AAPL,0.0,0.0,0.0,0.0,-4.519774011299435,-0.45430155607225897,-0.6531678641410843,-3.0297292179511457,-0.010703773080010704,-0.5979073243647235,-0.9075120460548283
2024-10-21T13:01:06.419808801Z,AAPL,0.0,-0.7168458781362007,0.0,0.0,0.0,0.0,0.0,0.0,0.0,0.0,-0.06378348602051337
2024-10-21T13:01:06.420441261Z,AAPL,-0.04591104734576758,-1.2789259848083376,-1.1286048324240063,-0.13909587680079483,-0.8912466843501327,-1.3784785043508228,-0.8682276533925825,-0.7434944237918215,-3.9633391132028737,-0.006460991762235503,-1.0223547659226275
2024-10-21T13:01:06.487767695Z,AAPL,0.0,-0.14383315354189138,-6.2709442784777245,-0.0017429193899782135,-4.774285038997872,-0.10496850944716585,-0.8122903054917888,-0.7320644216691069,-0.14111006585136407,-0.7535430349118561,-1.2980594643503756
2024-10-21T13:01:06.487780628Z,AAPL,0.0,1.4126787921596329,0.0,0.0,0.0,0.0,0.0,0.0,0.0,0.0,0.12569728129770957
2024-10-21T13:01:06.928932179Z,AAPL,0.0,0.7062146892655368,0.0,0.0,0.0,0.0,0.0,0.0,0.0,0.0,0.06283754449054814
2024-10-21T13:01:06.928934336Z,AAPL,-1.3961605584642234,0.0,0.0,0.0,0.0,0.0,0.0,0.0,0.0,0.0,-0.05856455784941197
2024-10-21T13:01:07.114657176Z,AAPL,0.0,0.0,0.0,0.0,-1.406717074028486,-0.3085116150950326,0.0,0.0,0.0,0.0,-0.16440581765230786
2024-10-21T13:01:07.491424602Z,AAPL,0.0,1.3393604553825549,0.08369951872776732,2.350764436654007,0.0076103500761035,1.7797356828193833,0.2685765443151298,0.7758475290942823,0.7165890361877463,0.17246335153779824,0.8190921957648265
2024-10-21T13:01:07.809440257Z,AAPL,0.0,0.0,0.0,0.0,0.6445424899290236,0.44651489847938824,0.9596928982725528,2.5284450063211126,0.007295276308590189,1.2991230919129588,0.6667423986103931
2024-10-21T13:01:07.809453384Z,AAPL,0.0,0.0,0.0,0.0,0.0,-0.6970462664459354,-1.3042362002567394,-0.622374358176443,-2.7667300708974585,-0.015503875968992248,-0.5404244511980397
2024-10-21T13:01:07.864852819Z,AAPL,0.0,-0.13908205841446453,-4.546139359698682,-0.0020907380305247754,-3.5600986958054284,-0.10835214446952596,-1.1479910157224857,-0.6544502617801047,-0.09840905363293423,-1.6932038834951457,-1.2064413472890827
2024-10-21T13:01:07.864865339Z,AAPL,0.0,0.0,1.3020833333333335,0.0,0.0,0.0,0.0,0.0,0.0,0.0,0.11974813015870145
2024-10-21T13:01:08.021159560Z,AAPL,0.0,0.0,0.0,0.0,-1.1697616610615587,0.4968215158924205,1.0245901639344264,2.5885779000161784,0.006423638991488678,1.7667844522968197,0.6047456589434482
2024-10-21T13:01:10.260620882Z,AAPL,0.0,0.0,0.0,0.0,0.0,0.0,0.0,0.0,0.0,0.0,0.0
2024-10-21T13:01:10.260688910Z,AAPL,0.0,0.0,0.0,0.0,0.0,0.0,0.0,0.0,0.0,0.0,0.0
2024-10-21T13:01:13.991855366Z,AAPL,0.0,0.0,-0.43497172683775553,0.0,0.0,0.0,0.0,0.0,0.0,0.0,-0.04000285513783501
2024-10-21T13:01:13.993575048Z,AAPL,0.0,0.0,-0.4065867046147591,0.0,0.0,0.0,0.0,0.0,0.0,0.0,-0.03739238217600435
2024-10-21T13:01:13.993804360Z,AAPL,-1.4285714285714286,-0.9238285587386187,-0.15532118887823587,-0.7071003027639418,-0.3307412146864849,-1.4036821944890647,-1.180846118084612,-0.6244146113019045,-2.9613177864149547,-0.014119308153900459,-0.9044154834420051
2024-10-21T13:01:13.993845419Z,AAPL,0.0,0.0,0.0,0.0,0.0,0.435345944545219,0.0,0.0,0.0,0.0,0.0618017081160316
2024-10-21T13:01:14.053073117Z,AAPL,0.0,0.0,0.0,0.5049867440979674,0.0,0.0,0.0,0.0,0.0,0.0,0.05260937702536588
2024-10-21T13:01:14.101635781Z,AAPL,0.0,0.0,0.32504469364537625,0.0,0.0,0.0,0.0,0.0,0.0,0.0,0.029893243608608063
2024-10-21T13:01:14.254042044Z,AAPL,-1.8648018648018647,0.0,0.0,0.0,0.0,0.0,0.0,0.0,0.0,0.0,-0.07822259125341038
2024-10-21T13:01:14.254340207Z,AAPL,0.0,0.0,0.0,-0.10879419764279238,0.0,0.0,0.0,0.0,0.0,0.0,-0.011334148923424927
2024-10-21T13:01:14.258450289Z,AAPL,0.0,0.0,0.0,0.10885341074020319,0.0,0.0,0.0,0.0,0.0,0.0,0.011340317727265688
2024-10-21T13:01:14.551172515Z,AAPL,0.0,0.0,0.3030417818856775,0.0,0.0,0.0,0.0,0.0,0.0,0.0,0.027869711416912066
2024-10-21T13:01:14.757245185Z,AAPL,-1.4970059880239521,-2.378449408672799,-0.1556769702866552,-0.5884489647657101,-0.2818126467774202,-0.6312229945519444,-1.779359430604982,-0.8651226158038147,-0.682477392936359,-5.496392992098935,-1.6581250554838107
2024-10-21T13:01:14.757257838Z,AAPL,0.0,1.4064697609001409,0.0,0.0,0.0,0.0,0.0,0.0,0.0,0.0,0.12514481434404526
2024-10-21T13:01:14.757605580Z,AAPL,-1.180327868852459,0.0,0.0,0.0,0.0,0.0,0.0,0.0,0.0,0.0,-0.04951105325072418
2024-10-21T13:01:14.817149379Z,AAPL,0.0,0.0,0.13348907058234608,0.0,0.0,0.0,0.0,0.0,0.0,0.0,0.012276531147923604
2024-10-21T13:01:15.017831294Z,AAPL,0.0,-1.6638935108153077,0.0,0.0,0.0,0.0,0.0,0.0,0.0,0.0,-0.14804985523896197
2024-10-21T13:01:22.653792170Z,AAPL,0.0,0.0,0.0,0.0,0.0,0.0,1.0019723865877712,0.709849157054126,3.3298647242455774,0.008528784648187633,0.46956063310595586
2024-10-21T13:01:22.653805266Z,AAPL,0.0,0.0,0.0,0.0,0.0,0.0,-1.5555123468792535,-0.897209466619569,-0.8879023307436182,-3.144036156415799,-0.8204604801851899
2024-10-21T13:01:22.709886825Z,AAPL,0.0,0.0,0.0,0.0,0.0,0.0,-1.5258439824527943,0.0,0.0,0.0,-0.15143519622486265
2024-10-21T13:01:22.771731264Z,AAPL,0.0,0.0,-0.25917646677681666,0.0,0.0,0.0,0.0,0.0,0.0,0.0,-0.023835569109244874
2024-10-21T13:01:22.771744033Z,AAPL,0.0,0.0,0.5426856154394057,15.741767199217477,0.0034346556757685045,5.242668050869452,0.22396416573348266,0.9468917249897076,0.8184980560671169,0.10178117048346055,2.638615404888694
2024-10-21T13:01:24.376253116Z,AAPL,0.0,0.0,0.0,0.0,0.0,0.0,0.0,0.0,0.0,0.0,0.0
2024-10-21T13:01:31.407847430Z,AAPL,0.0,0.0,0.0,0.0,0.0,1.6552865714876888,0.955785512699906,0.9269988412514485,2.8802880288028803,0.006770480704129994,0.6803532264243515
2024-10-21T13:01:36.770750984Z,AAPL,0.0,0.0,-1.7725236801527278,-0.007444630560208451,-1.9747775931176068,-0.25268477574226156,-0.8654750705550329,-0.9269988412514485,-0.10801080108010801,-0.7379823967501693,-0.6718970757190037
2024-10-21T13:01:36.770763949Z,AAPL,0.0,0.0,0.2923869741603012,0.0,0.0,0.0,0.0,0.0,0.0,0.0,0.026889825360734684
2024-10-21T13:01:38.009732596Z,AAPL,0.0,0.0,0.2889755815633579,0.0,0.0,0.0,0.0,0.0,0.0,0.0,0.026576091305268806
2024-10-21T13:01:38.212599640Z,AAPL,0.0,0.0,-0.2897815771362336,0.0,0.0,0.0,0.0,0.0,0.0,0.0,-0.02665021594867467
2024-10-21T13:01:41.028235004Z,AAPL,0.0,0.0,0.0,0.0,0.0,-1.684565171615077,0.0,0.0,0.0,0.0,-0.2391408633594701
2024-10-21T13:01:41.825702493Z,AAPL,0.0,0.0,0.2892995335045022,0.0,0.0,0.0,0.0,0.0,0.0,0.0,0.02660588405218463
2024-10-21T13:01:43.524114303Z,AAPL,-0.17424448679553498,-1.9873730441943454,-0.2590061889600401,-0.030882069098629606,-0.3173048672999706,-0.6997840172786177,-1.4847809948032666,-1.169967756794104,-0.7611798287345385,-2.536863802124623,-1.0699663919975262
2024-10-21T13:01:43.583733107Z,AAPL,0.0,0.0,0.14309734196687296,0.0,0.0,0.0,0.0,0.0,0.0,0.0,0.013160170852771824
2024-10-21T13:01:43.783882145Z,AAPL,-1.1350737797956867,0.0,0.0,0.0,0.0,0.0,0.0,0.0,0.0,0.0,-0.04761278610628981
2024-10-21T13:01:45.884946041Z,AAPL,0.0,0.0,0.0,0.0,0.0,0.0,0.0,0.0,0.0,0.0,0.0
2024-10-21T13:01:45.884946041Z,AAPL,-0.11544011544011544,0.0,0.0,0.0,0.0,0.0,0.0,0.0,0.0,0.0,-0.004842350887115881
2024-10-21T13:01:45.884946041Z,AAPL,-0.011802891708468575,0.0,0.0,0.0,0.0,0.0,0.0,0.0,0.0,0.0,-0.0004950942999072448
2024-10-21T13:01:45.884946041Z,AAPL,-0.03625377643504532,0.0,0.0,0.0,0.0,0.0,0.0,0.0,0.0,0.0,-0.0015207322498963622
2024-10-21T13:01:45.884946041Z,AAPL,-0.24645717806531114,-11.464241127162474,-0.001508921498359048,-3.9253789350952193,-0.12329189355799856,-1.0048055919615553,-0.7247689798876609,-0.139178844815588,-0.9180880185302169,-0.0570939194975735,-1.769861020562741
2024-10-21T13:01:45.885003513Z,AAPL,0.0,0.0,-0.01600640256102441,0.0,0.0,0.0,0.0,0.0,0.0,0.0,-0.0014720538449280946
2024-10-21T13:01:45.885132988Z,AAPL,0.0,-0.9322922736277823,0.0,0.0,0.0,0.0,0.0,0.0,0.0,0.0,-0.08295346742674854
2024-10-21T13:01:45.885143787Z,AAPL,0.0,-0.819000819000819,0.0,0.0,0.0,0.0,0.0,0.0,0.0,0.0,-0.0728730245688912
2024-10-21T13:01:45.889098836Z,AAPL,0.0,0.0,0.01832340815391663,0.0,0.0,0.0,0.0,0.0,0.0,0.0,0.0016851408879868567
2024-10-21T13:01:45.934608846Z,AAPL,0.0,0.6481931615621455,0.0,0.0,0.0,0.0,0.0,0.0,0.0,0.0,0.0576749071454326
2024-10-21T13:01:45.952579456Z,AAPL,0.0,-0.5913223445930963,0.0,0.0,0.0,0.0,0.0,0.0,0.0,0.0,-0.052614657697459474
2024-10-21T13:01:46.089830558Z,AAPL,0.0,0.0,0.3949447077409163,0.0099676052828308,2.4061941631923762,0.3519061583577713,0.7890222984562607,1.0498687664041995,0.13458950201884254,0.5819540843566471,0.578548192658889
2024-10-21T13:01:53.318700214Z,AAPL,-0.06102212051868803,-0.29296628362166943,-0.3765733902007698,-0.8073760279092947,-0.01923539312334696,-0.9845031905195989,-0.5601659751037344,-2.0460358056265986,-1.2138590203106332,-0.5269397971281781,-0.7363444913646368
2024-10-21T13:01:53.318745624Z,AAPL,0.0,0.0,-0.0022475698151373825,-4.471994686738986,-0.1545197012619109,-1.4123426466073075,-0.6989341254586756,-0.15286624203821655,-1.0883674488267598,-0.05269397971281781,-0.8703985033341346
2024-10-21T13:01:53.319069858Z,AAPL,-0.2799650043744532,0.0,0.0,0.0,0.0,0.0,0.0,0.0,0.0,0.0,-0.011743654119934579
2024-10-21T13:01:53.319109528Z,AAPL,0.0,0.0,0.0,0.0,0.0,0.0,1.3986013986013985,1.3086038124678,1.1046672190002762,2.0276264098339882,0.6872939399097919
2024-10-21T13:01:53.357137118Z,AAPL,0.08154943934760449,0.0,0.0,0.0,0.0,0.0,0.0,0.0,0.0,0.0,0.00342074328722865
2024-10-21T13:01:53.421896177Z,AAPL,0.0,0.0,0.6398464368551547,0.006550933508024893,3.3482512846013592,0.3803486529318542,0.7961232260297681,1.0460251046025104,0.17569546120058566,0.5322915394945672,0.6816734207305568
2024-10-21T13:01:53.580085827Z,AAPL,0.0,0.1780151312861593,0.0,0.0,0.0,0.0,0.0,0.0,0.0,0.0,0.01583942376477368
2024-10-21T13:01:53.580087339Z,AAPL,-2.035623409669211,0.0,0.0,0.0,0.0,0.0,0.0,0.0,0.0,0.0,-0.08538801945982966
2024-10-21T13:01:53.886883978Z,AAPL,0.0,0.0,0.4715868898844612,0.0,0.0,0.0,0.0,0.0,0.0,0.0,0.04337022587214463
2024-10-21T13:01:54.087201713Z,AAPL,2.1310602024507195,0.0,0.0,0.0,0.0,0.0,0.0,0.0,0.0,0.0,0.08939129368064214
2024-10-21T13:01:54.087204965Z,AAPL,-2.135611318739989,-0.024098200165675123,-0.1142245225771908,-0.49915267293175164,-0.5659388646288209,-0.05198180636777128,-0.5725393179006892,-2.052861175263023,-1.47588611272516,-0.5069066024584971,-0.6799941864493696
2024-10-21T13:01:54.087566172Z,AAPL,-1.6589861751152073,0.0,0.0,0.0,0.0,0.0,0.0,0.0,0.0,0.0,-0.069589268393875
2024-10-21T13:01:54.087608499Z,AAPL,0.0,0.0,0.0,0.0,0.0,0.0,1.4401440144014401,1.2527743526510482,1.1851851851851851,2.080624187256177,0.7016392987007285
2024-10-21T13:01:54.347089082Z,AAPL,0.0,-0.15065913370998116,0.0,0.0,0.0,0.0,0.0,0.0,0.0,0.0,-0.013405342824650267
2024-10-21T13:01:54.854313070Z,AAPL,1.953125,0.0,0.0,0.0,0.0,0.0,0.0,0.0,0.0,0.0,0.08192746984304945
2024-10-21T13:01:54.854320646Z,AAPL,-1.968503937007874,-0.12373496276494177,-0.9795229047920625,-0.1334723670490094,-0.4249180327868852,-1.3333333333333333,-0.029607698001480387,-1.8252338580880676,-1.6282051282051282,-0.5203590477429426,-0.8329485403677848
2024-10-21T13:01:54.854683427Z,AAPL,-1.5450643776824036,0.0,0.0,0.0,0.0,0.0,0.0,0.0,0.0,0.0,-0.06481060618657028
2024-10-21T13:01:54.854726318Z,AAPL,0.0,0.0,0.0,0.0,0.0,0.0,1.5273004963726615,1.098140942498919,1.3518080432578574,2.109426499670402,0.7148066675056111
2024-10-21T13:01:54.914155820Z,AAPL,0.0,0.0,0.7492039707810452,0.0,0.0,0.0,0.0,0.0,0.0,0.0,0.06890171489933149
2024-10-21T13:01:55.114822843Z,AAPL,0.0,-0.15573291804555187,0.0,0.0,0.0,0.0,0.0,0.0,0.0,0.0,-0.013856797819523635
2024-10-21T13:01:55.619347215Z,AAPL,-1.675041876046901,-0.28116504854368934,-1.372772089495639,-0.19595835884874463,-0.07062458618406532,-1.4896551724137932,-0.6167904054825815,-1.6981532583315644,-1.7731239092495636,-0.5205622071837585,-0.9281206757866662
2024-10-21T13:01:55.619359544Z,AAPL,0.0,0.15555123468792534,0.0,0.0,0.0,0.0,0.0,0.0,0.0,0.0,0.013840632004451278
2024-10-21T13:01:55.619386195Z,AAPL,0.0,0.2808378588052754,0.11621572544034864,0.3007518796992481,0.32076032076032074,1.6159600997506234,1.4809329877823028,1.0565723793677204,1.509433962264151,1.955512099731117,1.0198361525060275
2024-10-21T13:01:55.619397108Z,AAPL,0.0,0.1257568700512343,0.0,0.0,0.0,0.0,0.0,0.0,0.0,0.0,0.011189590130240505
2024-10-21T13:01:55.619408622Z,AAPL,0.0,0.0,0.1147982062780269,3.071090047393365,0.2891566265060241,4.094165813715455,0.9479380481433104,0.8079175924055746,5.792903692976105,0.005011903270266883,1.631356905337891
2024-10-21T13:01:55.619418677Z,AAPL,0.0,0.0,0.5917808219178082,3.071090047393365,0.7016928339619333,2.54,0.7606008746910059,3.0627871362940278,0.015020653398422831,0.5207655253222236,1.252639506194835
2024-10-21T13:01:55.619428622Z,AAPL,0.0,0.0,0.6027906976744186,6.814310051107325,0.44081916001388405,1.981178801386825,2.9309397325517494,0.007846214201647704,1.502065339842283,2.5703637064644647,1.9190603774921187
2024-10-21T13:01:55.619439498Z,AAPL,0.0,0.0,1.4831294030404154,4.163934426229508,0.3442340791738382,6.8434559452523525,0.0076045627376425855,0.7887990534411359,6.52954619653934,0.56104728827144,2.325397412342814
2024-10-21T13:01:55.619990738Z,AAPL,-1.100169779286927,0.0,0.0,0.0,0.0,0.0,0.0,0.0,0.0,0.0,-0.046148672724359206
2024-10-21T13:01:55.679367069Z,AAPL,1.3289036544850499,0.0,0.0,0.0,0.0,0.0,0.0,0.0,0.0,0.0,0.05574334160749677
2024-10-21T13:01:55.679377988Z,AAPL,0.0,0.30473868657626085,0.8845551105693888,3.005259203606311,1.3189349600197842,0.013454423141607804,0.8195041999590248,3.7615196539401916,1.0934652434261911,0.3674004956990815,1.1406441346124787
2024-10-21T13:01:55.691001931Z,AAPL,0.0,0.0,-0.007073386383731211,-10.895361380798274,-0.10020876826722339,-1.5057283142389526,-0.8188331627430911,-0.10845986984815617,-1.1142346026066956,-0.059497248252268334,-1.5596129224713642
2024-10-21T13:01:55.691014779Z,AAPL,0.0,0.0,0.0,7.042253521126761,1.643077924190662,0.3931847968545216,0.9613375130616509,0.6773920406435224,0.15313935681470137,0.6827435014093329,1.213794483140436
2024-10-21T13:01:55.879929994Z,AAPL,0.0,-0.15035333032626672,-1.440922190201729,-1.8697092381302909,-0.32485990416632826,-4.640371229698376,-0.00872219799389446,-0.6805035726437564,-4.6317739694302915,-0.6895419471351174,-1.6206335542682322
2024-10-21T13:01:55.939347809Z,AAPL,-1.4331780723754926,0.0,0.0,0.0,0.0,0.0,0.0,0.0,0.0,0.0,-0.06011732649178261
2024-10-21T13:01:56.191953909Z,AAPL,0.0,0.0,-1.422981145499822,0.0,0.0,0.0,0.0,0.0,0.0,0.0,-0.1308666865341625
2024-10-21T13:01:56.246908570Z,AAPL,0.0,0.0,1.452696568004358,0.0,0.0,0.0,0.0,0.0,0.0,0.0,0.13359951183858026
2024-10-21T13:01:56.246922313Z,AAPL,0.0,0.0,-2.8612303290414878,0.0,0.0,0.0,0.0,0.0,0.0,0.0,-0.2631375220654727
2024-10-21T13:01:56.993831894Z,AAPL,0.0,0.0,0.9229651162790699,0.7729468599033816,1.2590494176896443,0.008472781190425757,0.9799118079372857,3.3350008337502084,0.7156244675413188,0.48705063780440666,0.8380498222767497
2024-10-21T13:01:56.993844895Z,AAPL,0.0,0.0,-1.4574603752960467,-0.8935795954265612,-0.3142924491239098,-3.1746031746031744,-0.010301313417460725,-0.6700167504187605,-3.19030148349019,-0.860832137733142,-1.1946804250575256
2024-10-21T13:01:57.165899729Z,AAPL,0.0,0.0,0.0,-3.2063492063492065,-0.09727626459143969,-0.8449669360764145,-1.0559662090813093,-0.10371650821089023,-0.6472684085510688,-0.08359456635318704,-0.6487402798653197
2024-10-21T13:01:57.165912786Z,AAPL,0.0,0.0,0.0,1.2102874432677762,1.6264090177133654,0.2082248828735034,1.2405609492988134,0.7036059806508356,0.08440005626670417,0.9102296450939458,0.6387071484289768
2024-10-21T13:01:58.745358302Z,AAPL,0.0,0.0,0.0,1.1560693641618498,0.0,0.0,0.0,0.0,0.0,0.0,0.12043898133465988
2024-10-21T13:01:59.675052114Z,AAPL,-1.2135922330097086,0.0,0.0,0.0,0.0,0.0,0.0,0.0,0.0,0.0,-0.05090638902869092
2024-10-21T13:02:00.466387757Z,AAPL,0.0,0.0,0.0,1.0423452768729642,0.0,0.0,0.0,0.0,0.0,0.0,0.10859123789392135
2024-10-21T13:02:00.466402127Z,AAPL,0.0,0.0,-1.5372790161414298,0.0,0.0,0.0,0.0,0.0,0.0,0.0,-0.14137826896523092
2024-10-21T13:02:00.468799008Z,AAPL,0.0,0.0,0.0,-0.9701673538685422,0.0,0.0,0.0,0.0,0.0,0.0,-0.10107176216782031
2024-10-21T13:02:00.468810088Z,AAPL,0.0,0.0,0.0,-2.3085714285714287,-0.10105263157894737,-0.6336961013913762,-1.497566454511419,-0.11225444340505145,-0.4843368140413241,-0.10484927916120576,-0.5589089018741097
2024-10-21T13:02:00.468935740Z,AAPL,0.0,0.0,-0.5209376878381086,-1.6794373884748608,-0.4445611271549838,-0.5678591709256104,-5.237315875613748,-0.007750435962022863,-0.45998160073597055,-4.864996351252736,-1.6754576229032698
2024-10-21T13:02:00.473030295Z,AAPL,0.0,0.0,3.2051282051282053,0.5064300667929419,0.36523009495982467,2.2443540468508907,0.013157894736842105,0.7880220646178092,2.2753128555176336,1.0468594217347957,1.146319426802304
2024-10-21T13:02:00.488266361Z,AAPL,-0.009433962264150943,-0.42381508992873573,-0.839278220730172,-1.4766958929395477,-0.49784398275186204,-0.5469711472719815,-4.81203007518797,-0.008904719501335707,-0.45050118256560423,-4.597701149425287,-1.637961555254304
2024-10-21T13:02:00.488297237Z,AAPL,0.0,-0.12271797591091585,-2.2845528455284554,-0.36917397323488693,-1.5680125441003527,-0.6828874848769996,-1.2030075187969924,-3.6429872495446265,-0.004558404558404558,-0.9117848187827673,-1.1098648093200452
2024-10-21T13:02:00.488423390Z,AAPL,-0.07827788649706457,0.0,0.0,0.0,0.0,0.0,0.0,0.0,0.0,0.0,-0.0032835119029073438
2024-10-21T13:02:00.499390446Z,AAPL,0.009962640099626401,0.0,0.0,0.0,0.0,0.0,0.0,0.0,0.0,0.0,0.00041790151491548014
2024-10-21T13:02:00.521318201Z,AAPL,0.0,0.0,0.0,0.0,0.871554635581218,0.0,0.0,0.0,0.0,0.0,0.07472560029919467
2024-10-21T13:02:00.521332116Z,AAPL,0.0,0.0,0.0,0.0,-1.7769880053309641,0.0,0.0,0.0,0.0,0.0,-0.15235590518576364
2024-10-21T13:02:00.543537646Z,AAPL,-2.1645021645021645,0.0,0.0,0.0,0.5937353903693314,0.5821568912822005,4.054738976178408,0.00856898029134533,0.5521811154058531,4.6414481318171275,1.2321516705472595
2024-10-21T13:02:00.547471734Z,AAPL,0.0,0.0,0.0,0.44730122391476623,0.49498824402920427,2.3001725129384702,0.010175527855507504,0.8727907484180667,2.7255382938130284,0.997624703087886,0.9051053175281774
2024-10-21T13:02:00.557303929Z,AAPL,0.0,0.0,0.0,-0.3004891684136967,-0.6927587617618983,-0.5602240896358543,-3.795066413662239,-0.010002500625156289,-0.5385754678874377,-4.397537379067722,-1.2940697471031108
2024-10-21T13:02:00.558727390Z,AAPL,2.236511042773274,0.0,0.0,0.0,0.0,0.0,0.0,0.0,0.0,0.0,0.0938146257973527
2024-10-21T13:02:00.561398333Z,AAPL,0.0,0.0,0.0,0.4412786657400973,0.5809731299927379,2.3104693140794224,0.008695652173913044,1.0484927916120577,2.8085942985535737,0.8670520231213873,0.9170210953187999
2024-10-21T13:02:00.572273497Z,AAPL,-0.9806295399515739,-0.012289258420062213,-0.6141015921152387,-0.93893576142344,-0.7891875097094919,-0.5961251862891207,-3.2102728731942216,-0.01101624896722666,-0.586940572267058,-3.8910505836575875,-1.3387012346633036
2024-10-21T13:02:00.603031343Z,AAPL,0.0,0.0,0.0,0.32441200324412,0.0,0.0,0.0,0.0,0.0,0.0,0.03379715129099133
2024-10-21T13:02:00.603034863Z,AAPL,0.0,0.0,0.0,0.3177377075224402,0.0,0.0,0.0,0.0,0.0,0.0,0.03310182503915507
2024-10-21T13:02:00.632932221Z,AAPL,0.0,-0.30813080152524747,0.0,0.0,0.0,0.0,0.0,0.0,0.0,0.0,-0.027416851056847408
2024-10-21T13:02:00.753033427Z,AAPL,0.0,0.0,0.0,0.6198187030293639,0.0,0.0,0.0,0.0,0.0,0.0,0.06457253822234806
2024-10-21T13:02:00.763036835Z,AAPL,0.0,0.0,0.0,0.5897095680377414,0.0,0.0,0.0,0.0,0.0,0.0,0.06143577700396922
2024-10-21T13:02:00.828077266Z,AAPL,0.0,0.3066661555564074,0.0,0.0,0.0,0.0,0.0,0.0,0.0,0.0,0.027286529842025887
2024-10-21T13:02:00.828089935Z,AAPL,0.0,0.0,0.0,0.0,-3.55792750722704,-0.9474076837001119,-0.571183778380694,-5.313849219528396,-0.008357709987463435,-0.6046863189720333,-1.110058500305946
2024-10-21T13:02:00.831877617Z,AAPL,-3.992015968063872,0.0,0.0,0.0,0.0,0.0,0.0,0.0,0.0,0.0,-0.16745255313230067
2024-10-21T13:02:00.831882513Z,AAPL,0.0,-0.1554605518849592,0.0,0.0,0.0,0.0,0.0,0.0,0.0,0.0,-0.013832563233364346
2024-10-21T13:02:00.850825310Z,AAPL,0.0,0.0,0.0,0.0,0.0,0.0,0.0,0.0,0.0,0.0,0.0
2024-10-21T13:02:00.850825310Z,AAPL,-12.000994282873478,-0.0016274717226788184,-8.735521235521237,-0.08378133072680305,-0.8923375363724539,-0.7841599686336013,-0.08932559178204555,-1.146161934805468,-0.09782342871117633,-0.28823058446757405,-1.6784234224316352
2024-10-21T13:02:00.850908070Z,AAPL,0.0,0.0,-0.18887292137138165,0.0,0.0,0.0,0.0,0.0,0.0,0.0,-0.017369993603968813
2024-10-21T13:02:00.850932826Z,AAPL,0.0,0.0,0.0,0.0,-0.6130814471573695,0.0,0.0,0.0,0.0,0.0,-0.05256455223897922
2024-10-21T13:02:00.851097126Z,AAPL,-0.01968988432192961,-0.5298387857075516,-0.6825722863011534,-0.3233830845771144,-0.6025664868885996,-3.590027700831025,-0.7828633071351518,-1.056524035921817,-3.81770460510618,-0.00639897616381379,-1.2308563600781328
2024-10-21T13:02:00.851457343Z,AAPL,-0.07013698630136986,0.0,0.0,0.0,0.0,0.0,0.0,0.0,0.0,0.0,-0.00294202666500498
2024-10-21T13:02:00.855017272Z,AAPL,0.0,0.0,0.0,0.0774932614555256,0.0,0.0,0.0,0.0,0.0,0.0,0.00807322619155343
2024-10-21T13:02:00.855026125Z,AAPL,0.0,0.0,0.0,0.0,0.0,0.5600781504395962,0.0,0.0,0.0,0.0,0.07950869144260388
2024-10-21T13:02:00.876214037Z,AAPL,-0.26164903496729386,-0.0472561876070648,-1.1924464247825164,-0.3949172684888929,-0.5827338129496403,-0.5304518664047152,-2.7928085180659803,-1.1324119482835489,-0.9313154831199069,-3.083445750626325,-1.2516941198754754
2024-10-21T13:02:00.889534250Z,AAPL,0.0,0.01021841869970622,0.0,0.0,0.0,0.0,0.0,0.0,0.0,0.0,0.0009092140809668274
2024-10-21T13:02:00.899219069Z,AAPL,0.0,0.0,0.0,0.0,0.0,-1.3468013468013469,0.8935795954265612,0.8333333333333334,4.003002251688767,0.00791295746785361,0.34011215668019035
2024-10-21T13:02:00.927615176Z,AAPL,0.0,0.0,0.0,0.0,0.0,0.0,0.0,0.0,0.0,0.0,0.0
2024-10-21T13:02:00.927615176Z,AAPL,-2.2080471050049066,0.0,0.0,0.0,0.0,0.0,0.0,0.0,0.0,0.0,-0.09262065285494893
2024-10-21T13:02:00.927646147Z,AAPL,-0.47875523638539796,-0.30192899077439195,-0.04419584282853394,-1.3183204316209243,-0.7436736099156481,-0.5193972427059955,-2.3588667366211964,-0.9396966333703293,-0.9302325581395349,-3.9389463318562288,-1.36011076598088
2024-10-21T13:02:00.927671794Z,AAPL,0.0,0.0,-0.5291005291005291,0.0,0.0,0.0,0.0,0.0,0.0,0.0,-0.04865955765178979
2024-10-21T13:02:00.927682794Z,AAPL,0.0,0.0,-0.5141718619448551,0.0,0.0,0.0,0.0,0.0,0.0,0.0,-0.047286619428951834
2024-10-21T13:02:00.928003213Z,AAPL,-0.17991004497751123,0.0,0.0,0.0,0.0,0.0,0.0,0.0,0.0,0.0,-0.007546662289590641
2024-10-21T13:02:00.928041580Z,AAPL,0.0,0.0,0.0,0.0,0.0,0.0,0.7773512476007677,0.0,0.0,0.0,0.07714965623604046
2024-10-21T13:02:00.935398656Z,AAPL,0.0,0.0,0.0,1.5530964861192,0.0,0.0,0.0,0.0,0.0,0.0,0.1618011552777803
2024-10-21T13:02:00.935401504Z,AAPL,0.0,0.0,0.0,0.0,0.7567158531971244,0.0,0.0,0.0,0.0,0.0,0.06487951997221982
2024-10-21T13:02:00.973406066Z,AAPL,0.41760192096883647,0.0,0.0,0.0,0.0,0.0,0.0,0.0,0.0,0.0,0.01751709121872582
2024-10-21T13:02:01.033287331Z,AAPL,0.0,0.0,0.9045169314263101,0.0,0.0,0.0,0.0,0.0,0.0,0.0,0.08318531422862362
2024-10-21T13:02:01.135551441Z,AAPL,0.0,-1.7809439002671417,0.0,0.0,0.0,0.0,0.0,0.0,0.0,0.0,-0.15846476046058086
2024-10-21T13:02:01.188132386Z,AAPL,-0.4982250731768076,0.0,0.0,0.0,0.0,0.0,0.0,0.0,0.0,0.0,-0.020898979664764932
2024-10-21T13:02:01.533605979Z,AAPL,0.211033674200482,0.0,0.0,0.0,0.0,0.0,0.0,0.0,0.0,0.0,0.008852200949211091
2024-10-21T13:02:01.533611324Z,AAPL,0.0,1.5897939156035328,0.0,0.0,0.0,0.0,0.0,0.0,0.0,0.0,0.14145662419799623
2024-10-21T13:02:01.533616664Z,AAPL,0.0,0.0,0.18726158825569297,0.09750152346130408,0.9073088770652478,1.7174753112924002,1.0903627387851471,0.8724100327153762,4.324324324324325,0.005792903692976104,0.9322026464157154
2024-10-21T13:02:01.533622158Z,AAPL,0.0,0.0,0.0,0.9872029250457038,2.168021680216802,1.1584948688711516,0.8635578583765112,3.2753326509723646,0.01211754013935171,0.5711022272986865,0.9493467775048331
2024-10-21T13:02:01.533628256Z,AAPL,0.0,0.0,0.18975109809663251,2.3710729104919976,1.3597430406852247,0.9082652134423252,3.454231433506045,0.008405127127547804,1.211754013935171,2.815315315315315,1.4093831112935553
2024-10-21T13:02:01.533638903Z,AAPL,0.0,0.0,0.4707543839002,1.497200117889773,1.0652463382157125,3.387677323734914,0.009449562957713206,0.8453085376162299,5.403944879762226,0.6168306652959319,1.4389397499164347
2024-10-21T13:02:01.533643884Z,AAPL,-0.30192899077439195,-3.952569169960474,-0.23791114018913936,-2.2955523672883786,-1.3364903972638777,-0.8806693086745927,-3.5508211273857078,-0.008633714655730628,-1.1761246692149367,-2.736726874657909,-1.7583223165641129
2024-10-21T13:02:01.592865605Z,AAPL,0.0,0.0,0.4781257470714798,1.449771689497717,1.0471204188481675,3.432739755417292,0.0091324200913242,0.8633714655730628,5.712653527563553,0.5666486778197517,1.4610671140418334
2024-10-21T13:02:01.793250270Z,AAPL,-0.7975276642408533,0.0,0.0,0.0,0.0,0.0,0.0,0.0,0.0,0.0,-0.033453784914478174
2024-10-21T13:02:03.532792430Z,AAPL,0.0,0.0,-0.4752004752004752,0.0,0.0,0.0,0.0,0.0,0.0,0.0,-0.043702554897241556
2024-10-21T13:02:04.538283059Z,AAPL,0.0,0.0,0.0,0.0,0.0,0.0,0.0,0.0,0.0,0.0,0.0
2024-10-21T13:02:04.538283059Z,AAPL,-0.7132950267485635,0.0,0.0,0.0,0.0,0.0,0.0,0.0,0.0,0.0,-0.029920489878087726
2024-10-21T13:02:04.538335499Z,AAPL,0.0,0.0,-0.8895313281814644,0.0,0.0,0.0,0.0,0.0,0.0,0.0,-0.08180713978929911
2024-10-21T13:02:04.557444177Z,AAPL,0.0,0.0,0.43546894562081545,0.0,0.0,0.0,0.0,0.0,0.0,0.0,0.040048582640850344
2024-10-21T13:02:04.585465906Z,AAPL,0.0,0.0,0.4220522289633342,0.0,0.0,0.0,0.0,0.0,0.0,0.0,0.03881469331021164
2024-10-21T13:02:04.612481758Z,AAPL,0.0,0.0,0.2609678413644303,1.4194464158977997,3.8250059765718385,0.0060477774417901425,1.5174506828528072,4.128819157720892,0.6993006993006993,0.4658901830282862,1.1899515006838377
2024-10-21T13:02:04.612494059Z,AAPL,0.0,0.0,-0.39900249376558605,-1.7737430167597767,-0.935672514619883,-2.3078032597721045,-0.016413623307345096,-0.8303923603902844,-3.1220730565095223,-0.8212749315604224,-1.1230550367297834
2024-10-21T13:02:05.526065625Z,AAPL,0.0,0.0,-0.3993211540381352,0.0,0.0,0.0,0.0,0.0,0.0,0.0,-0.03672419445418097
2024-10-21T13:02:05.526078693Z,AAPL,0.0,0.0,0.40998308819761187,5.887496356747303,0.27434842249657065,0.6063801740047455,1.8832391713747645,0.1285071749839366,0.5968514715947981,0.08910670527957229,1.0279321774328642
2024-10-21T13:02:05.613608760Z,AAPL,0.0,0.0,0.0,0.0,0.0,0.0,0.0,0.0,0.0,0.0,0.0
2024-10-21T13:02:05.613608760Z,AAPL,-0.5312672938572219,0.0,0.0,0.0,0.0,0.0,0.0,0.0,0.0,0.0,-0.022284997220396053
2024-10-21T13:02:05.613608760Z,AAPL,-0.004540295119182747,-2.0947892118355593,-1.1065461517392494,-0.265545474662536,-1.0267857142857142,-0.46658112679342123,-0.3535651149086624,-0.990909090909091,-0.045961162817419285,-0.5093378607809848,-0.6867555939959139
2024-10-21T13:02:05.613676908Z,AAPL,0.0,-4.567035948451277,-0.068575347162695,-0.9739572305737878,-0.8920606601248885,-0.06906077348066299,-2.6186186186186187,-0.09300162752848175,-0.20366598778004075,-1.18822576289495,-1.0762293002774357
2024-10-21T13:02:05.613767492Z,AAPL,0.0,0.0,0.0,-0.7147309370455017,-1.1555959963603275,-0.4664179104477612,-7.770762506070908,-0.01051801209571391,-0.44583147570218457,-4.798464491362764,-1.813484202644383
2024-10-21T13:02:05.614743449Z,AAPL,-0.010183299389002037,-1.9677871148459383,-0.5004065803465315,-1.6333197223356473,-0.7926267281105991,-0.596384127729514,-2.1586616297895302,-3.8995856690226662,-0.00449034575662326,-1.0435690060005218,-1.3040396075621203
2024-10-21T13:02:05.614959701Z,AAPL,0.0,0.0,-0.010584810796507013,0.0,0.0,0.0,0.0,0.0,0.0,0.0,-0.0009734486791413888
2024-10-21T13:02:05.615589936Z,AAPL,0.0,0.0,0.0,0.0,0.0,0.0,0.0,0.0,0.0,0.0,0.0
2024-10-21T13:02:05.615589936Z,AAPL,-2.8506915043748235,-0.1692047377326565,-0.3392580573788627,-0.757002271006813,-0.14489253803429122,-0.5562643531513142,-0.20682523267838676,-0.371900826446281,-0.5513093597293572,-1.1086474501108647,-0.6183306308266897
2024-10-21T13:02:05.615614835Z,AAPL,-0.0057110222729868645,-0.011555683952043913,-0.8747081712062257,-1.5024857300681274,-1.931900507123883,-0.4566573742200983,-2.4720194647201947,-0.8375209380234505,-2.0047613081067537,-0.0112391121101433,-0.9777601351732967
2024-10-21T13:02:05.615952955Z,AAPL,0.0,-0.4799531752999707,-0.006744225257123588,-1.9876215738284704,-1.968636911942099,-1.0896213565785888,-1.6112412177985949,-1.0719561088837308,-0.5207655253222236,-4.0931184446149915,-1.5344094775878387
2024-10-21T13:02:05.615975118Z,AAPL,-0.023378141437755698,0.0,0.0,0.0,0.0,0.0,0.0,0.0,0.0,0.0,-0.0009806397325456766
2024-10-21T13:02:05.617862987Z,AAPL,0.0,0.0,0.0,0.0,0.0,0.0,2.1746575342465753,0.8624407072013799,2.167727950142257,0.009501187648456057,0.4963589725384542
2024-10-21T13:02:05.619066257Z,AAPL,0.0,0.0,0.0,0.0,0.03852636648206116,0.0,0.0,0.0,0.0,0.0,0.0033031846142369753
2024-10-21T13:02:05.673847211Z,AAPL,0.0,0.0,0.0,0.6200589055960316,0.0,0.0,0.0,0.0,0.0,0.0,0.06459756245821162
2024-10-21T13:02:05.675014223Z,AAPL,0.0,0.0,0.0,0.6177606177606177,0.0,0.0,0.0,0.0,0.0,0.0,0.06435812747767153
2024-10-21T13:02:05.675016935Z,AAPL,0.0,0.0,0.0,0.0,2.076304178562159,0.7789021772462434,1.4847809948032666,3.736571695469407,0.005422258370611359,0.9626955475330926,0.9528211360582121
2024-10-21T13:02:05.715696027Z,AAPL,0.0053655264922870555,0.0,0.0,0.0,0.0,0.0,0.0,0.0,0.0,0.0,0.0002250670130631325
2024-10-21T13:02:05.725381659Z,AAPL,0.0,0.0,0.0,0.0,3.7753657385559225,0.1016949152542373,1.4625964441462596,0.0847637211273575,0.276327909118821,1.0316529894490034,0.6800961251026663
2024-10-21T13:02:05.875153265Z,AAPL,0.0,-1.283491095780523,0.0,0.0,0.0,0.0,0.0,0.0,0.0,0.0,-0.11420242322941268
2024-10-21T13:02:05.882759100Z,AAPL,0.0,0.0,-0.9163802978235968,0.0,0.0,0.0,0.0,0.0,0.0,0.0,-0.08427634727320293
2024-10-21T13:02:06.177206010Z,AAPL,0.0,0.6294256490952006,0.0,0.0,0.0,0.0,0.0,0.0,0.0,0.0,0.05600501211557272
2024-10-21T13:02:06.377828230Z,AAPL,0.0,0.6593044338223174,0.0,0.0,0.0,0.0,0.0,0.0,0.0,0.0,0.05866356551746573
2024-10-21T13:02:06.377834609Z,AAPL,-0.4687683112621587,0.0,0.0,0.0,0.0,0.0,0.0,0.0,0.0,0.0,-0.019663360862365555
2024-10-21T13:02:06.642038480Z,AAPL,0.0,0.0,0.0,1.4914243102162565,-0.09344338888023672,-1.0208382111917582,-0.12507817385866166,-0.2752714482336749,-1.1494252873563218,-0.9535160905840286,-0.29149508140487723
2024-10-21T13:02:07.056407619Z,AAPL,0.0,0.0,2.0752269779507135,-1.5296367112810707,0.0,0.0,0.0,0.0,0.0,0.0,0.031494372072374266
2024-10-21T13:02:07.667678198Z,AAPL,0.0,2.160410477990818,0.31974420463629094,0.9000195656427313,0.6093845216331505,0.13745704467353953,1.4069054533720555,0.06084575600851841,0.46236835345491906,1.0513739545997611,0.7411433277786363
2024-10-21T13:02:13.203808325Z,AAPL,0.0,0.0,0.0,0.0,-1.1631288165164293,0.0,0.0,0.0,0.0,0.0,-0.0997246707104257
2024-10-21T13:02:13.262517762Z,AAPL,0.0,0.0,0.0,0.0,1.1304224954076585,0.0,0.0,0.0,0.0,0.0,0.0969204868088608
2024-10-21T13:02:13.262530556Z,AAPL,0.0,0.0,-4.444444444444445,0.0,0.7166031880378051,0.954426151276545,4.481792717086835,0.00624512099921936,1.155067860236789,4.251700680272109,1.012163737562345
2024-10-21T13:02:14.078140536Z,AAPL,-0.0036406662419222716,0.0,0.0,0.0,0.0,0.0,0.0,0.0,0.0,0.0,-0.00015271453375677188
2024-10-21T13:02:16.458029734Z,AAPL,0.0,-0.3342618384401114,-1.0188261351052048,-0.9101251422070534,-0.08547008547008547,-1.1188093405183475,-0.09308820107051431,-0.29421379535796016,-1.2948793407886992,-0.814000814000814,-0.6679747399838634
2024-10-21T13:02:16.458042005Z,AAPL,0.0,0.0,0.0,1.8202502844141069,0.0,0.0,0.0,0.0,0.0,0.0,0.18963316287505036
2024-10-21T13:02:17.186032750Z,AAPL,-0.014303593777936708,-1.1624688624411845,-0.6437684003925417,-4.1694352159468435,-0.47479484173505276,-1.3641245972073042,-0.8804754567466432,-2.5320462098433296,-0.014820303816228234,-0.7256894049346879,-1.282242550853681
2024-10-21T13:02:17.186071606Z,AAPL,0.0,0.0,0.0,-1.5573291804555187,0.0,0.0,0.0,0.0,0.0,0.0,-0.16224211618373494
2024-10-21T13:02:17.186181809Z,AAPL,-0.05714285714285714,0.0,0.0,0.0,0.0,0.0,0.0,0.0,0.0,0.0,-0.002396963689122361
2024-10-21T13:02:17.186194946Z,AAPL,0.0,0.0,0.0,0.0,0.7799785045294028,1.1264432554210082,3.340989768218835,0.006134969325153374,2.0,3.2733224222585924,1.2583315296934732
2024-10-21T13:02:17.186538717Z,AAPL,-0.04276931301790965,-0.22099447513812154,-0.7723427730783377,-0.5484949832775919,-2.946441672780631,-1.4305829343846803,-0.8352474420547088,-2.4539877300613497,-0.02,-0.6546644844517185,-1.0327229587270106
2024-10-21T13:02:17.186674729Z,AAPL,-0.1702278570795283,0.0,0.0,0.0,0.0,0.0,0.0,0.0,0.0,0.0,-0.007140524865192954
2024-10-21T13:02:17.186686642Z,AAPL,0.0,0.0,0.0,0.0,0.01203550473897999,0.0,0.0,0.0,0.0,0.0,0.0010319035431718188
2024-10-21T13:02:17.186892213Z,AAPL,0.0,0.0,0.0,3.124511795032026,0.8208111164970109,1.050972149238045,3.33889816360601,0.006424670735624799,1.7436791630340016,3.0864197530864197,1.5237259512324413
2024-10-21T13:02:17.190125762Z,AAPL,-0.28598831633097915,-0.8241758241758242,-0.14375561545372867,-0.6536964980544747,-3.2765399737876804,-1.3025641025641026,-0.8523332623055615,-2.555502315923974,-0.01695633743111488,-0.6182380216383307,-1.0653956681648513
2024-10-21T13:02:17.190140340Z,AAPL,0.0,0.0,0.0292024091987589,0.0,0.0,0.0,0.0,0.0,0.0,0.0,0.0026856452334187322
2024-10-21T13:02:17.190162546Z,AAPL,0.0,0.0,0.0,0.024733343638893183,0.0,0.0,0.0,0.0,0.0,0.0,0.0025767127866311527
2024-10-21T13:02:17.190465707Z,AAPL,0.0,0.0,0.0,0.0,0.0,0.0,0.0,0.0,0.0,0.0,0.0
2024-10-21T13:02:17.190465707Z,AAPL,0.2094423597172528,0.2302158273381295,0.791226008617313,2.9815146094215863,0.8245414705404966,0.9849790691947795,3.3368091762252345,0.006743088334457181,1.5455950540958268,2.9197080291970803,1.5573604898312379
2024-10-21T13:02:17.190483254Z,AAPL,0.0,0.0,0.0,2.3837902264600714,0.0,0.0,0.0,0.0,0.0,0.0,0.24834259560066935
2024-10-21T13:02:17.190634749Z,AAPL,0.042257240954309355,0.0,0.0,0.0,0.0,0.0,0.0,0.0,0.0,0.0,0.0017725587629745427
2024-10-21T13:02:17.246026005Z,AAPL,0.0,0.0,0.0,0.7529272269156662,0.7326007326007326,3.507233669443227,0.008001600320064013,0.8098805426199636,5.747126436781609,0.5508196721311476,1.3233804010324801
2024-10-21T13:02:17.246305868Z,AAPL,0.0,0.0,0.8093889113719143,0.0,0.0,0.0,0.0,0.0,0.0,0.0,0.07443671708772376
2024-10-21T13:02:17.291149576Z,AAPL,0.0,0.0,0.0,1.141389641889,0.0,0.0,0.0,0.0,0.0,0.0,0.11890965199541254
2024-10-21T13:02:17.291164570Z,AAPL,0.0,0.0,0.0,-1.091703056768559,-0.9702062643239113,-0.7476635514018691,-3.9970022483137644,-0.007681966583445362,-0.9070294784580499,-2.93470286133529,-1.2477667043891834
2024-10-21T13:02:17.326291877Z,AAPL,0.0,0.0,0.0,-1.0461618935530272,0.0,0.0,0.0,0.0,0.0,0.0,-0.10898885194662565
2024-10-21T13:02:17.451147618Z,AAPL,-0.7067137809187279,0.0,0.0,0.0,0.0,0.0,0.0,0.0,0.0,0.0,-0.02964442725062991
2024-10-21T13:02:17.451151260Z,AAPL,0.0,-2.911208151382824,-0.18951732306781166,-0.005521811154058531,-2.85663274415283,-0.9543490512868684,-0.9295840111550081,-3.3277870216306153,-0.008871146595697495,-0.5544005544005544,-1.1623133550728695
2024-10-21T13:02:19.513201357Z,AAPL,0.0,5.098789037603569,0.0,-1.186415542043601,0.0,0.0,0.0,0.0,0.0,0.0,0.33007942471095125
2024-10-21T13:02:19.536601031Z,AAPL,0.0,0.0,0.0,0.0,0.0,0.0,0.0,0.0,0.0,0.0,0.0
2024-10-21T13:02:19.536601031Z,AAPL,0.0032639738882088943,0.0,0.0,0.0,0.0,0.0,0.0,0.0,0.0,0.0,0.00013691347061490434
2024-10-21T13:02:19.876892416Z,AAPL,0.0,-3.766478342749529,0.0,0.0,0.0,0.0,0.0,0.0,0.0,0.0,-0.3351335706162567
2024-10-21T13:02:19.876904712Z,AAPL,0.0,0.0,0.0,1.2905307307630263,0.0,0.0,0.0,0.0,0.0,0.0,0.13444712870395972
2024-10-21T13:02:20.932833275Z,AAPL,0.0,0.0,0.0,-1.4035087719298245,0.0,0.0,0.0,0.0,0.0,0.0,-0.14621714926944673
2024-10-21T13:02:20.933057922Z,AAPL,-0.25593008739076156,-3.9983812221772563,-1.3472549680026946,-0.11406166458741757,-0.007063393960798164,-2.831858407079646,-1.3619302949061662,-0.7538635506973238,-3.397027600849257,-0.006333122229259024,-1.420169697814701
2024-10-21T13:02:20.992255017Z,AAPL,0.0,1.5637216575449568,0.0,0.0,0.0,0.0,0.0,0.0,0.0,0.0,0.1391367677851699
2024-10-21T13:02:20.992403217Z,AAPL,0.0,0.0,0.20962987225679658,0.007377351530800442,3.1595576619273302,0.8576734762789128,1.0646792653713069,3.1961646024770274,0.007829320806420043,0.6433971368827408,0.9321969217482501
2024-10-21T13:02:21.000274259Z,AAPL,0.0,0.0,0.0,0.0,2.9912133108992336,0.1029336078229542,1.1307053941908713,0.08046670690002011,0.3568596352101507,0.7066002890637546,0.5353552208427834
2024-10-21T13:02:21.192906010Z,AAPL,-0.6135910415707931,0.0,0.0,0.0,0.0,0.0,0.0,0.0,0.0,0.0,-0.025738220315779308
2024-10-21T13:02:21.563478775Z,AAPL,0.0,0.0,0.0,0.0,1.237432327919567,0.0,0.0,0.0,0.0,0.0,0.10609532639540725
2024-10-21T13:02:21.563491796Z,AAPL,0.0,0.0,-2.66844563042028,0.0,0.7416058394160584,0.7141581860382075,4.503236701379116,0.007062146892655367,0.8600301010535368,3.6650174088326914,1.0260985686012791
2024-10-21T13:02:22.575417566Z,AAPL,0.0,0.0,0.0,0.0,0.0,0.0,0.0,0.0,0.0,0.0,0.0
2024-10-21T13:02:22.575417566Z,AAPL,0.017196904557179708,0.0,0.0,0.0,0.0,0.0,0.0,0.0,0.0,0.0,0.0007213562263050958
2024-10-21T13:02:22.644977353Z,AAPL,0.0,0.0,2.3930601256356567,0.0,0.0,0.0,0.0,0.0,0.0,0.0,0.22008151710890267
2024-10-21T13:02:22.644990352Z,AAPL,0.0,0.0,0.0,0.0,-1.8298261665141813,-1.1672794117647058,-0.8254230293025175,-2.8439388553146108,-0.0129366106080207,-0.6367398917542183,-0.7834724495947728
2024-10-21T13:02:26.004586835Z,AAPL,0.0,0.0,0.0,0.0,-0.06654097815237883,-0.9956611098424298,-0.08798944126704795,-0.2987551867219917,-1.4700968927497493,-0.6800408024481468,-0.4250634111450317
2024-10-21T13:02:26.004599650Z,AAPL,0.0,0.0,0.0,0.0,1.6511867905056758,0.0,0.0,0.0,0.0,0.0,0.1415699246948004
2024-10-21T13:02:26.805812700Z,AAPL,0.0,0.0,0.0,-0.07101642254771416,-0.0041275410174388604,-3.419534088480445,-1.1888602855136905,-0.6531678641410843,-4.858791375645308,-0.007430800668772061,-1.1132095164763767
2024-10-21T13:02:26.805844770Z,AAPL,0.0,0.0,0.0,0.0,0.0,0.0,-0.8352885969028625,-0.8682276533925825,-1.179245283018868,-2.8154143938060887,-0.720239050357886
2024-10-21T13:02:26.806107899Z,AAPL,-0.011049723756906077,-2.9198624702459663,-1.6709292412617223,-0.2818141787758697,-0.0165016501650165,-0.008288437629506838,-3.507233669443227,-0.6425992779783394,-1.444002274019329,-0.7038535984515222,-1.098142562813375
2024-10-21T13:02:26.806466236Z,AAPL,-0.04490282747491756,0.0,0.0,0.0,0.0,0.0,0.0,0.0,0.0,0.0,-0.001883532822435308
2024-10-21T13:02:26.806545827Z,AAPL,0.0,0.0,0.0,0.0,0.0,0.0,0.0,0.0,0.0,0.0,0.0
2024-10-21T13:02:26.806545827Z,AAPL,-1.503872471614407,0.0,0.0,0.0,0.0,0.0,0.0,0.0,0.0,0.0,-0.06308273488178257
2024-10-21T13:02:26.806545827Z,AAPL,-0.09526077637532746,-1.0526315789473684,-0.9930486593843098,-6.78659035159444,-0.4635339145226451,-0.09471939379587971,-0.31050543384509227,-1.008942903003898,-0.9970089730807578,-0.3902092940759135,-1.2298457764273416
2024-10-21T13:02:26.806571123Z,AAPL,-0.34908611888687635,-0.1892147587511826,-2.6354738601098116,-2.033195020746888,-0.06726221755123489,-0.04291845493562232,-0.0070101647388713636,-3.3855268726195513,-0.9645082633432673,-0.8882671795768491,-1.0554417575427886
2024-10-21T13:02:26.806584268Z,AAPL,-0.3391267486222976,0.0,0.0,0.0,0.0,0.0,0.0,0.0,0.0,0.0,-0.014225303793011046
2024-10-21T13:02:26.806596745Z,AAPL,-0.34650034650034645,0.0,0.0,0.0,0.0,0.0,0.0,0.0,0.0,0.0,-0.014534603104518819
2024-10-21T13:02:26.806614516Z,AAPL,0.0,0.0,0.0,-4.1450777202072535,0.0,0.0,0.0,0.0,0.0,0.0,-0.43183303152116387
2024-10-21T13:02:26.806616034Z,AAPL,0.3723701359150996,0.0,0.0,0.0,0.0,0.0,0.0,0.0,0.0,0.0,0.015619759657285912
2024-10-21T13:02:26.806637489Z,AAPL,0.39639282528986225,0.0,0.0,0.0,0.0,0.0,0.0,0.0,0.0,0.0,0.016627436154847415
2024-10-21T13:02:26.806690074Z,AAPL,0.4282655246252677,0.0,0.0,0.0,0.0,0.0,0.0,0.0,0.0,0.0,0.01796439595701984
2024-10-21T13:02:26.806928491Z,AAPL,-0.37827240226040826,0.0,0.0,0.0,0.0,0.0,0.0,0.0,0.0,0.0,-0.015867341224267504
2024-10-21T13:02:26.808727277Z,AAPL,0.0,0.0,0.0,0.0,0.0,0.0,0.0,0.0,1.2552508030639982,0.9117848187827673,0.25764187898127094
2024-10-21T13:02:26.809920136Z,AAPL,0.0,0.0,0.0,0.0,0.0,0.018018018018018018,4.433361041839845,0.7076194456052375,0.9751340809361287,3.780718336483932,1.1990568957409753
2024-10-21T13:02:26.844545346Z,AAPL,0.0,0.04206098843322818,0.0,0.0,0.0,0.0,0.0,0.0,0.0,0.0,0.0037425010724969994
2024-10-21T13:02:26.865265424Z,AAPL,0.0,0.0,0.6557377049180327,0.0,0.0,0.0,0.0,0.0,0.0,0.0,0.060305943581562424
2024-10-21T13:02:26.866143539Z,AAPL,0.0,0.0,0.6509357200976403,0.9282896263634255,0.0,0.0,0.0,0.0,0.0,0.0,0.1565732738275065
2024-10-21T13:02:26.906652410Z,AAPL,0.0512054619159377,0.0,0.0,0.0,0.0,0.0,0.0,0.0,0.0,0.0,0.0021479085757017103
2024-10-21T13:02:26.911316679Z,AAPL,0.0,0.0,0.0,1.8140589569160999,0.16806722689075632,5.876010781671159,0.07791195948578107,0.26938042502244836,1.066925315227934,0.7489234225800412,1.2863562689653167
2024-10-21T13:02:26.934279106Z,AAPL,0.0,0.0,0.0,0.0,0.0,-8.501594048884167,-0.008447729672650475,0.0,0.0,0.0,-1.2077246592614155
2024-10-21T13:02:27.066058714Z,AAPL,0.0,-1.1869436201780414,0.0,0.0,0.0,0.0,0.0,0.0,0.0,0.0,-0.10561182551764528
2024-10-21T13:02:27.066172137Z,AAPL,-2.671118530884808,0.0,0.0,0.0,0.0,0.0,0.0,0.0,0.0,0.0,-0.11204504723777314
2024-10-21T13:02:27.798414858Z,AAPL,0.0,0.0,0.0,-0.008105369807497468,0.0,0.0,0.0,0.0,0.0,0.0,-0.0008444151477566834
2024-10-21T13:02:29.795444570Z,AAPL,1.1614401858304297,0.0,0.0,0.0,0.0,0.0,0.0,0.0,0.0,0.0,0.048718774169153684
2024-10-21T13:02:29.923107931Z,AAPL,0.0,0.0,0.0,0.0,0.0,-3.7541060534960113,0.0,0.0,0.0,0.0,-0.5329328766279322
2024-10-21T13:02:38.731508348Z,AAPL,0.0,0.0,0.0,0.0,0.0,0.0,0.0,0.0,0.0,0.0,0.0
2024-10-21T13:02:38.731508348Z,AAPL,0.0,0.0,0.0,0.0,0.0,0.0,0.0,0.0,0.0,0.0,0.0
2024-10-21T13:02:38.731508348Z,AAPL,0.0,0.0,0.0,0.0,0.0,0.0,0.0,0.0,0.0,0.0,0.0
2024-10-21T13:02:38.731508348Z,AAPL,-0.12445550715619166,0.0,0.0,0.0,0.0,0.0,0.0,0.0,0.0,0.0,-0.005220518302382243
2024-10-21T13:02:38.731508348Z,AAPL,-0.04884004884004884,0.0,0.0,0.0,0.0,0.0,0.0,0.0,0.0,0.0,-0.002048686913779796
2024-10-21T13:02:38.731600377Z,AAPL,0.0,0.0,0.0,0.0,0.0,0.0,0.0,-0.7907293796864349,-1.2173496285645817,-0.4539264639128461,-0.25853518968405614
2024-10-21T13:02:38.731649841Z,AAPL,0.0,0.0,0.0,-0.14796547472256474,-3.411580594679186,-0.0976324139614352,-0.6295907660020987,-1.076320939334638,-0.949893137022085,-0.2504268639726807,-0.6142314745942985
2024-10-21T13:02:38.731920607Z,AAPL,-1.1376564277588168,-1.8245614035087718,-1.1428571428571428,-0.7630522088353414,-1.465648854961832,-0.1557556583110246,-2.6160889470241986,-0.010843046896177827,-0.8343322944138096,-0.5764866091693145,-0.9696918828851778
2024-10-21T13:02:38.731943932Z,AAPL,-1.1068068622025458,0.0,0.0,0.0,0.0,0.0,0.0,0.0,0.0,0.0,-0.04642707754249178
2024-10-21T13:02:38.732079511Z,AAPL,-0.06822057987492894,-1.8450184501845017,-1.912769311613242,-1.1952601751674394,-2.168330955777461,-0.46032126588348116,-0.2586903799514956,-2.2002200220022,-0.009854644000985464,-0.42304886943836617,-1.0265211999709303
2024-10-21T13:02:38.732093418Z,AAPL,0.0,0.0,0.0,0.0,0.0,0.0,3.5180299032541775,0.011396011396011397,0.8601087493821057,0.6387526719476927,0.5290205655555088
2024-10-21T13:02:38.732244823Z,AAPL,0.0,0.0,0.0,0.0,0.0,0.0,0.0,0.0,0.0,0.0,0.0
2024-10-21T13:02:38.732244823Z,AAPL,-1.3793103448275863,-0.8208495793145906,-0.15232292460015234,-1.067842272838599,-0.26972353337828725,-0.4140786749482402,-2.2692109334708612,-1.2315270935960592,-0.5534591194968553,-0.005439956480348157,-0.7337943972653918
2024-10-21T13:02:38.732252265Z,AAPL,-1.6982214572576018,-0.0495049504950495,-2.0110608345902463,-1.76399321541071,-2.9404309252217997,-0.6975676916016521,-1.138114997036159,-2.3696682464454977,-0.010468463752944255,-0.5013686788647169,-1.2195539181837871
2024-10-21T13:02:38.732265738Z,AAPL,0.0,-0.8135041692088673,-0.0627779230970442,-1.9097636667462403,-4.186313973548016,-1.1021377672209025,-1.6326530612244898,-0.5727923627684964,-2.0693222969477496,-0.006208288064566196,-1.1975029799984982
2024-10-21T13:02:38.732267454Z,AAPL,-0.0632577754348972,0.0,0.0,0.0,0.0,0.0,0.0,0.0,0.0,0.0,-0.0026534653385118386
2024-10-21T13:02:38.732278341Z,AAPL,0.0,-0.2781754960114543,0.0,0.0,0.0,0.0,0.0,0.0,0.0,0.0,-0.02475148899122888
2024-10-21T13:02:38.732312347Z,AAPL,0.0,0.8347245409015025,0.0,0.0,0.0,0.0,0.0,0.0,0.0,0.0,0.07427208931437075
2024-10-21T13:02:38.732326763Z,AAPL,0.0,0.0,0.0,0.922722029988466,0.0,0.0,0.0,0.0,0.0,0.0,0.09612892166503419
2024-10-21T13:02:38.732374886Z,AAPL,0.0,0.0,0.0,1.6628597533120146,1.8724778046811945,0.8862973760932945,0.70874861572536,2.364066193853428,0.010277492291880781,0.8615994057935132,0.897636498030608
2024-10-21T13:02:38.732553558Z,AAPL,0.0,-0.8693762225603129,0.0,0.0,0.0,0.0,0.0,0.0,0.0,0.0,-0.0773553253628482
2024-10-21T13:02:38.732591521Z,AAPL,-0.9910802775024776,0.0,0.0,0.0,0.0,0.0,0.0,0.0,0.0,0.0,-0.04157271016812816
2024-10-21T13:02:38.732609438Z,AAPL,-0.7672514619883041,0.0,0.0,0.0,0.0,0.0,0.0,0.0,0.0,0.0,-0.03218379315921018
2024-10-21T13:02:38.732621749Z,AAPL,0.0,0.0,0.0,0.0,0.0,0.0,0.5784615384615385,0.0,0.0,0.0,0.057410480752195195
2024-10-21T13:02:38.732712645Z,AAPL,0.0,0.0,0.0,0.0,0.0,0.016563146997929608,2.2541561003099466,0.01045751633986928,1.084788029925187,2.516097077761268,0.7239396052671857
2024-10-21T13:02:38.732737568Z,AAPL,0.0,0.8857395925597874,0.0,0.0,0.0,0.0,0.0,0.0,0.0,0.0,0.07881130469319411
2024-10-21T13:02:38.732854326Z,AAPL,0.7717538105344396,0.0,0.0,0.0,0.0,0.0,0.0,0.0,0.0,0.0,0.032372652563875226
2024-10-21T13:02:38.733588429Z,AAPL,-0.7572889057175312,-2.117541498429789,-0.7572383073496659,-0.049099836333878884,-2.3605706874189365,-2.1855864342910976,-0.01005530417295123,-2.0581425263699513,-0.013807386952019331,-1.9058050383351588,-1.3125162687887189
2024-10-21T13:02:38.733599937Z,AAPL,0.0,1.361232467233847,0.0,0.0,0.0,0.0,0.0,0.0,0.0,0.0,0.12111969210204822
2024-10-21T13:02:38.733612793Z,AAPL,0.0,0.0,0.0,0.0,0.0,0.0,0.0,0.0,0.0,0.0,0.0
2024-10-21T13:02:38.733612793Z,AAPL,0.6224580017683466,0.33655035882207374,0.21145374449339208,1.4398734177215189,1.5128790348875123,0.017028522775649212,2.020712301086133,0.009861932938856016,1.3004484304932735,3.12807881773399,1.1725096653262408
2024-10-21T13:02:38.733619694Z,AAPL,0.0,0.0,0.0,0.0,0.21390374331550802,0.0,0.0,0.0,0.0,0.0,0.018339740244553687
2024-10-21T13:02:38.733622488Z,AAPL,-0.6745362563237775,-0.9391675560298826,-1.8732782369146006,-0.04700352526439483,-2.3499031633311813,-1.6743407283382168,-0.01045751633986928,-1.8845700824499412,-0.015717092337917484,-2.2745098039215685,-1.274946328244812
2024-10-21T13:02:38.733624693Z,AAPL,0.0,0.0,0.0,0.0,0.0,0.0,0.0,0.009886307464162135,1.322690992018244,3.2356687898089174,0.6333985354713418
2024-10-21T13:02:38.733633515Z,AAPL,0.0,0.06295907660020987,0.0,0.0,0.0,0.0,0.0,0.0,0.0,0.0,0.0056019703881605145
2024-10-21T13:02:38.733657813Z,AAPL,0.0,0.0,0.0,0.0,1.064243997404283,0.0,0.0,0.0,0.0,0.0,0.0912464558436036
2024-10-21T13:02:38.735695353Z,AAPL,0.0,0.0,0.0,0.0,0.0,0.0,0.0,0.0,2.1783876500857633,2.082248828735034,0.5264378603959369
2024-10-21T13:02:38.773470233Z,AAPL,0.0,0.0,0.0,0.0,0.0,0.0,0.0,0.0,0.0,0.0,0.0
2024-10-21T13:02:38.773470233Z,AAPL,-0.7139032661074425,-0.15987210231814547,-5.491183879093199,-0.1009845998485231,-0.6269592476489028,-1.8348623853211008,-1.1788977306218684,-0.5841741901221454,-0.01876172607879925,-0.9225092250922509,-1.1958413773600516
2024-10-21T13:02:38.773551432Z,AAPL,0.0,0.0,0.0,0.0,-1.2095933263816476,-1.6083634901487738,-1.1644832605531295,-0.011357183418512209,-0.019249278152069296,-2.250775365529464,-0.8075657215110094
2024-10-21T13:02:38.773770468Z,AAPL,0.0,-1.0872519706441968,0.0,0.0,0.0,0.0,0.0,0.0,0.0,0.0,-0.09674146561415184
2024-10-21T13:02:38.774077016Z,AAPL,0.0,1.129305477131564,0.0,0.0,0.0,0.0,0.0,0.0,0.0,0.0,0.10048330095834687
2024-10-21T13:02:38.777643183Z,AAPL,0.0,0.0,0.0,0.0,1.3755158184319118,1.4524328249818448,0.011554015020219527,0.014336917562724014,2.4877571008814887,1.6019223067681219,0.804732189918001
2024-10-21T13:02:38.791493467Z,AAPL,0.0,0.0,0.0,0.0,0.0,0.01457725947521866,0.011587485515643106,1.9011976047904193,1.9166267369429804,5.5963623644631,1.248694307631164
2024-10-21T13:02:38.792274452Z,AAPL,0.0,0.0,0.0,0.0,0.014049877063575694,0.01423994304022784,1.5078658355595134,1.4673514306676447,6.820119352088661,0.014378145219266714,0.9117603642966722
2024-10-21T13:02:38.833763026Z,AAPL,0.0,0.0,0.14814814814814814,0.019694731659281144,0.014456089627755693,1.6933333333333334,1.22737035900583,5.194805194805195,0.01813236627379873,1.4265335235378032,1.1126350090365302
2024-10-21T13:02:38.834574584Z,AAPL,0.0,0.0,0.0,0.0,-2.7720027720027716,-0.013050570962479609,-1.5994962216624684,-1.2763241863433312,-6.490872210953347,-0.014668133480014669,-1.1089715736917565
2024-10-21T13:02:38.850282237Z,AAPL,0.0,0.0,0.0,0.0,-2.7220142905750255,0.0,0.0,0.0,0.0,0.0,-0.2333808387704348
2024-10-21T13:02:38.882132027Z,AAPL,0.0,0.0,0.0,0.0,0.0,2.618657937806874,1.2873025160912814,1.3845621322256838,0.6855718292302898,0.015360983102918589,0.6983852253103439
2024-10-21T13:02:38.892136187Z,AAPL,0.0,0.0,0.0,0.0,2.5,0.6122448979591837,0.0,0.0,0.0,0.0,0.3012599967684858
2024-10-21T13:02:38.993894779Z,AAPL,-0.9539709038874314,0.0,0.0,0.0,0.0,0.0,0.0,0.0,0.0,0.0,-0.040016088299204694
2024-10-21T13:02:38.993898183Z,AAPL,0.0,-1.550387596899225,-1.5073529411764706,-0.27149321266968324,-0.011220196353436185,-2.548582351067219,-0.012224938875305624,-1.6854678168546784,-1.0167768174885614,-6.0037523452157595,-1.8769672342906834
2024-10-21T13:02:39.030301612Z,AAPL,0.0,0.0,0.0,0.0,0.0,-2.4698981167026863,0.0,0.0,0.0,0.0,-0.3506267243266822
2024-10-21T13:02:39.065030299Z,AAPL,0.0,0.0,0.0,0.0,0.0,-2.2605255721955357,0.0,0.0,0.0,0.0,-0.32090419895284644
2024-10-21T13:02:39.119325935Z,AAPL,0.0,0.0,0.0,0.0,2.2271714922048997,0.0,0.0,0.0,0.0,0.0,0.19095386557525276
2024-10-21T13:02:39.119338697Z,AAPL,0.0,0.0,0.0,0.0,0.0,2.030972328002031,0.0,0.0,0.0,0.0,0.28831682155220195
2024-10-21T13:02:39.119349845Z,AAPL,0.0,0.0,0.0,0.0,-3.8341720584711236,-0.010416666666666666,0.0,0.0,0.0,0.0,-0.3302140891027518
2024-10-21T13:02:39.238884226Z,AAPL,0.0,0.0,0.0,23.391812865497073,0.009380863039399626,0.010692328254477412,1.4949970570924072,1.1286681715575622,3.7054191755442334,0.010005002501250625,3.032558497131646
2024-10-21T13:02:39.309689370Z,AAPL,0.0,0.0,0.0,0.0,1.7699115044247788,0.0,0.0,0.0,0.0,0.0,0.15174917812971414
2024-10-21T13:02:39.364436653Z,AAPL,0.0,0.0,0.0,0.0,-1.743299193724123,0.0,0.0,0.0,0.0,0.0,-0.14946748423323336
2024-10-21T13:02:39.364449708Z,AAPL,0.0,0.0,4.620271440947156,2.21882951653944,0.08952551477170993,0.0,0.0,0.0,0.0,0.0,0.6637432883720883
2024-10-21T13:02:41.411027687Z,AAPL,0.0,0.0,3.883495145631068,0.01942690626517727,0.009201748332183115,1.5820616630333229,1.105583195135434,3.6199095022624435,0.007136485280999108,1.1682242990654206,1.2325610198340093
2024-10-21T13:02:41.411037542Z,AAPL,0.0,0.0,0.0,0.0,0.0,0.0,0.0,0.0,0.0,0.0,0.0
2024-10-21T13:02:41.411037542Z,AAPL,0.7547169811320755,0.0,0.0,0.0,0.0,0.0,0.0,0.0,0.0,0.0,0.03165801098840854
2024-10-21T13:02:41.411037542Z,AAPL,0.7547169811320755,6.420545746388443,0.007027406886858749,0.01708671507902606,1.2182254196642686,1.2239902080783354,3.884437970381161,0.0078003120124804995,0.7630675314765356,5.7537399309551205,2.2514621112196664
2024-10-21T13:02:41.411049221Z,AAPL,-0.21423106350420812,-1.593625498007968,-2.5090167790497095,-0.01639344262295082,-0.009673518742442563,-1.5860131127068373,-0.9687575684185034,-3.0929827952832016,-0.007552870090634441,-1.1672016340822877,-1.1922408278702905
2024-10-21T13:02:41.411096752Z,AAPL,0.0,0.0,0.0060033018159988,0.015754233950374164,1.2614849764092377,1.2357120790855731,3.626473254759746,0.007814026176987694,0.7920792079207921,5.158627805003869,1.5362422348252762
2024-10-21T13:02:41.411130976Z,AAPL,0.0,0.0,0.0,0.0,0.0,0.0,0.0,0.0,0.0,0.0,0.0
2024-10-21T13:02:41.411130976Z,AAPL,0.015968063872255488,0.0,0.0,0.0,0.0,0.0,0.0,0.0,0.0,0.0,0.0006698102125292026
2024-10-21T13:02:41.411157988Z,AAPL,0.7984031936127745,0.01610954490535642,0.005318441696582901,1.7150573936529372,1.1360408974723089,4.427227448810183,0.008261049153242462,0.8054772452678212,4.344048653344918,0.8519269776876268,1.5453181784437242
2024-10-21T13:02:41.457798577Z,AAPL,0.0,-3.075740099961553,-0.0051236070193416165,-0.01306762495916367,-1.5592387968078576,-1.0772959870724481,-3.1280547409579667,-0.008218615163344977,-0.929368029739777,-3.6839196905507463,-1.5415350986474767
2024-10-21T13:02:41.470363167Z,AAPL,1.629327902240326,0.01598721023181455,0.0049893975302482225,1.5483084425480036,1.2630249447426587,4.088934321492461,0.007820136852394917,0.8264462809917356,4.251700680272109,0.8180755746007012,1.5139377176238575
2024-10-21T13:02:41.470410254Z,AAPL,0.008490766291657821,0.016645859342488554,0.6081647312342872,1.1514104778353484,4.739336492890995,0.010770059235325796,0.7671653241273495,3.8365624400537124,0.8919091102144829,0.525328330206379,1.1987192464248841
2024-10-21T13:02:41.470423231Z,AAPL,-3.257992262268377,-0.017361111111111112,-0.004671260072404531,-1.3752030319436925,-1.21765601217656,-4.308023694130318,-0.007671653241273495,-0.7713073659853451,-3.914660403210022,-0.9329187027987561,-1.5740339834644557
2024-10-21T13:02:41.730788179Z,AAPL,0.0,-1.735357917570499,0.0,0.0,0.0,0.0,0.0,0.0,0.0,0.0,-0.15440861257894345
2024-10-21T13:02:41.730793259Z,AAPL,-0.7392348918868971,0.0,0.0,0.0,0.0,0.0,0.0,0.0,0.0,0.0,-0.031008585887740765
2024-10-21T13:02:41.854813935Z,AAPL,3.0126153266804745,0.0,0.0,0.0,0.0,0.0,0.0,0.0,0.0,0.0,0.12636976707856545
2024-10-21T13:02:41.854827150Z,AAPL,0.0,0.0,-1.6323199347072026,-0.00986679822397632,-1.992938407218517,-0.9066183136899365,-2.9159832330964095,-0.007990411506192568,-0.6656681644200366,-4.859086491739553,-1.5717899784675362
2024-10-21T13:02:41.914311910Z,AAPL,0.0,1.810774105930285,0.0,0.0,0.0,0.0,0.0,0.0,0.0,0.0,0.16111899139631716
2024-10-21T13:02:41.914315184Z,AAPL,0.008143322475570033,6.377042646472698,0.003766123717164109,1.4189944134078212,1.8231540565177757,3.258655804480652,0.007099751508697196,0.8151620134501733,3.4429333792391117,0.8900190718372537,1.8659589120724438
2024-10-21T13:02:41.925260783Z,AAPL,0.0,0.016597510373443983,0.4762797674854679,1.2195121951219512,6.170458927882761,0.008146639511201629,0.713393971820938,3.768607499528924,0.7616974972796519,0.527086383601757,1.2922643725736531
2024-10-21T13:02:41.925274240Z,AAPL,0.0,-5.904059040590406,-0.0038959774033310605,-1.4914856136230181,-1.485884101040119,-3.0870152421377584,-0.007262164124909223,-0.798881565807869,-3.326126725428239,-0.8775595486836606,-1.763755577420822
2024-10-21T13:02:42.184807957Z,AAPL,0.0,-1.2861736334405145,0.0,0.0,0.0,0.0,0.0,0.0,0.0,0.0,-0.1144411099660658
2024-10-21T13:02:42.184809660Z,AAPL,0.0,0.0,-0.41801651165221027,0.0,0.0,0.0,0.0,0.0,0.0,0.0,-0.03844354225598608
2024-10-21T13:02:42.838988143Z,AAPL,0.0,1.1396011396011396,0.0,0.0,0.0,0.0,0.0,0.0,0.0,0.0,0.101399388032611
2024-10-21T13:02:42.838994562Z,AAPL,0.0,-1.1396011396011396,-1.6547729858310063,-1.0401647785787849,-1.6995650719304116,-0.6664445184938353,-3.070427940894262,-0.009739469198928659,-0.5326231691078562,-4.16579879191835,-1.616864242057085
2024-10-21T13:02:42.893706138Z,AAPL,0.0,-4.199475065616798,-0.4095004095004095,0.0,0.0,0.0,0.0,0.0,0.0,0.0,-0.41132108260479916
2024-10-21T13:02:42.953240291Z,AAPL,0.0,0.0,0.0,1.0040160642570282,0.0,0.0,0.0,0.0,0.0,0.0,0.10459811129967952
2024-10-21T13:02:43.153825930Z,AAPL,0.0,-0.8869179600886918,0.0,0.0,0.0,0.0,0.0,0.0,0.0,0.0,-0.07891615343557974
2024-10-21T13:02:43.993948059Z,AAPL,0.0,0.8148299042574862,0.0,0.0,0.0,0.0,0.0,0.0,0.0,0.0,0.07250190507118856
2024-10-21T13:02:43.993951138Z,AAPL,0.0,-0.8317737575379497,-1.5290519877675839,-1.0108668182966893,-0.01384083044982699,-0.8867167044859487,-0.7532956685499058,-3.6305877013841616,-0.005705320211096847,-0.8340283569641367,-1.0079359089472506
2024-10-21T13:02:44.048983873Z,AAPL,0.0,-3.0143180105501135,0.37868029915743634,0.010441138084051161,1.741515255399383,0.7367839381101492,2.8025923979681204,0.009285051067780872,0.605052185751021,3.852822192255827,0.9664381630749217
2024-10-21T13:02:44.108506435Z,AAPL,0.0,0.0,0.0038325189230621823,1.3167444271643338,1.5284677111196026,2.7453671928620453,0.0071301247771836,1.0235414534288638,2.8546959748786755,0.8025988916491497,1.1428929065713551
2024-10-21T13:02:44.308787770Z,AAPL,0.0,0.0,-0.37965072133637057,-0.010718113612004287,-1.9213313161875947,-0.7235890014471781,-2.6626726576801465,-0.010501443948542926,-0.6055101422948834,-3.553660270078181,-1.1871138152232334
2024-10-21T13:02:45.295289876Z,AAPL,0.0,0.6056018168054504,0.0,0.0,0.0,0.0,0.0,0.0,0.0,0.0,0.05388521604761009
2024-10-21T13:02:45.295296308Z,AAPL,-1.6549441456350849,0.0,0.0,0.0,0.0,0.0,0.0,0.0,0.0,0.0,-0.06941971793072622
2024-10-21T13:02:45.785897261Z,AAPL,0.017248814144027597,0.5488474204171241,0.05742725880551302,4.3895747599451305,1.5439093484419264,0.08708904855214457,0.2520655370396303,1.249290176036343,0.733810310034856,0.3203727974370176,0.9203493606039316
2024-10-21T13:02:54.065366756Z,AAPL,-6.104540251812285,0.5425935973955507,0.0041390728476821195,1.2506154603643527,1.3812154696132595,3.2935364347468092,0.005990714392691328,1.1016248967226658,3.3921302578018993,0.6435795280416794,1.024060371842306
2024-10-21T13:02:54.125064769Z,AAPL,0.0,0.005364087434625184,0.5640683988452143,0.8984725965858041,4.8959608323133414,0.00846740050804403,0.6337135614702154,4.830917874396135,0.7063572149344096,0.41022301806934724,1.2286150549136106
2024-10-21T13:02:54.324971177Z,AAPL,-1.3684570646595962,-2.6220070652884995,-0.004639832966013223,-1.0710520767446763,-1.188001188001188,-3.412241416080188,-0.006403073475268128,-0.963855421686747,-3.3383408446002334,-0.6777472970792319,-1.4913897411599484
2024-10-21T13:02:54.324983380Z,AAPL,0.0,0.4921259842519685,0.0,0.0,0.0,0.0,0.0,0.0,0.0,0.0,0.043788367617429214
2024-10-21T13:02:54.584880408Z,AAPL,0.0,0.0,-0.5112474437627812,-0.007654037504783773,-1.543134872417983,-0.8478168715557439,-2.493376967430263,-0.010896213565785889,-0.6583278472679394,-2.966478789676654,-1.078929809358057
2024-10-21T13:02:57.486428159Z,AAPL,-0.02831858407079646,-0.506393214330928,-2.0461793596121955,-0.7285974499089253,-0.012150668286755772,-1.1519274376417235,-0.6200589055960316,-4.019090680733484,-0.00711490572749911,-0.5890148726255338,-1.021664073578381
2024-10-21T13:03:00.362452201Z,AAPL,0.0,0.0,0.0,-0.7980962840929893,-0.12527403695584088,-0.43509789702683105,-0.6717557251908397,-0.9343611305769679,-0.42943587741557687,-0.0058944886531093425,-0.3528358798048493
2024-10-21T13:03:00.362466018Z,AAPL,0.0,0.0,0.0,1.4194464158977997,0.0,0.0,0.0,0.0,0.0,0.0,0.1478775285372332
2024-10-21T13:03:00.793886150Z,AAPL,0.0,0.0,0.0,1.3256006628003314,0.0,0.0,0.0,0.0,0.0,0.0,0.1381007043638519
2024-10-21T13:03:04.859893835Z,AAPL,0.0,0.0,0.0,-1.2832852101379533,0.0,0.0,0.0,0.0,0.0,0.0,-0.13369229240228528
2024-10-21T13:03:04.859912246Z,AAPL,0.0,0.0,0.0,1.2453300124533002,1.5488454706927175,0.10230179028132992,0.3166783954961295,0.7601935038009676,0.9149130832570906,0.3904170363797693,0.5267532534494688
2024-10-21T13:03:05.981522150Z,AAPL,0.0,-2.2506681671121114,2.4121815166591287,0.0,0.0,0.0,0.0,0.0,0.0,0.0,0.02158017684403829
2024-10-21T13:03:06.041021112Z,AAPL,0.0,0.0,0.0,0.005965697240865026,1.7596120540353308,1.0343935867597622,3.0452988199467073,0.00644433703882713,0.9168003667201466,3.7432154220475393,1.2776314689417263
2024-10-21T13:03:06.241417113Z,AAPL,0.0,-0.5420788724759452,-3.4106412005457027,-0.005972823652381663,-0.013395847287340923,-1.325678496868476,-0.7708614376565812,-2.573588547530963,-0.009074410163339383,-0.7411524921252547,-0.997235907130205
2024-10-21T13:03:06.241421839Z,AAPL,0.0,0.0,0.6921612735767434,0.0,0.0,0.0,0.0,0.0,0.0,0.0,0.06365569403833377
2024-10-21T13:03:06.501857672Z,AAPL,0.0,0.0,0.0,-0.5836859769444039,0.0,0.0,0.0,0.0,0.0,0.0,-0.06080824097737096
2024-10-21T13:03:07.939878188Z,AAPL,0.0,0.0,0.0,0.0,1.6612164813603663,1.1490950876185004,3.3382015439182138,0.005758710048949035,1.0139416983523448,3.880481179666279,1.3443819051051393
2024-10-21T13:03:07.940732514Z,AAPL,-0.024271844660194174,-0.013069759843162882,-0.751455945895172,-2.123705866737457,-1.2903225806451613,-1.462712352433055,-0.9033423667570009,-2.175390890550646,-0.010280133641737342,-0.8319467554076538,-1.0450988316317085
2024-10-21T13:03:07.941102172Z,AAPL,-0.11011699931176874,0.0,0.0,0.0,0.0,0.0,0.0,0.0,0.0,0.0,-0.0046190628558448795
2024-10-21T13:03:08.001204760Z,AAPL,0.0,0.0,3.054600992745323,0.5098435133770823,1.585518102372035,1.1544011544011543,3.9379768643859214,0.005151983513652756,1.0424811050299714,4.482294935006723,1.830205014755109
2024-10-21T13:03:08.001215687Z,AAPL,0.0,0.0,0.0,0.526454330086865,0.0,0.0,0.0,0.0,0.0,0.0,0.05484586409817363
2024-10-21T13:03:08.076045762Z,AAPL,0.0,0.0,0.007258210851025222,0.6841750841750842,1.3647219379051516,4.489337822671156,0.009168003667201467,0.5505849965588437,5.219206680584551,0.8573178199632578,1.486502755811476
2024-10-21T13:03:08.076059309Z,AAPL,0.0,0.0,-1.4008054631413063,0.0,0.0,0.0,0.0,0.0,0.0,0.0,-0.12882726522413968
2024-10-21T13:03:08.078451618Z,AAPL,0.0,0.0,1.4008054631413063,0.0,0.0,0.0,0.0,0.0,0.0,0.0,0.12882726522413968
2024-10-21T13:03:08.078463238Z,AAPL,0.0,0.0,0.0,-1.1389521640091116,-1.7331968611395427,-1.122334455667789,-3.6672014668805866,-0.0055058499655884375,-1.0438413361169103,-4.082465809348847,-1.5327770957408147
2024-10-21T13:03:08.201611100Z,AAPL,0.0,0.0,-0.7531538316701186,-0.005947955390334572,-2.5559105431309903,-1.4253647586980922,-0.9168003667201466,-2.202339986235375,-0.010438413361169102,-0.8164931618697694,-0.9271745242409073
2024-10-21T13:03:08.201621143Z,AAPL,0.0,0.0,0.0,-0.5868544600938967,-0.012387736141220193,-2.2209883398112162,-1.1745664739884394,-0.5734767025089605,-3.7418147801683816,-0.008240626287597858,-0.8879399172095155
2024-10-21T13:03:08.261719560Z,AAPL,0.0,0.0,0.0,0.006053268765133173,2.2682166146867027,1.4241659657975891,0.9389671361502347,2.290622763063708,0.009257116408238833,0.8149959250203749,0.8435315053827211
2024-10-21T13:03:08.462566235Z,AAPL,0.0,-1.0741138560687433,0.009282896263634254,1.2501953430223474,1.3539445628997868,1.1412268188302426,3.5595105672969964,0.006064281382656155,0.8958566629339306,3.7299515106303613,1.3399284695260831
2024-10-21T13:03:08.506351384Z,AAPL,0.0,1.1031439602868174,0.0,0.0,0.0,0.0,0.0,0.0,0.0,0.0,0.09815550248054733
2024-10-21T13:03:08.722906904Z,AAPL,0.0,0.0,0.0,-0.6259780907668232,-1.9157088122605364,-1.4754574498983444,-0.8456659619450317,-2.577734815530852,-0.008678672163159037,-0.6877579092159559,-0.8836135394460576
2024-10-21T13:03:08.766043114Z,AAPL,0.0,0.0,0.0,-0.6259780907668232,-0.935672514619883,-2.2753128555176336,-1.067899936935043,-0.6771626883358727,-3.1948881789137378,-0.006996676578625152,-0.9289725181335626
2024-10-21T13:03:10.001483055Z,AAPL,0.0,0.0,-0.15900056785917094,-0.006259780907668232,-0.9416195856873822,-1.1376564277588168,-1.7555409260478385,-0.8420354715730152,-0.7987220447284344,-2.8484956382410536,-1.0375339068170453
2024-10-21T13:03:10.005577236Z,AAPL,0.0,0.0,0.013231888852133642,0.6164278008938203,0.9201748332183115,2.2290331568682085,1.1082024432809774,0.6977149834292692,2.9591270575180317,0.007249003262051469,0.906117634779125
2024-10-21T13:03:10.060817080Z,AAPL,0.0,0.0,0.0,0.6071645415907712,1.759788825340959,1.4154360546113125,0.8726003490401396,2.7908599337170767,0.00739781764379508,0.7249003262051469,0.8889565338588199
2024-10-21T13:03:10.060828163Z,AAPL,0.0,0.0,0.0,1.196351129056378,1.0873287671232876,1.1229646266142617,3.276003276003276,0.0074990626171728535,0.726480203414457,3.3795201081446438,1.3047426919842136
2024-10-21T13:03:10.320895435Z,AAPL,0.0,0.0,0.0,-0.5982650314089142,-1.6859852476290833,-1.4154360546113125,-0.8726003490401396,-2.7908599337170767,-0.00739781764379508,-0.7249003262051469,-0.8817015931627741
2024-10-21T13:03:10.320899236Z,AAPL,0.0,0.0,0.0,0.0,-0.8431703204047218,-2.184598580010923,-1.101713294296248,-0.7362414872078042,-2.7557698932139165,-0.0073814356892415575,-0.8125956582986311
2024-10-21T13:03:10.584070039Z,AAPL,0.0,0.0,0.0,0.6572461386789352,1.651868676440223,1.387220098306936,0.8674907829104316,2.944965948831217,0.006889424733034792,0.7381435689241558,0.8974611854077369
2024-10-21T13:03:10.584073624Z,AAPL,0.0,0.0,0.0,1.2934518997574778,1.0489366095395416,1.0922992900054616,3.4699631316417263,0.007362414872078042,0.6889424733034791,3.690717844620779,1.3724489304396434
2024-10-21T13:03:10.784152799Z,AAPL,0.0,0.0,-4.3057050592034445,-0.0064672594987873885,-1.6273393002441008,-1.377066955814584,-0.9278589654372534,-2.743484224965706,-0.0070089363939022245,-0.7969715082685794,-1.2178282145442856
2024-10-21T13:03:10.784155033Z,AAPL,0.0,0.0,0.0,-0.649456080532554,0.0,0.0,0.0,0.0,0.0,0.0,-0.06766015187821452
2024-10-21T13:03:10.896699549Z,AAPL,0.0,0.0,0.0,0.0,0.0,0.0,0.0,0.0,0.0,0.0,0.0
2024-10-21T13:03:10.896699549Z,AAPL,0.3361344537815126,0.0,0.0,0.0,0.0,0.0,0.0,0.0,0.0,0.0,0.014099786406602123
2024-10-21T13:03:12.236621705Z,AAPL,0.0,0.0,3.587921847246892,1.3099721630915342,0.9739263803680981,1.3937282229965158,3.4722222222222223,0.0059417706476530005,0.9501187648456056,3.9968025579536373,1.8126557035412634
2024-10-21T13:03:12.236624590Z,AAPL,0.0,0.0,3.8948393378773125,0.0,0.0,0.0,0.0,0.0,0.0,0.0,0.3581949910881507
2024-10-21T13:03:12.436828266Z,AAPL,0.0,0.0,-3.8948393378773125,-0.00644433703882713,-1.497566454511419,-1.8339350180505416,-0.8195041999590248,-2.4121815166591287,-0.010230179028132993,-0.7268762493185535,-1.179943117288617
2024-10-21T13:03:12.436831902Z,AAPL,-18.6046511627907,0.0,0.0,0.0,0.0,0.0,0.0,0.0,0.0,0.0,-0.7804067825049549
2024-10-21T13:03:12.741835279Z,AAPL,0.0,0.0,0.0,0.0,0.0,0.0,0.0,0.0,0.0,0.0,0.0
2024-10-21T13:03:12.741835279Z,AAPL,0.39119804400978,0.0,0.0,0.0,0.0,0.0,0.0,0.0,0.0,0.0,0.016409531368074846
2024-10-21T13:03:12.741835279Z,AAPL,0.19704433497536944,1.8709073900841908,0.0326530612244898,1.3538669825689627,0.938134810710988,1.4301036825169826,3.4926871862038853,0.005688282138794084,1.0495932826029912,3.9192631785224377,1.6657489002134052
2024-10-21T13:03:12.741835279Z,AAPL,7.984031936127744,0.018717828731867104,5.617977528089887,0.8557951482479784,0.7386888273314867,5.3386720053386725,0.008978675645342313,0.5688282138794084,5.113781641523906,0.806606491261763,2.408069922814048
2024-10-21T13:03:12.741835279Z,AAPL,0.7521367521367521,0.0,0.0,0.0,0.0,0.0,0.0,0.0,0.0,0.0,0.031549778472208856
2024-10-21T13:03:12.741861917Z,AAPL,5.208333333333334,0.019646365422396856,2.1119324181626187,0.1016260162601626,1.452960406828914,1.2124582869855394,0.09768009768009768,0.25936599423631124,0.9952499434517077,0.7903576368306658,0.9716415589252078
2024-10-21T13:03:12.741864310Z,AAPL,5.015416238437822,1.9656019656019657,0.01924001924001924,0.6859886811867604,0.11295180722891565,1.970928800197093,1.0738916256157636,0.06116207951070336,0.3699897225077081,0.8592071860964655,1.0301485897606317
2024-10-21T13:03:12.741876084Z,AAPL,0.0,1.8744142455482662,0.0,0.0,0.0,0.0,0.0,0.0,0.0,0.0,0.16678156138447264
2024-10-21T13:03:12.741878320Z,AAPL,0.0,0.3902439024390244,0.0,0.0,0.0,0.0,0.0,0.0,0.0,0.0,0.03472310751165509
2024-10-21T13:03:12.741890372Z,AAPL,2.3696682464454977,0.0,0.0,0.0,0.0,0.0,0.0,0.0,0.0,0.0,0.09940015298493204
2024-10-21T13:03:12.741904697Z,AAPL,-2.113048071843634,0.0,0.0,0.0,0.0,0.0,0.0,0.0,0.0,0.0,-0.08863574127763617
2024-10-21T13:03:12.741928024Z,AAPL,0.0,-1.5885623510722795,0.0,0.0,0.0,0.0,0.0,0.0,0.0,0.0,-0.14134704209470397
2024-10-21T13:03:12.741933888Z,AAPL,0.0,0.0,0.0,0.0,0.0,0.0,0.0,0.0,0.0,0.0,0.0
2024-10-21T13:03:12.741981193Z,AAPL,-1.6611295681063123,0.0,0.0,0.0,0.0,0.0,0.0,0.0,0.0,0.0,-0.06967917700937096
2024-10-21T13:03:12.742259611Z,AAPL,0.0,-1.6122531237404272,0.0,0.0,0.0,0.0,0.0,0.0,0.0,0.0,-0.14345499878857904
2024-10-21T13:03:12.742343106Z,AAPL,1.4711290915777862,0.0,0.0,0.0,0.0,0.0,0.0,0.0,0.0,0.0,0.061709252754161566
2024-10-21T13:03:12.742497801Z,AAPL,0.0,0.0,0.0,0.0,0.0,0.0,0.0,0.0,0.0,0.0,0.0
2024-10-21T13:03:12.742497801Z,AAPL,0.012779552715654952,0.0,0.0,0.0,0.0,0.0,0.0,0.0,0.0,0.0,0.0005360621668963747
2024-10-21T13:03:12.742589599Z,AAPL,-1.2364760432766615,0.0,0.0,0.0,0.0,0.0,0.0,0.0,0.0,0.0,-0.051866293118567317
2024-10-21T13:03:12.841946356Z,AAPL,-0.2716049382716049,-0.01937046004842615,-1.0285420416559528,-0.12790449797484543,-2.376002376002376,-0.4350429056076631,-0.1755155770074594,-0.5502904310608376,-0.44413041283940646,-0.9111617312072893,-0.642021317407379
2024-10-21T13:03:12.841977245Z,AAPL,-0.01240694789081886,-1.937984496124031,-0.15041363750313363,-1.6607847207805688,-1.334557698194062,-0.03885381253035454,-0.8256880733944955,-1.480982834062605,-0.38439361906592356,-0.5005688282138794,-0.8198410511873709
2024-10-21T13:03:13.806051892Z,AAPL,0.0128,3.5366931918656057,1.2649402390438247,0.8136696501220504,4.61494087107009,0.003933523453633592,1.834862385321101,6.51253663301856,0.39961941008563273,0.578246902248738,1.8561613614390848
2024-10-21T13:03:14.007072365Z,AAPL,-1.2410797393732547,-0.01849283402681461,-1.8979833926453145,-1.0489366095395416,-1.1627906976744187,-1.528321711720317,-0.022459292532285232,-1.2618296529968454,-1.833180568285976,-1.0598031794095382,-1.1123575167877218
2024-10-21T13:03:14.007436799Z,AAPL,-1.039588999697794,0.0,0.0,0.0,0.0,0.0,0.0,0.0,0.0,0.0,-0.04360749896801637
2024-10-21T13:03:14.772488041Z,AAPL,1.2099213551119177,0.0,0.0,0.0,0.0,0.0,0.0,0.0,0.0,0.0,0.0507524072106973
2024-10-21T13:03:14.772520788Z,AAPL,-1.2430080795525171,-1.4657008947592671,-0.010175527855507504,-1.5683199372672025,-1.504739336492891,-0.3972194637537239,-7.223476297968397,-0.012755102040816325,-0.38095238095238093,-4.637143519591931,-2.0204794115805793
2024-10-21T13:03:14.772879460Z,AAPL,-1.0770194113963683,0.0,0.0,0.0,0.0,0.0,0.0,0.0,0.0,0.0,-0.045177587377948074
2024-10-21T13:03:20.213773571Z,AAPL,0.0,0.0,0.0,0.0,0.0,0.0,0.0,0.0,0.0,0.0,0.0
2024-10-21T13:03:20.213773571Z,AAPL,1.3131976362442546,0.0,0.0,0.0,0.0,0.0,0.0,0.0,0.0,0.0,0.055084523387578875
2024-10-21T13:03:20.213773571Z,AAPL,1.2189936215450037,0.017714791851195746,2.359882005899705,0.8881118881118881,1.0435690060005218,1.9024970273483948,0.012674271229404309,1.2349490583513432,2.100840336134454,0.7957559681697614,1.1585887423531778
2024-10-21T13:03:20.213797145Z,AAPL,1.4301036825169826,0.019636720667648502,1.1464603038119805,0.1064773735581189,1.991040318566451,0.5241014545017431,0.13084723585214264,0.5497861942577886,0.4590505998956703,0.7593014426727411,0.6516546646403609
2024-10-21T13:03:20.213802636Z,AAPL,0.08639308855291576,0.0,0.0,0.0,0.0,0.0,0.0,0.0,0.0,0.0,0.0036239191844182565
2024-10-21T13:03:20.213809939Z,AAPL,1.399090591115775,0.0,0.0,0.0,0.0,0.0,0.0,0.0,0.0,0.0,0.058687463532201924
2024-10-21T13:03:20.213821110Z,AAPL,0.0,2.2560631697687534,0.010848928668294006,0.7319304666056725,0.13673655423883319,0.9831633280078652,1.5250087443161946,0.11961722488038279,0.18528049408131755,0.8384146341463415,0.7419807478719495
2024-10-21T13:03:20.213842517Z,AAPL,-1.2816404998397948,0.0,1.405644714997233,0.7355645457888931,3.41296928327645,0.0051692943913155855,1.352265043948614,5.341880341880342,0.45064377682403434,0.4840568574721475,1.2169253386453134
2024-10-21T13:03:20.213865521Z,AAPL,-1.3324450366422385,0.0,0.0,0.0,0.0,0.0,0.0,0.0,0.0,0.0,-0.05589189148519829
2024-10-21T13:03:20.213922684Z,AAPL,0.0,-0.020964360587002094,-1.1213905242500701,-0.11322891111530478,-1.4617211766855474,-0.6365892831070229,-0.13084723585214264,-0.3930989298973575,-0.5119255381035486,-0.7824726134585289,-0.5539548967916571
2024-10-21T13:03:20.313883054Z,AAPL,-0.014492753623188406,-2.014098690835851,-0.1710376282782212,-1.4892032762472076,-0.7431395943412306,-0.06389776357827476,-0.5821474773609314,-0.8663122661941327,-0.48455481526347666,-0.4386839481555334,-0.6787770696564467
2024-10-21T13:03:20.322973910Z,AAPL,0.0,0.0,-2.271436683702442,-0.9283625730994152,-0.6710283509478275,-2.6359143327841843,-0.01321003963011889,-0.7723498744931454,-2.406738868832732,-0.8467741935483871,-1.164773512827161
2024-10-21T13:03:20.473833853Z,AAPL,-1.466275659824047,-1.5302491103202847,-0.012353304508956145,-1.3961605584642234,-0.8614549771070035,-0.7053429730206312,-4.62160600808781,-0.007774538386783284,-0.5063291139240507,-3.766478342749529,-1.6208653804298152
2024-10-21T13:03:20.474197048Z,AAPL,-1.2172682236376502,0.0,0.0,0.0,0.0,0.0,0.0,0.0,0.0,0.0,-0.051060585309683694
2024-10-21T13:03:20.486975799Z,AAPL,0.0,0.0,0.0,0.0,0.0,0.0,0.0,0.0,0.0,0.0,0.0
2024-10-21T13:03:20.486975799Z,AAPL,1.3346680013346681,0.0,0.0,0.0,0.0,0.0,0.0,0.0,0.0,0.0,0.05598513788407251
2024-10-21T13:03:20.486975799Z,AAPL,1.1874352778736625,0.017361111111111112,2.947678703021371,0.8500669344042838,0.7044734061289187,3.094777562862669,0.008771929824561403,0.8992805755395683,2.818886539816772,0.6424965580541533,1.3547627277298238
2024-10-21T13:03:20.486975799Z,AAPL,0.19424210891432533,0.0,0.0,0.0,0.0,0.0,0.0,0.0,0.0,0.0,0.008147847434408302
2024-10-21T13:03:20.487001821Z,AAPL,0.08391608391608392,0.018867924528301886,1.33422281521014,0.10493179433368312,1.3932427725531173,0.7829053690070031,0.09694619486185167,0.40160642570281124,0.586275816122585,0.6465168902537578,0.5734802859326309
2024-10-21T13:03:20.487002677Z,AAPL,1.403016485443704,0.0,0.0,0.0,0.0,0.0,0.0,0.0,0.0,0.0,0.058852142489851024
2024-10-21T13:03:20.487016407Z,AAPL,1.3596193065941538,0.0,0.0,0.0,0.0,0.0,0.0,0.0,0.0,0.0,0.057031766906378414
2024-10-21T13:03:20.487027392Z,AAPL,0.0,2.399520095980804,0.010663822980538522,0.7953867568104992,0.10436597669159854,1.1666909727285983,1.49161820047896,0.08793141349747198,0.20761245674740483,0.8548669127647173,0.7828400853727016
2024-10-21T13:03:20.487038621Z,AAPL,-1.240694789081886,0.0,0.0,0.0,0.0,0.0,0.0,0.0,0.0,0.0,-0.052043256277470626
2024-10-21T13:03:20.487048628Z,AAPL,-1.2836970474967906,0.0,0.0,0.0,0.0,0.0,0.0,0.0,0.0,0.0,-0.05384706618695932
2024-10-21T13:03:20.487075702Z,AAPL,0.0,-0.022650056625141565,-1.0995052226498077,-0.11966493817311528,-1.4625228519195612,-0.61081535444102,-0.12961762799740764,-0.4077933846850929,-0.5146198830409356,-0.7674597083653107,-0.5483409585151657
2024-10-21T13:03:20.487648190Z,AAPL,0.0,0.0,1.4249649368863955,0.8020854220974534,2.7729636048526864,0.005935598753524262,1.2558869701726845,4.154549231408392,0.5150214592274678,0.4874274661508704,1.1058445311429541
2024-10-21T13:03:20.587081704Z,AAPL,-0.015570260801868433,-2.2650056625141564,-0.17113519680547631,-1.5810276679841897,-0.7073329007138223,-0.06504065040650407,-0.5590062111801242,-0.8280015054572827,-0.5118362124120281,-0.4336684407648334,-0.7034494115003382
2024-10-21T13:03:20.596628869Z,AAPL,0.0,0.0,-2.226551628165878,-0.979371505687295,-0.6713662302786171,-2.516118886617393,-0.013084723585214264,-0.7977662544874352,-2.4198427102238353,-0.8300395256916996,-1.149967591623644
2024-10-21T13:03:20.996838322Z,AAPL,0.0,0.0,2.0618556701030926,-0.8347692896802604,-0.07075888908544137,-0.2726033621081327,-1.4869888475836432,-0.8503401360544218,-0.2537485582468281,-0.008011215701982776,-0.19654972856211564
2024-10-21T13:03:23.618858827Z,AAPL,0.0,0.0,0.0,0.0,0.0,0.0,0.0,0.0,0.0,0.0,0.0
2024-10-21T13:03:23.618858827Z,AAPL,0.3025210084033613,0.0,0.0,0.0,0.0,0.0,0.0,0.0,0.0,0.0,0.012689807765941911
2024-10-21T13:03:23.619129617Z,AAPL,0.0,0.0,1.1369740376007162,0.7748934521503292,3.2225579053373616,0.005707762557077626,1.2944983818770226,4.609356994699239,0.47085201793721976,0.5219552609776305,1.1646372080640144
2024-10-21T13:03:23.701512507Z,AAPL,0.0,2.665267576075551,0.8391021606880638,3.035477139062796,0.008438818565400843,0.5679397983813717,6.1443932411674345,0.9474396571170765,0.28513238289205706,0.5537609598523304,1.5274422311153388
2024-10-21T13:03:23.720191320Z,AAPL,0.0,-3.9603960396039604,-0.9974474769291184,-0.7874015748031497,-3.256003256003256,-0.005731480154749964,-1.3245033112582782,-4.063388866314506,-0.4773812230052285,-0.6557377049180327,-1.4800277174582546
2024-10-21T13:03:24.863758285Z,AAPL,0.0,0.0,-1.532860701283771,0.0,0.0,0.0,0.0,0.0,0.0,0.0,-0.14097193172927028
2024-10-21T13:03:24.863770627Z,AAPL,0.0,0.0,0.0,1.6704948841094176,0.8132811042715911,0.05868544600938967,0.7243460764587525,0.7445008460236887,0.45646468104530413,0.7547169811320755,0.5572642966822225
2024-10-21T13:03:25.546508920Z,AAPL,0.0,-3.022289384208538,0.0,0.0,0.0,0.0,0.0,0.0,0.0,0.0,-0.2689171529992177
2024-10-21T13:03:25.598507727Z,AAPL,0.0,2.810962754743499,0.0,0.0,0.0,0.0,0.0,0.0,0.0,0.0,0.2501137399820552
2024-10-21T13:03:25.598520614Z,AAPL,0.0,-2.544529262086514,0.0,0.0,0.0,0.0,0.0,0.0,0.0,0.0,-0.22640703053082992
2024-10-21T13:03:25.666338141Z,AAPL,0.0,-2.3242300987797795,0.0,0.0,0.0,0.0,0.0,0.0,0.0,0.0,-0.2068052597294972
2024-10-21T13:03:36.191870141Z,AAPL,0.0,-0.15756893640967926,-1.6673614005835764,-0.9702062643239113,-0.6361323155216285,-3.2500507820434694,-0.013395847287340923,-0.5191434133679429,-2.7960296379141623,-1.6079632465543645,-1.3429779220956837
2024-10-21T13:03:36.195963623Z,AAPL,0.0,2.1316280309086064,1.0719561088837308,0.7534375588623093,2.3944926668662077,0.009229349330872175,1.3240648791790797,2.437538086532602,0.616468516072215,1.0019880715705765,1.1564432169239167
2024-10-21T13:03:40.012377997Z,AAPL,0.0,1.3096158803815416,0.8596604341285192,2.8159098908834914,0.005990714392691328,1.040582726326743,5.787037037037036,0.5054151624548736,0.3918519670346758,0.9937888198757764,1.453661507181352
2024-10-21T13:03:40.012390526Z,AAPL,0.0,-1.96174595389897,-1.1057901610796692,-0.6950477845351868,-2.262763399802008,-0.01228878648233487,-1.1458034947006588,-2.2701475595913734,-0.6895419471351174,-1.087144089732528,-1.11360225749794
2024-10-21T13:03:41.173109512Z,AAPL,0.0,-1.8281535648994514,0.0,0.0,0.0,0.0,0.0,0.0,0.0,0.0,-0.1626653802534116
2024-10-21T13:03:45.203430807Z,AAPL,0.0,0.0,0.0,-0.7258198768103878,-0.056417489421720736,-0.6683995544002971,-1.1812080536912752,-0.4287245444801715,-0.3906943704492985,-0.01876172607879925,-0.3724312735250516
2024-10-21T13:03:45.203443133Z,AAPL,0.0,0.0,0.0,1.3317795904777758,0.614950634696756,0.14853323431117713,0.48322147651006714,0.4715969989281886,0.7103534008169063,1.0318949343339587,0.5340670488878652
2024-10-21T13:03:45.257822337Z,AAPL,0.0,-1.5772870662460567,0.0,0.0,0.0,0.0,0.0,0.0,0.0,0.0,-0.14034379021863747
2024-10-21T13:03:48.395621585Z,AAPL,0.0,0.9772989611388997,1.0055304172951232,2.5220680958385877,0.005412719891745603,2.041858090862685,4.697040864255519,0.43099025141097996,0.5202312138728324,1.1434016198189614,1.4688581015998787
2024-10-21T13:03:48.395634304Z,AAPL,0.0,-1.4823049842505094,-1.3711201079622133,-0.6242197253433209,-2.0541789703427913,-0.02622950819672131,-0.9319664492078286,-1.9694731659281142,-0.9345794392523364,-1.1937470393178589,-1.060544633721553
2024-10-21T13:03:48.450060300Z,AAPL,0.0,0.0,0.0,1.2360939431396785,0.0,0.0,0.0,0.0,0.0,0.0,0.12877591947401829
2024-10-21T13:03:48.567162849Z,AAPL,0.0,0.0,0.0,0.0,0.0,0.0,0.0,0.0,0.0,0.0,0.0
2024-10-21T13:03:48.567162849Z,AAPL,1.7457305502846299,0.0,0.0,0.0,0.0,0.0,0.0,0.0,0.0,0.0,0.07322792295041748
2024-10-21T13:03:53.449986144Z,AAPL,0.0,0.0,2.615233736515201,-0.6861819326408561,-0.045532157085941945,-1.9522776572668112,-1.1591148577449946,-0.36429872495446264,-0.5144995322731525,-0.017905102954341987,-0.3116577672717694
2024-10-21T13:03:58.123721435Z,AAPL,0.041580041580041575,0.006933610677760444,1.272264631043257,1.3312693498452013,0.4907699234579019,0.4509582863585118,0.48244438488340924,0.40036396724294815,0.9257116408238834,0.9615384615384615,0.6868753943629428
2024-10-21T13:03:59.183603746Z,AAPL,0.0,0.0,0.0,0.0,0.0,0.0,0.0,0.0,0.0,0.0,0.0
2024-10-21T13:03:59.183603746Z,AAPL,7.532956685499058,0.9588523971309929,1.216915120170368,2.3564064801178204,0.004714201532115498,4.056795131845842,4.841442749939482,0.3964134025483719,0.5889226454779154,1.0503282275711159,2.0737439159597217
2024-10-21T13:03:59.183669679Z,AAPL,4.475770925110132,0.7844675426554226,4.3895747599451305,0.005964807634953773,0.48869883934025654,13.468013468013469,1.0154738878143132,0.24808033077377437,0.5668398677373643,0.5328596802841918,2.8761673258945524
2024-10-21T13:03:59.183876209Z,AAPL,0.0,0.8001600320064013,0.010245901639344263,0.6147226064238512,1.076210737079214,2.0931349015842535,0.0974184120798831,0.1864125932062966,1.047868540128602,1.7667844522968197,0.9280424498743942
2024-10-21T13:03:59.184222352Z,AAPL,0.0,-0.008333333333333333,-0.9385265133740028,-1.3389381908765376,-0.5668963723833051,-0.15491866769945778,-0.43784967161274624,-0.47727519253715156,-0.9629272989889264,-0.9861048857014791,-0.6301693158987729
2024-10-21T13:03:59.248163697Z,AAPL,-5.606166783461808,-1.0552555047777317,-0.9418412997409936,-2.384145432871405,-0.005268703898840885,-1.7528483786152498,-4.3383947939262475,-0.45533391153512576,-0.6779661016949152,-1.0978956999085088,-1.6234396803133606
2024-10-21T13:03:59.856550937Z,AAPL,3.3866666666666667,0.866738894907909,3.474484256243214,0.006035913686434284,0.5485463521667581,7.19165767709457,0.9100758396533044,0.28678729941959713,0.6535947712418301,0.557361820715281,1.8727945950096916
2024-10-21T13:03:59.856562661Z,AAPL,-4.860267314702309,-1.12488928255093,-0.8528784648187633,-2.408912978018669,-0.005485463521667581,-1.438331535418914,-4.333694474539545,-0.4779788323659952,-0.6862745098039216,-1.114723641430562,-1.5532708994869133
2024-10-21T13:03:59.914652027Z,AAPL,0.0,0.0,0.0,1.152405646787669,0.08824827180467716,1.463578382007385,0.08032128514056225,0.21616428485649092,1.2087912087912087,1.8223234624145785,0.7623348018089812
2024-10-21T13:04:00.251822386Z,AAPL,-3.7418147801683816,0.0,0.0,0.0,0.0,0.0,0.0,0.0,0.0,0.0,-0.15695739779098716
2024-10-21T13:04:02.656590751Z,AAPL,-0.38022813688212925,-3.744441844137608,-1.0386424044162748,-0.5454793399699986,-2.5352559023926475,-0.01234186979327368,-0.7626310772163966,-2.560163850486431,-1.1466011466011465,-1.0787671232876712,-1.3197861390835097
2024-10-21T13:04:03.284191279Z,AAPL,0.0,1.9166267369429804,0.0,0.0,0.0,0.0,0.0,0.0,0.0,0.0,0.17053754288187092
2024-10-21T13:04:03.284204503Z,AAPL,0.0,-1.9631901840490797,0.0,0.0,0.0,0.0,0.0,0.0,0.0,0.0,-0.17468066355556547
2024-10-21T13:04:07.992810696Z,AAPL,0.0,-1.975796492961225,0.0,0.0,0.0,0.0,0.0,0.0,0.0,0.0,-0.17580234724349944
2024-10-21T13:04:12.059103619Z,AAPL,0.0,1.3102914624709827,0.7646721468170522,2.1819173598799946,0.006739679865206402,1.0998075336816058,3.9177277179236043,0.5561440677966102,0.6805293005671077,0.9538950715421304,1.2264730328374656
2024-10-21T13:04:12.059115861Z,AAPL,0.0,-2.117522498676548,-0.9556057185854026,-0.5454793399699986,-2.739256976545112,-0.010706638115631691,-0.7889546351084813,-2.6712969146520633,-1.1311607864260704,-0.9839906286606793,-1.1656988860096584
2024-10-21T13:04:12.262890838Z,AAPL,0.0,-2.0623872131992784,0.0,0.0,0.0,0.0,0.0,0.0,0.0,0.0,-0.18350701314486448
2024-10-21T13:04:13.166105605Z,AAPL,0.0,2.1164021164021163,0.0,0.0,0.0,0.0,0.0,0.0,0.0,0.0,0.18831314920342043
2024-10-21T13:04:13.166117304Z,AAPL,0.0,-2.1733224667209994,0.0,0.0,0.0,0.0,0.0,0.0,0.0,0.0,-0.19337780602796228
2024-10-21T13:04:16.470997970Z,AAPL,0.0,0.0,0.0,0.0,0.0,0.0,0.0,0.0,0.0,0.0,0.0
2024-10-21T13:04:16.470997970Z,AAPL,-0.02053388090349076,-1.0582010582010581,-1.4622555291537196,-0.08322929671244278,-0.783608914450036,-0.0976324139614352,-0.3699897225077081,-0.6079867348348763,-1.05318588730911,-0.7871198568872988,-0.634776416654225
2024-10-21T13:04:16.471023709Z,AAPL,-0.29528676888131744,-0.21208907741251326,-1.4106859460412624,-0.7541567695961995,-0.7063393960798164,-3.6388446668182852,-0.009161704076958314,-0.5530973451327433,-4.7225501770956315,-1.4788732394366197,-1.5311008769612393
2024-10-21T13:04:16.471051572Z,AAPL,0.0,-0.11634056054997356,-0.1483954739380449,-1.1878247958426131,-0.8927943760984183,-1.0007505629221918,-3.432739755417292,-0.005578800557880056,-0.935672514619883,-6.042296072507553,-1.7505170124702896
2024-10-21T13:04:16.471267721Z,AAPL,-0.05256241787122208,-0.14073071718538566,-0.08459911555470101,-0.1199580146948568,-1.4074595355383532,-1.4411347517730497,-0.8526966531656363,-2.113048071843634,-0.009510223490252021,-1.199400299850075,-0.8416862962301136
2024-10-21T13:04:16.471272606Z,AAPL,0.0,-0.05387931034482759,0.0,0.0,0.0,0.0,0.0,0.0,0.0,0.0,-0.004794071282253026
2024-10-21T13:04:16.471323530Z,AAPL,0.0,0.0,-0.1266357112705783,-0.7264245251582805,-0.06798096532970768,-0.5600497822028625,-1.011261778901402,-0.48816206980717597,-0.5445544554455446,-0.011795930404010616,-0.37141027866767246
2024-10-21T13:04:16.475362515Z,AAPL,0.6605504587155964,0.11853448275862069,0.1872220922068804,1.3125512715340444,0.8740536820371644,1.4040014040014042,3.3963065166631288,0.004924895345973897,0.9913258983890955,5.2534804307853955,1.7267934250019508
2024-10-21T13:04:16.475379658Z,AAPL,0.221483942414175,0.0,0.0,0.0,0.0,0.0,0.0,0.0,0.0,0.0,0.009290556934582795
2024-10-21T13:04:16.475381986Z,AAPL,0.6162464985994397,0.21697857336588014,1.9403347077370845,0.936405529953917,0.6741951795044666,5.128205128205129,0.009352349777881692,0.49640109208240263,4.536176003628941,1.0147378593863252,1.7254540968794587
2024-10-21T13:04:16.573763335Z,AAPL,2.3952095808383236,2.0730759264058047,1.2496924969249692,0.7945967421533572,2.528844634107792,0.013527223537368956,1.0057832537088258,2.350728725905031,0.9554140127388534,0.6232995300519416,1.2148505318971923
2024-10-21T13:04:16.583527688Z,AAPL,0.0,0.0,1.9207683073229291,0.12373685295937308,0.6790219591963869,0.13995801259622112,0.448654037886341,0.5132392394727634,0.9119927040583675,0.5502751375687843,0.5314876642851842
2024-10-21T13:04:17.976461017Z,AAPL,0.0,-1.9719004190288392,0.0,0.0,0.0,0.0,0.0,0.0,0.0,0.0,-0.17545568252130375
2024-10-21T13:04:20.085638629Z,AAPL,0.0,0.0,-0.14354066985645933,-0.9534222610977476,-0.06144393241167435,-0.6679035250463822,-1.0610079575596818,-0.4601403428045554,-0.5091414024531358,-0.010378827192527244,-0.4101621406920368
2024-10-21T13:04:20.085651109Z,AAPL,0.0,0.0,0.0,1.7493986442160507,0.660205935796487,0.15408320493066255,0.430416068866571,0.5023978077186573,0.9278589654372534,0.5775794171698609,0.5274892799864027
2024-10-21T13:04:20.130842270Z,AAPL,-1.707317073170732,-0.17215407789972026,-3.7122969837587005,-1.1813953488372093,-0.5884949242312785,-5.72041473006793,-0.010758472296933835,-0.4536176003628941,-4.221190375685944,-1.1026516145970071,-2.0140159032411553
